id,name,signup_date,amount,active,user_uuid,score
0,user_0,2020-01-01,3745.4,True,00000000-0000-0000-0000-000000000000,27
1,user_1,2020-01-01,9507.14,False,00000000-0000-0000-0000-000000000001,21
2,user_2,2020-01-01,7319.94,False,00000000-0000-0000-0000-000000000002,15
3,user_3,2020-01-01,5986.58,False,00000000-0000-0000-0000-000000000003,12
4,user_4,2020-01-01,1560.19,True,00000000-0000-0000-0000-000000000004,99
5,user_5,2020-01-01,1559.95,False,00000000-0000-0000-0000-000000000005,99
6,user_6,2020-01-01,580.84,False,00000000-0000-0000-0000-000000000006,61
7,user_7,2020-01-01,8661.76,True,00000000-0000-0000-0000-000000000007,42
8,user_8,2020-01-01,6011.15,True,00000000-0000-0000-0000-000000000008,86
9,user_9,2020-01-01,7080.73,True,00000000-0000-0000-0000-000000000009,77
10,user_10,2020-01-01,205.84,True,00000000-0000-0000-0000-00000000000a,31
11,user_11,2020-01-01,9699.1,False,00000000-0000-0000-0000-00000000000b,66
12,user_12,2020-01-01,8324.43,True,00000000-0000-0000-0000-00000000000c,90
13,user_13,2020-01-01,2123.39,False,00000000-0000-0000-0000-00000000000d,82
14,user_14,2020-01-01,1818.25,True,00000000-0000-0000-0000-00000000000e,85
15,user_15,2020-01-01,1834.05,True,00000000-0000-0000-0000-00000000000f,56
16,user_16,2020-01-01,3042.42,False,00000000-0000-0000-0000-000000000010,64
17,user_17,2020-01-01,5247.56,False,00000000-0000-0000-0000-000000000011,68
18,user_18,2020-01-01,4319.45,False,00000000-0000-0000-0000-000000000012,48
19,user_19,2020-01-01,2912.29,True,00000000-0000-0000-0000-000000000013,32
20,user_20,2020-01-01,6118.53,True,00000000-0000-0000-0000-000000000014,18
21,user_21,2020-01-01,1394.94,False,00000000-0000-0000-0000-000000000015,35
22,user_22,2020-01-01,2921.45,False,00000000-0000-0000-0000-000000000016,69
23,user_23,2020-01-01,3663.62,True,00000000-0000-0000-0000-000000000017,14
24,user_24,2020-01-02,4560.7,False,00000000-0000-0000-0000-000000000018,99
25,user_25,2020-01-02,7851.76,False,00000000-0000-0000-0000-000000000019,96
26,user_26,2020-01-02,1996.74,True,00000000-0000-0000-0000-00000000001a,23
27,user_27,2020-01-02,5142.34,False,00000000-0000-0000-0000-00000000001b,26
28,user_28,2020-01-02,5924.15,True,00000000-0000-0000-0000-00000000001c,48
29,user_29,2020-01-02,464.5,True,00000000-0000-0000-0000-00000000001d,74
30,user_30,2020-01-02,6075.45,True,00000000-0000-0000-0000-00000000001e,22
31,user_31,2020-01-02,1705.24,False,00000000-0000-0000-0000-00000000001f,32
32,user_32,2020-01-02,650.52,False,00000000-0000-0000-0000-000000000020,40
33,user_33,2020-01-02,9488.86,False,00000000-0000-0000-0000-000000000021,55
34,user_34,2020-01-02,9656.32,False,00000000-0000-0000-0000-000000000022,28
35,user_35,2020-01-02,8083.97,True,00000000-0000-0000-0000-000000000023,30
36,user_36,2020-01-02,3046.14,True,00000000-0000-0000-0000-000000000024,64
37,user_37,2020-01-02,976.72,False,00000000-0000-0000-0000-000000000025,97
38,user_38,2020-01-02,6842.33,False,00000000-0000-0000-0000-000000000026,17
39,user_39,2020-01-02,4401.52,False,00000000-0000-0000-0000-000000000027,81
40,user_40,2020-01-02,1220.38,False,00000000-0000-0000-0000-000000000028,5
41,user_41,2020-01-02,4951.77,True,00000000-0000-0000-0000-000000000029,51
42,user_42,2020-01-02,343.89,False,00000000-0000-0000-0000-00000000002a,39
43,user_43,2020-01-02,9093.2,True,00000000-0000-0000-0000-00000000002b,64
44,user_44,2020-01-02,2587.8,False,00000000-0000-0000-0000-00000000002c,41
45,user_45,2020-01-02,6625.22,False,00000000-0000-0000-0000-00000000002d,93
46,user_46,2020-01-02,3117.11,False,00000000-0000-0000-0000-00000000002e,67
47,user_47,2020-01-02,5200.68,True,00000000-0000-0000-0000-00000000002f,31
48,user_48,2020-01-03,5467.1,False,00000000-0000-0000-0000-000000000030,9
49,user_49,2020-01-03,1848.54,True,00000000-0000-0000-0000-000000000031,68
50,user_50,2020-01-03,9695.85,True,00000000-0000-0000-0000-000000000032,8
51,user_51,2020-01-03,7751.33,False,00000000-0000-0000-0000-000000000033,68
52,user_52,2020-01-03,9394.99,True,00000000-0000-0000-0000-000000000034,60
53,user_53,2020-01-03,8948.27,True,00000000-0000-0000-0000-000000000035,10
54,user_54,2020-01-03,5979.0,True,00000000-0000-0000-0000-000000000036,98
55,user_55,2020-01-03,9218.74,False,00000000-0000-0000-0000-000000000037,90
56,user_56,2020-01-03,884.93,True,00000000-0000-0000-0000-000000000038,67
57,user_57,2020-01-03,1959.83,True,00000000-0000-0000-0000-000000000039,73
58,user_58,2020-01-03,452.27,False,00000000-0000-0000-0000-00000000003a,96
59,user_59,2020-01-03,3253.3,False,00000000-0000-0000-0000-00000000003b,7
60,user_60,2020-01-03,3886.77,True,00000000-0000-0000-0000-00000000003c,48
61,user_61,2020-01-03,2713.49,True,00000000-0000-0000-0000-00000000003d,23
62,user_62,2020-01-03,8287.38,True,00000000-0000-0000-0000-00000000003e,32
63,user_63,2020-01-03,3567.53,True,00000000-0000-0000-0000-00000000003f,18
64,user_64,2020-01-03,2809.35,False,00000000-0000-0000-0000-000000000040,1
65,user_65,2020-01-03,5426.96,False,00000000-0000-0000-0000-000000000041,54
66,user_66,2020-01-03,1409.24,True,00000000-0000-0000-0000-000000000042,10
67,user_67,2020-01-03,8021.97,False,00000000-0000-0000-0000-000000000043,98
68,user_68,2020-01-03,745.51,True,00000000-0000-0000-0000-000000000044,16
69,user_69,2020-01-03,9868.87,False,00000000-0000-0000-0000-000000000045,41
70,user_70,2020-01-03,7722.45,False,00000000-0000-0000-0000-000000000046,60
71,user_71,2020-01-03,1987.16,True,00000000-0000-0000-0000-000000000047,2
72,user_72,2020-01-04,55.22,True,00000000-0000-0000-0000-000000000048,85
73,user_73,2020-01-04,8154.61,True,00000000-0000-0000-0000-000000000049,34
74,user_74,2020-01-04,7068.57,True,00000000-0000-0000-0000-00000000004a,84
75,user_75,2020-01-04,7290.07,False,00000000-0000-0000-0000-00000000004b,88
76,user_76,2020-01-04,7712.7,False,00000000-0000-0000-0000-00000000004c,65
77,user_77,2020-01-04,740.45,True,00000000-0000-0000-0000-00000000004d,0
78,user_78,2020-01-04,3584.66,False,00000000-0000-0000-0000-00000000004e,6
79,user_79,2020-01-04,1158.69,False,00000000-0000-0000-0000-00000000004f,19
80,user_80,2020-01-04,8631.03,True,00000000-0000-0000-0000-000000000050,42
81,user_81,2020-01-04,6232.98,True,00000000-0000-0000-0000-000000000051,5
82,user_82,2020-01-04,3308.98,False,00000000-0000-0000-0000-000000000052,54
83,user_83,2020-01-04,635.58,True,00000000-0000-0000-0000-000000000053,99
84,user_84,2020-01-04,3109.82,True,00000000-0000-0000-0000-000000000054,20
85,user_85,2020-01-04,3251.83,False,00000000-0000-0000-0000-000000000055,50
86,user_86,2020-01-04,7296.06,False,00000000-0000-0000-0000-000000000056,45
87,user_87,2020-01-04,6375.57,True,00000000-0000-0000-0000-000000000057,34
88,user_88,2020-01-04,8872.13,False,00000000-0000-0000-0000-000000000058,99
89,user_89,2020-01-04,4722.15,True,00000000-0000-0000-0000-000000000059,7
90,user_90,2020-01-04,1195.94,True,00000000-0000-0000-0000-00000000005a,67
91,user_91,2020-01-04,7132.45,False,00000000-0000-0000-0000-00000000005b,15
92,user_92,2020-01-04,7607.85,False,00000000-0000-0000-0000-00000000005c,66
93,user_93,2020-01-04,5612.77,True,00000000-0000-0000-0000-00000000005d,70
94,user_94,2020-01-04,7709.67,True,00000000-0000-0000-0000-00000000005e,63
95,user_95,2020-01-04,4937.96,True,00000000-0000-0000-0000-00000000005f,1
96,user_96,2020-01-05,5227.33,False,00000000-0000-0000-0000-000000000060,0
97,user_97,2020-01-05,4275.41,True,00000000-0000-0000-0000-000000000061,57
98,user_98,2020-01-05,254.19,False,00000000-0000-0000-0000-000000000062,0
99,user_99,2020-01-05,1078.91,True,00000000-0000-0000-0000-000000000063,6
100,user_100,2020-01-05,314.29,False,00000000-0000-0000-0000-000000000064,87
101,user_101,2020-01-05,6364.1,True,00000000-0000-0000-0000-000000000065,68
102,user_102,2020-01-05,3143.56,False,00000000-0000-0000-0000-000000000066,84
103,user_103,2020-01-05,5085.71,True,00000000-0000-0000-0000-000000000067,91
104,user_104,2020-01-05,9075.66,True,00000000-0000-0000-0000-000000000068,17
105,user_105,2020-01-05,2492.92,True,00000000-0000-0000-0000-000000000069,87
106,user_106,2020-01-05,4103.83,True,00000000-0000-0000-0000-00000000006a,31
107,user_107,2020-01-05,7555.51,False,00000000-0000-0000-0000-00000000006b,44
108,user_108,2020-01-05,2287.98,False,00000000-0000-0000-0000-00000000006c,32
109,user_109,2020-01-05,769.8,False,00000000-0000-0000-0000-00000000006d,73
110,user_110,2020-01-05,2897.51,False,00000000-0000-0000-0000-00000000006e,72
111,user_111,2020-01-05,1612.21,False,00000000-0000-0000-0000-00000000006f,48
112,user_112,2020-01-05,9296.98,True,00000000-0000-0000-0000-000000000070,32
113,user_113,2020-01-05,8081.2,False,00000000-0000-0000-0000-000000000071,96
114,user_114,2020-01-05,6334.04,False,00000000-0000-0000-0000-000000000072,70
115,user_115,2020-01-05,8714.61,False,00000000-0000-0000-0000-000000000073,67
116,user_116,2020-01-05,8036.72,False,00000000-0000-0000-0000-000000000074,27
117,user_117,2020-01-05,1865.7,True,00000000-0000-0000-0000-000000000075,86
118,user_118,2020-01-05,8925.59,True,00000000-0000-0000-0000-000000000076,52
119,user_119,2020-01-05,5393.42,True,00000000-0000-0000-0000-000000000077,95
120,user_120,2020-01-06,8074.4,True,00000000-0000-0000-0000-000000000078,43
121,user_121,2020-01-06,8960.91,False,00000000-0000-0000-0000-000000000079,79
122,user_122,2020-01-06,3180.03,False,00000000-0000-0000-0000-00000000007a,54
123,user_123,2020-01-06,1100.52,True,00000000-0000-0000-0000-00000000007b,9
124,user_124,2020-01-06,2279.35,True,00000000-0000-0000-0000-00000000007c,13
125,user_125,2020-01-06,4271.08,False,00000000-0000-0000-0000-00000000007d,35
126,user_126,2020-01-06,8180.15,False,00000000-0000-0000-0000-00000000007e,33
127,user_127,2020-01-06,8607.31,True,00000000-0000-0000-0000-00000000007f,87
128,user_128,2020-01-06,69.52,True,00000000-0000-0000-0000-000000000080,17
129,user_129,2020-01-06,5107.47,True,00000000-0000-0000-0000-000000000081,15
130,user_130,2020-01-06,4174.11,True,00000000-0000-0000-0000-000000000082,36
131,user_131,2020-01-06,2221.08,False,00000000-0000-0000-0000-000000000083,40
132,user_132,2020-01-06,1198.65,False,00000000-0000-0000-0000-000000000084,24
133,user_133,2020-01-06,3376.15,False,00000000-0000-0000-0000-000000000085,7
134,user_134,2020-01-06,9429.1,True,00000000-0000-0000-0000-000000000086,87
135,user_135,2020-01-06,3232.03,False,00000000-0000-0000-0000-000000000087,83
136,user_136,2020-01-06,5187.91,False,00000000-0000-0000-0000-000000000088,93
137,user_137,2020-01-06,7030.19,True,00000000-0000-0000-0000-000000000089,83
138,user_138,2020-01-06,3636.3,True,00000000-0000-0000-0000-00000000008a,17
139,user_139,2020-01-06,9717.82,True,00000000-0000-0000-0000-00000000008b,67
140,user_140,2020-01-06,9624.47,True,00000000-0000-0000-0000-00000000008c,47
141,user_141,2020-01-06,2517.82,True,00000000-0000-0000-0000-00000000008d,99
142,user_142,2020-01-06,4972.49,True,00000000-0000-0000-0000-00000000008e,69
143,user_143,2020-01-06,3008.78,False,00000000-0000-0000-0000-00000000008f,66
144,user_144,2020-01-07,2848.4,False,00000000-0000-0000-0000-000000000090,17
145,user_145,2020-01-07,368.87,False,00000000-0000-0000-0000-000000000091,17
146,user_146,2020-01-07,6095.64,False,00000000-0000-0000-0000-000000000092,55
147,user_147,2020-01-07,5026.79,False,00000000-0000-0000-0000-000000000093,22
148,user_148,2020-01-07,514.79,False,00000000-0000-0000-0000-000000000094,34
149,user_149,2020-01-07,2786.46,True,00000000-0000-0000-0000-000000000095,5
150,user_150,2020-01-07,9082.66,True,00000000-0000-0000-0000-000000000096,25
151,user_151,2020-01-07,2395.62,True,00000000-0000-0000-0000-000000000097,84
152,user_152,2020-01-07,1448.95,False,00000000-0000-0000-0000-000000000098,60
153,user_153,2020-01-07,4894.53,False,00000000-0000-0000-0000-000000000099,87
154,user_154,2020-01-07,9856.5,True,00000000-0000-0000-0000-00000000009a,14
155,user_155,2020-01-07,2420.55,True,00000000-0000-0000-0000-00000000009b,90
156,user_156,2020-01-07,6721.36,True,00000000-0000-0000-0000-00000000009c,31
157,user_157,2020-01-07,7616.2,True,00000000-0000-0000-0000-00000000009d,11
158,user_158,2020-01-07,2376.38,True,00000000-0000-0000-0000-00000000009e,4
159,user_159,2020-01-07,7282.16,False,00000000-0000-0000-0000-00000000009f,63
160,user_160,2020-01-07,3677.83,False,00000000-0000-0000-0000-0000000000a0,70
161,user_161,2020-01-07,6323.06,False,00000000-0000-0000-0000-0000000000a1,85
162,user_162,2020-01-07,6335.3,True,00000000-0000-0000-0000-0000000000a2,26
163,user_163,2020-01-07,5357.75,False,00000000-0000-0000-0000-0000000000a3,78
164,user_164,2020-01-07,902.9,True,00000000-0000-0000-0000-0000000000a4,44
165,user_165,2020-01-07,8353.02,False,00000000-0000-0000-0000-0000000000a5,34
166,user_166,2020-01-07,3207.8,True,00000000-0000-0000-0000-0000000000a6,25
167,user_167,2020-01-07,1865.19,True,00000000-0000-0000-0000-0000000000a7,22
168,user_168,2020-01-08,407.75,False,00000000-0000-0000-0000-0000000000a8,12
169,user_169,2020-01-08,5908.93,False,00000000-0000-0000-0000-0000000000a9,89
170,user_170,2020-01-08,6775.64,False,00000000-0000-0000-0000-0000000000aa,2
171,user_171,2020-01-08,165.88,False,00000000-0000-0000-0000-0000000000ab,28
172,user_172,2020-01-08,5120.93,False,00000000-0000-0000-0000-0000000000ac,65
173,user_173,2020-01-08,2264.96,True,00000000-0000-0000-0000-0000000000ad,63
174,user_174,2020-01-08,6451.73,False,00000000-0000-0000-0000-0000000000ae,27
175,user_175,2020-01-08,1743.66,False,00000000-0000-0000-0000-0000000000af,86
176,user_176,2020-01-08,6909.38,True,00000000-0000-0000-0000-0000000000b0,35
177,user_177,2020-01-08,3867.35,False,00000000-0000-0000-0000-0000000000b1,5
178,user_178,2020-01-08,9367.3,True,00000000-0000-0000-0000-0000000000b2,10
179,user_179,2020-01-08,1375.21,False,00000000-0000-0000-0000-0000000000b3,37
180,user_180,2020-01-08,3410.66,False,00000000-0000-0000-0000-0000000000b4,33
181,user_181,2020-01-08,1134.74,True,00000000-0000-0000-0000-0000000000b5,80
182,user_182,2020-01-08,9246.94,False,00000000-0000-0000-0000-0000000000b6,66
183,user_183,2020-01-08,8773.39,False,00000000-0000-0000-0000-0000000000b7,45
184,user_184,2020-01-08,2579.42,False,00000000-0000-0000-0000-0000000000b8,97
185,user_185,2020-01-08,6599.84,False,00000000-0000-0000-0000-0000000000b9,85
186,user_186,2020-01-08,8172.22,True,00000000-0000-0000-0000-0000000000ba,28
187,user_187,2020-01-08,5552.01,True,00000000-0000-0000-0000-0000000000bb,59
188,user_188,2020-01-08,5296.51,False,00000000-0000-0000-0000-0000000000bc,53
189,user_189,2020-01-08,2418.52,False,00000000-0000-0000-0000-0000000000bd,92
190,user_190,2020-01-08,931.03,True,00000000-0000-0000-0000-0000000000be,68
191,user_191,2020-01-08,8972.16,True,00000000-0000-0000-0000-0000000000bf,73
192,user_192,2020-01-09,9004.18,False,00000000-0000-0000-0000-0000000000c0,73
193,user_193,2020-01-09,6331.01,True,00000000-0000-0000-0000-0000000000c1,8
194,user_194,2020-01-09,3390.3,True,00000000-0000-0000-0000-0000000000c2,84
195,user_195,2020-01-09,3492.1,True,00000000-0000-0000-0000-0000000000c3,76
196,user_196,2020-01-09,7259.56,True,00000000-0000-0000-0000-0000000000c4,9
197,user_197,2020-01-09,8971.1,False,00000000-0000-0000-0000-0000000000c5,74
198,user_198,2020-01-09,8870.86,True,00000000-0000-0000-0000-0000000000c6,67
199,user_199,2020-01-09,7798.76,False,00000000-0000-0000-0000-0000000000c7,57
200,user_200,2020-01-09,6420.32,False,00000000-0000-0000-0000-0000000000c8,94
201,user_201,2020-01-09,841.4,True,00000000-0000-0000-0000-0000000000c9,51
202,user_202,2020-01-09,1616.29,False,00000000-0000-0000-0000-0000000000ca,33
203,user_203,2020-01-09,8985.54,False,00000000-0000-0000-0000-0000000000cb,34
204,user_204,2020-01-09,6064.29,True,00000000-0000-0000-0000-0000000000cc,32
205,user_205,2020-01-09,91.97,True,00000000-0000-0000-0000-0000000000cd,71
206,user_206,2020-01-09,1014.72,True,00000000-0000-0000-0000-0000000000ce,31
207,user_207,2020-01-09,6635.02,False,00000000-0000-0000-0000-0000000000cf,54
208,user_208,2020-01-09,50.62,False,00000000-0000-0000-0000-0000000000d0,96
209,user_209,2020-01-09,1608.08,False,00000000-0000-0000-0000-0000000000d1,7
210,user_210,2020-01-09,5487.34,False,00000000-0000-0000-0000-0000000000d2,45
211,user_211,2020-01-09,6918.95,True,00000000-0000-0000-0000-0000000000d3,13
212,user_212,2020-01-09,6519.61,False,00000000-0000-0000-0000-0000000000d4,97
213,user_213,2020-01-09,2242.69,True,00000000-0000-0000-0000-0000000000d5,7
214,user_214,2020-01-09,7121.79,True,00000000-0000-0000-0000-0000000000d6,70
215,user_215,2020-01-09,2372.49,True,00000000-0000-0000-0000-0000000000d7,76
216,user_216,2020-01-10,3254.0,True,00000000-0000-0000-0000-0000000000d8,53
217,user_217,2020-01-10,7464.91,False,00000000-0000-0000-0000-0000000000d9,20
218,user_218,2020-01-10,6496.33,True,00000000-0000-0000-0000-0000000000da,95
219,user_219,2020-01-10,8492.23,False,00000000-0000-0000-0000-0000000000db,74
220,user_220,2020-01-10,6576.13,True,00000000-0000-0000-0000-0000000000dc,13
221,user_221,2020-01-10,5683.09,True,00000000-0000-0000-0000-0000000000dd,74
222,user_222,2020-01-10,936.75,True,00000000-0000-0000-0000-0000000000de,1
223,user_223,2020-01-10,3677.16,False,00000000-0000-0000-0000-0000000000df,97
224,user_224,2020-01-10,2652.02,True,00000000-0000-0000-0000-0000000000e0,60
225,user_225,2020-01-10,2439.9,True,00000000-0000-0000-0000-0000000000e1,16
226,user_226,2020-01-10,9730.11,True,00000000-0000-0000-0000-0000000000e2,77
227,user_227,2020-01-10,3930.98,True,00000000-0000-0000-0000-0000000000e3,88
228,user_228,2020-01-10,8920.47,False,00000000-0000-0000-0000-0000000000e4,47
229,user_229,2020-01-10,6311.39,False,00000000-0000-0000-0000-0000000000e5,90
230,user_230,2020-01-10,7948.11,True,00000000-0000-0000-0000-0000000000e6,7
231,user_231,2020-01-10,5026.37,True,00000000-0000-0000-0000-0000000000e7,55
232,user_232,2020-01-10,5769.04,False,00000000-0000-0000-0000-0000000000e8,16
233,user_233,2020-01-10,4925.18,False,00000000-0000-0000-0000-0000000000e9,68
234,user_234,2020-01-10,1952.43,False,00000000-0000-0000-0000-0000000000ea,11
235,user_235,2020-01-10,7224.52,True,00000000-0000-0000-0000-0000000000eb,37
236,user_236,2020-01-10,2807.72,False,00000000-0000-0000-0000-0000000000ec,17
237,user_237,2020-01-10,243.16,True,00000000-0000-0000-0000-0000000000ed,25
238,user_238,2020-01-10,6454.72,False,00000000-0000-0000-0000-0000000000ee,94
239,user_239,2020-01-10,1771.11,False,00000000-0000-0000-0000-0000000000ef,36
240,user_240,2020-01-11,9404.59,True,00000000-0000-0000-0000-0000000000f0,69
241,user_241,2020-01-11,9539.29,False,00000000-0000-0000-0000-0000000000f1,40
242,user_242,2020-01-11,9148.64,True,00000000-0000-0000-0000-0000000000f2,78
243,user_243,2020-01-11,3701.59,False,00000000-0000-0000-0000-0000000000f3,41
244,user_244,2020-01-11,154.57,True,00000000-0000-0000-0000-0000000000f4,89
245,user_245,2020-01-11,9283.19,False,00000000-0000-0000-0000-0000000000f5,75
246,user_246,2020-01-11,4281.84,False,00000000-0000-0000-0000-0000000000f6,40
247,user_247,2020-01-11,9666.55,True,00000000-0000-0000-0000-0000000000f7,46
248,user_248,2020-01-11,9636.2,True,00000000-0000-0000-0000-0000000000f8,13
249,user_249,2020-01-11,8530.09,True,00000000-0000-0000-0000-0000000000f9,0
250,user_250,2020-01-11,2944.49,True,00000000-0000-0000-0000-0000000000fa,16
251,user_251,2020-01-11,3850.98,False,00000000-0000-0000-0000-0000000000fb,96
252,user_252,2020-01-11,8511.37,False,00000000-0000-0000-0000-0000000000fc,54
253,user_253,2020-01-11,3169.22,False,00000000-0000-0000-0000-0000000000fd,92
254,user_254,2020-01-11,1694.93,False,00000000-0000-0000-0000-0000000000fe,52
255,user_255,2020-01-11,5568.01,False,00000000-0000-0000-0000-0000000000ff,30
256,user_256,2020-01-11,9361.55,False,00000000-0000-0000-0000-000000000100,61
257,user_257,2020-01-11,6960.3,True,00000000-0000-0000-0000-000000000101,7
258,user_258,2020-01-11,5700.61,False,00000000-0000-0000-0000-000000000102,29
259,user_259,2020-01-11,971.76,False,00000000-0000-0000-0000-000000000103,76
260,user_260,2020-01-11,6150.07,True,00000000-0000-0000-0000-000000000104,79
261,user_261,2020-01-11,9900.54,False,00000000-0000-0000-0000-000000000105,65
262,user_262,2020-01-11,1400.84,False,00000000-0000-0000-0000-000000000106,44
263,user_263,2020-01-11,5183.3,False,00000000-0000-0000-0000-000000000107,17
264,user_264,2020-01-12,8773.73,True,00000000-0000-0000-0000-000000000108,98
265,user_265,2020-01-12,7407.69,True,00000000-0000-0000-0000-000000000109,44
266,user_266,2020-01-12,6970.16,False,00000000-0000-0000-0000-00000000010a,18
267,user_267,2020-01-12,7024.84,True,00000000-0000-0000-0000-00000000010b,76
268,user_268,2020-01-12,3594.91,False,00000000-0000-0000-0000-00000000010c,67
269,user_269,2020-01-12,2935.92,False,00000000-0000-0000-0000-00000000010d,82
270,user_270,2020-01-12,8093.61,False,00000000-0000-0000-0000-00000000010e,49
271,user_271,2020-01-12,8101.13,True,00000000-0000-0000-0000-00000000010f,24
272,user_272,2020-01-12,8670.72,False,00000000-0000-0000-0000-000000000110,37
273,user_273,2020-01-12,9132.41,False,00000000-0000-0000-0000-000000000111,94
274,user_274,2020-01-12,5113.42,False,00000000-0000-0000-0000-000000000112,35
275,user_275,2020-01-12,5015.16,False,00000000-0000-0000-0000-000000000113,67
276,user_276,2020-01-12,7982.95,False,00000000-0000-0000-0000-000000000114,55
277,user_277,2020-01-12,6499.64,True,00000000-0000-0000-0000-000000000115,38
278,user_278,2020-01-12,7019.67,False,00000000-0000-0000-0000-000000000116,62
279,user_279,2020-01-12,7957.93,True,00000000-0000-0000-0000-000000000117,6
280,user_280,2020-01-12,8900.05,False,00000000-0000-0000-0000-000000000118,57
281,user_281,2020-01-12,3379.95,True,00000000-0000-0000-0000-000000000119,79
282,user_282,2020-01-12,3755.83,False,00000000-0000-0000-0000-00000000011a,58
283,user_283,2020-01-12,939.82,False,00000000-0000-0000-0000-00000000011b,47
284,user_284,2020-01-12,5782.8,True,00000000-0000-0000-0000-00000000011c,4
285,user_285,2020-01-12,359.42,True,00000000-0000-0000-0000-00000000011d,86
286,user_286,2020-01-12,4655.98,False,00000000-0000-0000-0000-00000000011e,35
287,user_287,2020-01-12,5426.45,True,00000000-0000-0000-0000-00000000011f,95
288,user_288,2020-01-13,2865.41,True,00000000-0000-0000-0000-000000000120,87
289,user_289,2020-01-13,5908.33,False,00000000-0000-0000-0000-000000000121,24
290,user_290,2020-01-13,305.0,False,00000000-0000-0000-0000-000000000122,44
291,user_291,2020-01-13,373.48,False,00000000-0000-0000-0000-000000000123,91
292,user_292,2020-01-13,8226.01,False,00000000-0000-0000-0000-000000000124,18
293,user_293,2020-01-13,3601.91,False,00000000-0000-0000-0000-000000000125,6
294,user_294,2020-01-13,1270.61,True,00000000-0000-0000-0000-000000000126,57
295,user_295,2020-01-13,5222.43,False,00000000-0000-0000-0000-000000000127,80
296,user_296,2020-01-13,7699.94,True,00000000-0000-0000-0000-000000000128,65
297,user_297,2020-01-13,2158.21,False,00000000-0000-0000-0000-000000000129,79
298,user_298,2020-01-13,6228.9,False,00000000-0000-0000-0000-00000000012a,38
299,user_299,2020-01-13,853.47,True,00000000-0000-0000-0000-00000000012b,17
300,user_300,2020-01-13,516.82,False,00000000-0000-0000-0000-00000000012c,0
301,user_301,2020-01-13,5313.55,True,00000000-0000-0000-0000-00000000012d,62
302,user_302,2020-01-13,5406.35,True,00000000-0000-0000-0000-00000000012e,2
303,user_303,2020-01-13,6374.3,True,00000000-0000-0000-0000-00000000012f,20
304,user_304,2020-01-13,7260.91,False,00000000-0000-0000-0000-000000000130,29
305,user_305,2020-01-13,9758.52,False,00000000-0000-0000-0000-000000000131,10
306,user_306,2020-01-13,5163.0,False,00000000-0000-0000-0000-000000000132,21
307,user_307,2020-01-13,3229.56,False,00000000-0000-0000-0000-000000000133,56
308,user_308,2020-01-13,7951.86,False,00000000-0000-0000-0000-000000000134,88
309,user_309,2020-01-13,2708.32,False,00000000-0000-0000-0000-000000000135,2
310,user_310,2020-01-13,4389.71,True,00000000-0000-0000-0000-000000000136,29
311,user_311,2020-01-13,784.56,False,00000000-0000-0000-0000-000000000137,87
312,user_312,2020-01-14,253.51,False,00000000-0000-0000-0000-000000000138,44
313,user_313,2020-01-14,9626.48,False,00000000-0000-0000-0000-000000000139,35
314,user_314,2020-01-14,8359.8,False,00000000-0000-0000-0000-00000000013a,86
315,user_315,2020-01-14,6959.74,True,00000000-0000-0000-0000-00000000013b,71
316,user_316,2020-01-14,4089.53,True,00000000-0000-0000-0000-00000000013c,63
317,user_317,2020-01-14,1732.94,True,00000000-0000-0000-0000-00000000013d,53
318,user_318,2020-01-14,1564.37,True,00000000-0000-0000-0000-00000000013e,67
319,user_319,2020-01-14,2502.43,True,00000000-0000-0000-0000-00000000013f,49
320,user_320,2020-01-14,5492.27,False,00000000-0000-0000-0000-000000000140,30
321,user_321,2020-01-14,7145.96,True,00000000-0000-0000-0000-000000000141,28
322,user_322,2020-01-14,6601.97,True,00000000-0000-0000-0000-000000000142,58
323,user_323,2020-01-14,2799.34,False,00000000-0000-0000-0000-000000000143,35
324,user_324,2020-01-14,9548.65,False,00000000-0000-0000-0000-000000000144,76
325,user_325,2020-01-14,7378.97,True,00000000-0000-0000-0000-000000000145,72
326,user_326,2020-01-14,5543.54,False,00000000-0000-0000-0000-000000000146,84
327,user_327,2020-01-14,6117.21,False,00000000-0000-0000-0000-000000000147,66
328,user_328,2020-01-14,4196.0,True,00000000-0000-0000-0000-000000000148,88
329,user_329,2020-01-14,2477.31,False,00000000-0000-0000-0000-000000000149,88
330,user_330,2020-01-14,3559.73,True,00000000-0000-0000-0000-00000000014a,75
331,user_331,2020-01-14,7578.46,True,00000000-0000-0000-0000-00000000014b,92
332,user_332,2020-01-14,143.93,False,00000000-0000-0000-0000-00000000014c,10
333,user_333,2020-01-14,1160.73,True,00000000-0000-0000-0000-00000000014d,10
334,user_334,2020-01-14,460.03,True,00000000-0000-0000-0000-00000000014e,25
335,user_335,2020-01-14,407.29,False,00000000-0000-0000-0000-00000000014f,52
336,user_336,2020-01-15,8554.61,False,00000000-0000-0000-0000-000000000150,13
337,user_337,2020-01-15,7036.58,False,00000000-0000-0000-0000-000000000151,63
338,user_338,2020-01-15,4741.74,False,00000000-0000-0000-0000-000000000152,79
339,user_339,2020-01-15,978.34,True,00000000-0000-0000-0000-000000000153,9
340,user_340,2020-01-15,4916.16,False,00000000-0000-0000-0000-000000000154,30
341,user_341,2020-01-15,4734.72,False,00000000-0000-0000-0000-000000000155,94
342,user_342,2020-01-15,1732.02,True,00000000-0000-0000-0000-000000000156,35
343,user_343,2020-01-15,4338.52,True,00000000-0000-0000-0000-000000000157,9
344,user_344,2020-01-15,3985.05,True,00000000-0000-0000-0000-000000000158,25
345,user_345,2020-01-15,6158.5,True,00000000-0000-0000-0000-000000000159,19
346,user_346,2020-01-15,6350.94,False,00000000-0000-0000-0000-00000000015a,43
347,user_347,2020-01-15,453.04,False,00000000-0000-0000-0000-00000000015b,61
348,user_348,2020-01-15,3746.13,True,00000000-0000-0000-0000-00000000015c,72
349,user_349,2020-01-15,6258.6,True,00000000-0000-0000-0000-00000000015d,78
350,user_350,2020-01-15,5031.36,True,00000000-0000-0000-0000-00000000015e,8
351,user_351,2020-01-15,8564.9,True,00000000-0000-0000-0000-00000000015f,70
352,user_352,2020-01-15,6586.94,False,00000000-0000-0000-0000-000000000160,89
353,user_353,2020-01-15,1629.34,True,00000000-0000-0000-0000-000000000161,23
354,user_354,2020-01-15,705.69,False,00000000-0000-0000-0000-000000000162,11
355,user_355,2020-01-15,6424.19,True,00000000-0000-0000-0000-000000000163,59
356,user_356,2020-01-15,265.11,False,00000000-0000-0000-0000-000000000164,83
357,user_357,2020-01-15,5857.76,False,00000000-0000-0000-0000-000000000165,77
358,user_358,2020-01-15,9402.3,False,00000000-0000-0000-0000-000000000166,85
359,user_359,2020-01-15,5754.74,False,00000000-0000-0000-0000-000000000167,15
360,user_360,2020-01-16,3881.7,True,00000000-0000-0000-0000-000000000168,28
361,user_361,2020-01-16,6432.88,False,00000000-0000-0000-0000-000000000169,31
362,user_362,2020-01-16,4582.53,True,00000000-0000-0000-0000-00000000016a,82
363,user_363,2020-01-16,5456.17,False,00000000-0000-0000-0000-00000000016b,34
364,user_364,2020-01-16,9414.65,False,00000000-0000-0000-0000-00000000016c,42
365,user_365,2020-01-16,3861.03,True,00000000-0000-0000-0000-00000000016d,95
366,user_366,2020-01-16,9611.91,True,00000000-0000-0000-0000-00000000016e,52
367,user_367,2020-01-16,9053.51,False,00000000-0000-0000-0000-00000000016f,19
368,user_368,2020-01-16,1957.91,False,00000000-0000-0000-0000-000000000170,83
369,user_369,2020-01-16,693.61,True,00000000-0000-0000-0000-000000000171,7
370,user_370,2020-01-16,1007.78,False,00000000-0000-0000-0000-000000000172,98
371,user_371,2020-01-16,182.22,True,00000000-0000-0000-0000-000000000173,41
372,user_372,2020-01-16,944.43,True,00000000-0000-0000-0000-000000000174,76
373,user_373,2020-01-16,6830.07,True,00000000-0000-0000-0000-000000000175,69
374,user_374,2020-01-16,711.89,False,00000000-0000-0000-0000-000000000176,15
375,user_375,2020-01-16,3189.76,False,00000000-0000-0000-0000-000000000177,68
376,user_376,2020-01-16,8448.75,True,00000000-0000-0000-0000-000000000178,52
377,user_377,2020-01-16,232.72,True,00000000-0000-0000-0000-000000000179,44
378,user_378,2020-01-16,8144.68,True,00000000-0000-0000-0000-00000000017a,50
379,user_379,2020-01-16,2818.55,True,00000000-0000-0000-0000-00000000017b,97
380,user_380,2020-01-16,1181.65,False,00000000-0000-0000-0000-00000000017c,5
381,user_381,2020-01-16,6967.37,True,00000000-0000-0000-0000-00000000017d,32
382,user_382,2020-01-16,6289.43,False,00000000-0000-0000-0000-00000000017e,78
383,user_383,2020-01-16,8774.72,True,00000000-0000-0000-0000-00000000017f,14
384,user_384,2020-01-17,7350.71,False,00000000-0000-0000-0000-000000000180,13
385,user_385,2020-01-17,8034.81,False,00000000-0000-0000-0000-000000000181,38
386,user_386,2020-01-17,2820.35,False,00000000-0000-0000-0000-000000000182,62
387,user_387,2020-01-17,1774.4,False,00000000-0000-0000-0000-000000000183,4
388,user_388,2020-01-17,7506.15,False,00000000-0000-0000-0000-000000000184,89
389,user_389,2020-01-17,8068.35,True,00000000-0000-0000-0000-000000000185,80
390,user_390,2020-01-17,9905.05,True,00000000-0000-0000-0000-000000000186,51
391,user_391,2020-01-17,4126.18,False,00000000-0000-0000-0000-000000000187,15
392,user_392,2020-01-17,3720.18,True,00000000-0000-0000-0000-000000000188,98
393,user_393,2020-01-17,7764.13,True,00000000-0000-0000-0000-000000000189,37
394,user_394,2020-01-17,3408.04,True,00000000-0000-0000-0000-00000000018a,52
395,user_395,2020-01-17,9307.57,True,00000000-0000-0000-0000-00000000018b,86
396,user_396,2020-01-17,8584.13,True,00000000-0000-0000-0000-00000000018c,76
397,user_397,2020-01-17,4289.94,True,00000000-0000-0000-0000-00000000018d,96
398,user_398,2020-01-17,7508.71,True,00000000-0000-0000-0000-00000000018e,92
399,user_399,2020-01-17,7545.43,False,00000000-0000-0000-0000-00000000018f,52
400,user_400,2020-01-17,1031.24,True,00000000-0000-0000-0000-000000000190,45
401,user_401,2020-01-17,9025.53,True,00000000-0000-0000-0000-000000000191,97
402,user_402,2020-01-17,5052.52,True,00000000-0000-0000-0000-000000000192,97
403,user_403,2020-01-17,8264.57,False,00000000-0000-0000-0000-000000000193,90
404,user_404,2020-01-17,3200.5,False,00000000-0000-0000-0000-000000000194,14
405,user_405,2020-01-17,8955.23,True,00000000-0000-0000-0000-000000000195,58
406,user_406,2020-01-17,3892.02,False,00000000-0000-0000-0000-000000000196,49
407,user_407,2020-01-17,108.38,False,00000000-0000-0000-0000-000000000197,8
408,user_408,2020-01-18,9053.82,True,00000000-0000-0000-0000-000000000198,25
409,user_409,2020-01-18,912.87,False,00000000-0000-0000-0000-000000000199,2
410,user_410,2020-01-18,3193.14,True,00000000-0000-0000-0000-00000000019a,99
411,user_411,2020-01-18,9500.62,False,00000000-0000-0000-0000-00000000019b,46
412,user_412,2020-01-18,9506.07,True,00000000-0000-0000-0000-00000000019c,4
413,user_413,2020-01-18,5734.38,False,00000000-0000-0000-0000-00000000019d,61
414,user_414,2020-01-18,6318.37,True,00000000-0000-0000-0000-00000000019e,83
415,user_415,2020-01-18,4484.46,True,00000000-0000-0000-0000-00000000019f,83
416,user_416,2020-01-18,2932.11,False,00000000-0000-0000-0000-0000000001a0,4
417,user_417,2020-01-18,3286.65,True,00000000-0000-0000-0000-0000000001a1,9
418,user_418,2020-01-18,6725.18,True,00000000-0000-0000-0000-0000000001a2,79
419,user_419,2020-01-18,7523.75,False,00000000-0000-0000-0000-0000000001a3,62
420,user_420,2020-01-18,7915.79,True,00000000-0000-0000-0000-0000000001a4,24
421,user_421,2020-01-18,7896.18,True,00000000-0000-0000-0000-0000000001a5,43
422,user_422,2020-01-18,912.06,False,00000000-0000-0000-0000-0000000001a6,24
423,user_423,2020-01-18,4944.2,True,00000000-0000-0000-0000-0000000001a7,29
424,user_424,2020-01-18,575.59,False,00000000-0000-0000-0000-0000000001a8,13
425,user_425,2020-01-18,5495.29,True,00000000-0000-0000-0000-0000000001a9,85
426,user_426,2020-01-18,4415.31,False,00000000-0000-0000-0000-0000000001aa,42
427,user_427,2020-01-18,8877.04,False,00000000-0000-0000-0000-0000000001ab,27
428,user_428,2020-01-18,3509.15,True,00000000-0000-0000-0000-0000000001ac,93
429,user_429,2020-01-18,1170.67,False,00000000-0000-0000-0000-0000000001ad,18
430,user_430,2020-01-18,1429.92,True,00000000-0000-0000-0000-0000000001ae,41
431,user_431,2020-01-18,7615.11,True,00000000-0000-0000-0000-0000000001af,19
432,user_432,2020-01-19,6182.18,False,00000000-0000-0000-0000-0000000001b0,98
433,user_433,2020-01-19,1011.23,True,00000000-0000-0000-0000-0000000001b1,85
434,user_434,2020-01-19,841.07,True,00000000-0000-0000-0000-0000000001b2,78
435,user_435,2020-01-19,7009.69,False,00000000-0000-0000-0000-0000000001b3,10
436,user_436,2020-01-19,727.63,True,00000000-0000-0000-0000-0000000001b4,53
437,user_437,2020-01-19,8218.6,True,00000000-0000-0000-0000-0000000001b5,97
438,user_438,2020-01-19,7062.42,False,00000000-0000-0000-0000-0000000001b6,23
439,user_439,2020-01-19,813.49,True,00000000-0000-0000-0000-0000000001b7,69
440,user_440,2020-01-19,848.38,True,00000000-0000-0000-0000-0000000001b8,16
441,user_441,2020-01-19,9866.4,False,00000000-0000-0000-0000-0000000001b9,27
442,user_442,2020-01-19,3742.71,True,00000000-0000-0000-0000-0000000001ba,49
443,user_443,2020-01-19,3706.42,True,00000000-0000-0000-0000-0000000001bb,94
444,user_444,2020-01-19,8128.0,False,00000000-0000-0000-0000-0000000001bc,99
445,user_445,2020-01-19,9472.49,True,00000000-0000-0000-0000-0000000001bd,54
446,user_446,2020-01-19,9860.01,True,00000000-0000-0000-0000-0000000001be,72
447,user_447,2020-01-19,7533.78,False,00000000-0000-0000-0000-0000000001bf,9
448,user_448,2020-01-19,3762.6,False,00000000-0000-0000-0000-0000000001c0,20
449,user_449,2020-01-19,835.01,True,00000000-0000-0000-0000-0000000001c1,57
450,user_450,2020-01-19,7771.47,True,00000000-0000-0000-0000-0000000001c2,33
451,user_451,2020-01-19,5584.04,False,00000000-0000-0000-0000-0000000001c3,94
452,user_452,2020-01-19,4242.22,True,00000000-0000-0000-0000-0000000001c4,92
453,user_453,2020-01-19,9063.54,True,00000000-0000-0000-0000-0000000001c5,42
454,user_454,2020-01-19,1111.97,True,00000000-0000-0000-0000-0000000001c6,10
455,user_455,2020-01-19,4926.25,False,00000000-0000-0000-0000-0000000001c7,32
456,user_456,2020-01-20,113.54,True,00000000-0000-0000-0000-0000000001c8,57
457,user_457,2020-01-20,4686.61,True,00000000-0000-0000-0000-0000000001c9,45
458,user_458,2020-01-20,563.03,False,00000000-0000-0000-0000-0000000001ca,60
459,user_459,2020-01-20,1188.18,False,00000000-0000-0000-0000-0000000001cb,61
460,user_460,2020-01-20,1175.26,False,00000000-0000-0000-0000-0000000001cc,0
461,user_461,2020-01-20,6492.1,True,00000000-0000-0000-0000-0000000001cd,20
462,user_462,2020-01-20,7460.45,True,00000000-0000-0000-0000-0000000001ce,61
463,user_463,2020-01-20,5833.69,False,00000000-0000-0000-0000-0000000001cf,63
464,user_464,2020-01-20,9621.73,True,00000000-0000-0000-0000-0000000001d0,86
465,user_465,2020-01-20,3748.71,True,00000000-0000-0000-0000-0000000001d1,72
466,user_466,2020-01-20,2857.12,True,00000000-0000-0000-0000-0000000001d2,55
467,user_467,2020-01-20,8685.99,True,00000000-0000-0000-0000-0000000001d3,0
468,user_468,2020-01-20,2235.96,False,00000000-0000-0000-0000-0000000001d4,20
469,user_469,2020-01-20,9632.23,False,00000000-0000-0000-0000-0000000001d5,21
470,user_470,2020-01-20,121.54,True,00000000-0000-0000-0000-0000000001d6,53
471,user_471,2020-01-20,9698.79,False,00000000-0000-0000-0000-0000000001d7,3
472,user_472,2020-01-20,431.6,True,00000000-0000-0000-0000-0000000001d8,64
473,user_473,2020-01-20,8911.43,True,00000000-0000-0000-0000-0000000001d9,50
474,user_474,2020-01-20,5277.01,False,00000000-0000-0000-0000-0000000001da,73
475,user_475,2020-01-20,9929.65,False,00000000-0000-0000-0000-0000000001db,62
476,user_476,2020-01-20,737.97,True,00000000-0000-0000-0000-0000000001dc,14
477,user_477,2020-01-20,5538.54,True,00000000-0000-0000-0000-0000000001dd,35
478,user_478,2020-01-20,9693.03,True,00000000-0000-0000-0000-0000000001de,28
479,user_479,2020-01-20,5230.98,True,00000000-0000-0000-0000-0000000001df,51
480,user_480,2020-01-21,6293.99,False,00000000-0000-0000-0000-0000000001e0,45
481,user_481,2020-01-21,6957.49,False,00000000-0000-0000-0000-0000000001e1,68
482,user_482,2020-01-21,4545.41,True,00000000-0000-0000-0000-0000000001e2,28
483,user_483,2020-01-21,6275.58,True,00000000-0000-0000-0000-0000000001e3,46
484,user_484,2020-01-21,5843.14,False,00000000-0000-0000-0000-0000000001e4,90
485,user_485,2020-01-21,9011.58,True,00000000-0000-0000-0000-0000000001e5,24
486,user_486,2020-01-21,454.46,False,00000000-0000-0000-0000-0000000001e6,79
487,user_487,2020-01-21,2809.63,True,00000000-0000-0000-0000-0000000001e7,15
488,user_488,2020-01-21,9504.11,False,00000000-0000-0000-0000-0000000001e8,99
489,user_489,2020-01-21,8902.64,True,00000000-0000-0000-0000-0000000001e9,88
490,user_490,2020-01-21,4556.57,True,00000000-0000-0000-0000-0000000001ea,40
491,user_491,2020-01-21,6201.33,True,00000000-0000-0000-0000-0000000001eb,64
492,user_492,2020-01-21,2773.81,False,00000000-0000-0000-0000-0000000001ec,68
493,user_493,2020-01-21,1881.21,False,00000000-0000-0000-0000-0000000001ed,19
494,user_494,2020-01-21,4636.98,True,00000000-0000-0000-0000-0000000001ee,68
495,user_495,2020-01-21,3533.52,True,00000000-0000-0000-0000-0000000001ef,35
496,user_496,2020-01-21,5836.56,True,00000000-0000-0000-0000-0000000001f0,92
497,user_497,2020-01-21,777.35,True,00000000-0000-0000-0000-0000000001f1,97
498,user_498,2020-01-21,9743.95,False,00000000-0000-0000-0000-0000000001f2,57
499,user_499,2020-01-21,9862.11,False,00000000-0000-0000-0000-0000000001f3,47
500,user_500,2020-01-21,6981.62,False,00000000-0000-0000-0000-0000000001f4,81
501,user_501,2020-01-21,5360.96,True,00000000-0000-0000-0000-0000000001f5,1
502,user_502,2020-01-21,3095.28,True,00000000-0000-0000-0000-0000000001f6,79
503,user_503,2020-01-21,8137.95,False,00000000-0000-0000-0000-0000000001f7,28
504,user_504,2020-01-22,6847.31,True,00000000-0000-0000-0000-0000000001f8,96
505,user_505,2020-01-22,1626.17,False,00000000-0000-0000-0000-0000000001f9,15
506,user_506,2020-01-22,9109.27,False,00000000-0000-0000-0000-0000000001fa,34
507,user_507,2020-01-22,8225.37,False,00000000-0000-0000-0000-0000000001fb,61
508,user_508,2020-01-22,9498.0,False,00000000-0000-0000-0000-0000000001fc,80
509,user_509,2020-01-22,7257.2,True,00000000-0000-0000-0000-0000000001fd,3
510,user_510,2020-01-22,6134.15,False,00000000-0000-0000-0000-0000000001fe,67
511,user_511,2020-01-22,4182.43,True,00000000-0000-0000-0000-0000000001ff,50
512,user_512,2020-01-22,9327.28,False,00000000-0000-0000-0000-000000000200,88
513,user_513,2020-01-22,8660.64,False,00000000-0000-0000-0000-000000000201,32
514,user_514,2020-01-22,452.19,False,00000000-0000-0000-0000-000000000202,77
515,user_515,2020-01-22,263.67,False,00000000-0000-0000-0000-000000000203,23
516,user_516,2020-01-22,3764.63,True,00000000-0000-0000-0000-000000000204,74
517,user_517,2020-01-22,8105.53,True,00000000-0000-0000-0000-000000000205,24
518,user_518,2020-01-22,9872.76,True,00000000-0000-0000-0000-000000000206,27
519,user_519,2020-01-22,1504.17,True,00000000-0000-0000-0000-000000000207,6
520,user_520,2020-01-22,5941.31,False,00000000-0000-0000-0000-000000000208,35
521,user_521,2020-01-22,3808.91,True,00000000-0000-0000-0000-000000000209,9
522,user_522,2020-01-22,9699.14,True,00000000-0000-0000-0000-00000000020a,35
523,user_523,2020-01-22,8421.19,False,00000000-0000-0000-0000-00000000020b,94
524,user_524,2020-01-22,8383.29,True,00000000-0000-0000-0000-00000000020c,82
525,user_525,2020-01-22,4686.93,True,00000000-0000-0000-0000-00000000020d,17
526,user_526,2020-01-22,4148.2,True,00000000-0000-0000-0000-00000000020e,5
527,user_527,2020-01-22,2734.07,True,00000000-0000-0000-0000-00000000020f,91
528,user_528,2020-01-23,563.75,False,00000000-0000-0000-0000-000000000210,6
529,user_529,2020-01-23,8647.22,False,00000000-0000-0000-0000-000000000211,11
530,user_530,2020-01-23,8129.01,True,00000000-0000-0000-0000-000000000212,40
531,user_531,2020-01-23,9997.18,False,00000000-0000-0000-0000-000000000213,62
532,user_532,2020-01-23,9966.37,True,00000000-0000-0000-0000-000000000214,97
533,user_533,2020-01-23,5554.32,True,00000000-0000-0000-0000-000000000215,24
534,user_534,2020-01-23,7689.87,True,00000000-0000-0000-0000-000000000216,80
535,user_535,2020-01-23,9447.66,False,00000000-0000-0000-0000-000000000217,52
536,user_536,2020-01-23,8496.47,False,00000000-0000-0000-0000-000000000218,32
537,user_537,2020-01-23,2473.48,False,00000000-0000-0000-0000-000000000219,86
538,user_538,2020-01-23,4505.44,False,00000000-0000-0000-0000-00000000021a,72
539,user_539,2020-01-23,1291.59,False,00000000-0000-0000-0000-00000000021b,5
540,user_540,2020-01-23,9540.51,False,00000000-0000-0000-0000-00000000021c,61
541,user_541,2020-01-23,6061.75,True,00000000-0000-0000-0000-00000000021d,65
542,user_542,2020-01-23,2286.43,False,00000000-0000-0000-0000-00000000021e,8
543,user_543,2020-01-23,6717.01,True,00000000-0000-0000-0000-00000000021f,66
544,user_544,2020-01-23,6181.28,True,00000000-0000-0000-0000-000000000220,15
545,user_545,2020-01-23,3581.63,False,00000000-0000-0000-0000-000000000221,88
546,user_546,2020-01-23,1135.58,True,00000000-0000-0000-0000-000000000222,87
547,user_547,2020-01-23,6715.73,True,00000000-0000-0000-0000-000000000223,92
548,user_548,2020-01-23,5203.08,True,00000000-0000-0000-0000-000000000224,54
549,user_549,2020-01-23,7723.18,False,00000000-0000-0000-0000-000000000225,39
550,user_550,2020-01-23,5201.64,False,00000000-0000-0000-0000-000000000226,25
551,user_551,2020-01-23,8521.82,True,00000000-0000-0000-0000-000000000227,37
552,user_552,2020-01-24,5519.07,False,00000000-0000-0000-0000-000000000228,34
553,user_553,2020-01-24,5609.38,True,00000000-0000-0000-0000-000000000229,86
554,user_554,2020-01-24,8766.54,False,00000000-0000-0000-0000-00000000022a,67
555,user_555,2020-01-24,4034.83,True,00000000-0000-0000-0000-00000000022b,58
556,user_556,2020-01-24,1340.15,True,00000000-0000-0000-0000-00000000022c,13
557,user_557,2020-01-24,287.83,False,00000000-0000-0000-0000-00000000022d,46
558,user_558,2020-01-24,7551.37,False,00000000-0000-0000-0000-00000000022e,70
559,user_559,2020-01-24,6203.1,False,00000000-0000-0000-0000-00000000022f,71
560,user_560,2020-01-24,7040.8,False,00000000-0000-0000-0000-000000000230,41
561,user_561,2020-01-24,2129.64,False,00000000-0000-0000-0000-000000000231,50
562,user_562,2020-01-24,1363.71,True,00000000-0000-0000-0000-000000000232,18
563,user_563,2020-01-24,145.45,True,00000000-0000-0000-0000-000000000233,65
564,user_564,2020-01-24,3505.88,True,00000000-0000-0000-0000-000000000234,46
565,user_565,2020-01-24,5899.18,False,00000000-0000-0000-0000-000000000235,64
566,user_566,2020-01-24,3922.44,False,00000000-0000-0000-0000-000000000236,41
567,user_567,2020-01-24,4374.75,True,00000000-0000-0000-0000-000000000237,37
568,user_568,2020-01-24,9041.59,True,00000000-0000-0000-0000-000000000238,12
569,user_569,2020-01-24,3482.55,True,00000000-0000-0000-0000-000000000239,43
570,user_570,2020-01-24,5139.89,True,00000000-0000-0000-0000-00000000023a,23
571,user_571,2020-01-24,7836.53,False,00000000-0000-0000-0000-00000000023b,95
572,user_572,2020-01-24,3965.43,True,00000000-0000-0000-0000-00000000023c,29
573,user_573,2020-01-24,6220.87,False,00000000-0000-0000-0000-00000000023d,69
574,user_574,2020-01-24,8623.64,True,00000000-0000-0000-0000-00000000023e,37
575,user_575,2020-01-24,9495.21,False,00000000-0000-0000-0000-00000000023f,96
576,user_576,2020-01-25,1470.73,False,00000000-0000-0000-0000-000000000240,22
577,user_577,2020-01-25,9265.88,False,00000000-0000-0000-0000-000000000241,73
578,user_578,2020-01-25,4921.16,False,00000000-0000-0000-0000-000000000242,56
579,user_579,2020-01-25,2582.44,True,00000000-0000-0000-0000-000000000243,78
580,user_580,2020-01-25,4591.36,True,00000000-0000-0000-0000-000000000244,22
581,user_581,2020-01-25,9800.33,True,00000000-0000-0000-0000-000000000245,35
582,user_582,2020-01-25,4926.18,False,00000000-0000-0000-0000-000000000246,56
583,user_583,2020-01-25,3287.52,True,00000000-0000-0000-0000-000000000247,0
584,user_584,2020-01-25,6334.01,True,00000000-0000-0000-0000-000000000248,71
585,user_585,2020-01-25,2401.46,True,00000000-0000-0000-0000-000000000249,2
586,user_586,2020-01-25,758.63,False,00000000-0000-0000-0000-00000000024a,13
587,user_587,2020-01-25,1288.8,False,00000000-0000-0000-0000-00000000024b,80
588,user_588,2020-01-25,1280.46,False,00000000-0000-0000-0000-00000000024c,33
589,user_589,2020-01-25,1519.03,True,00000000-0000-0000-0000-00000000024d,69
590,user_590,2020-01-25,1388.27,True,00000000-0000-0000-0000-00000000024e,68
591,user_591,2020-01-25,6408.75,True,00000000-0000-0000-0000-00000000024f,50
592,user_592,2020-01-25,1818.8,False,00000000-0000-0000-0000-000000000250,28
593,user_593,2020-01-25,3456.67,True,00000000-0000-0000-0000-000000000251,98
594,user_594,2020-01-25,8967.88,False,00000000-0000-0000-0000-000000000252,81
595,user_595,2020-01-25,4739.62,False,00000000-0000-0000-0000-000000000253,47
596,user_596,2020-01-25,6675.58,False,00000000-0000-0000-0000-000000000254,93
597,user_597,2020-01-25,1723.2,False,00000000-0000-0000-0000-000000000255,78
598,user_598,2020-01-25,1922.89,True,00000000-0000-0000-0000-000000000256,78
599,user_599,2020-01-25,408.69,True,00000000-0000-0000-0000-000000000257,15
600,user_600,2020-01-26,1689.35,False,00000000-0000-0000-0000-000000000258,56
601,user_601,2020-01-26,2785.9,True,00000000-0000-0000-0000-000000000259,96
602,user_602,2020-01-26,1770.1,False,00000000-0000-0000-0000-00000000025a,9
603,user_603,2020-01-26,887.03,True,00000000-0000-0000-0000-00000000025b,18
604,user_604,2020-01-26,1206.36,True,00000000-0000-0000-0000-00000000025c,66
605,user_605,2020-01-26,4607.79,False,00000000-0000-0000-0000-00000000025d,35
606,user_606,2020-01-26,2063.34,False,00000000-0000-0000-0000-00000000025e,3
607,user_607,2020-01-26,3642.7,False,00000000-0000-0000-0000-00000000025f,74
608,user_608,2020-01-26,5034.17,False,00000000-0000-0000-0000-000000000260,32
609,user_609,2020-01-26,6903.95,True,00000000-0000-0000-0000-000000000261,27
610,user_610,2020-01-26,393.12,False,00000000-0000-0000-0000-000000000262,95
611,user_611,2020-01-26,7994.1,True,00000000-0000-0000-0000-000000000263,79
612,user_612,2020-01-26,6279.0,False,00000000-0000-0000-0000-000000000264,8
613,user_613,2020-01-26,817.59,True,00000000-0000-0000-0000-000000000265,74
614,user_614,2020-01-26,8735.79,False,00000000-0000-0000-0000-000000000266,5
615,user_615,2020-01-26,9208.72,True,00000000-0000-0000-0000-000000000267,48
616,user_616,2020-01-26,610.78,True,00000000-0000-0000-0000-000000000268,90
617,user_617,2020-01-26,2768.78,True,00000000-0000-0000-0000-000000000269,75
618,user_618,2020-01-26,8062.01,False,00000000-0000-0000-0000-00000000026a,21
619,user_619,2020-01-26,7482.6,False,00000000-0000-0000-0000-00000000026b,47
620,user_620,2020-01-26,1845.21,False,00000000-0000-0000-0000-00000000026c,20
621,user_621,2020-01-26,2093.49,False,00000000-0000-0000-0000-00000000026d,32
622,user_622,2020-01-26,3704.72,True,00000000-0000-0000-0000-00000000026e,80
623,user_623,2020-01-26,4845.23,True,00000000-0000-0000-0000-00000000026f,55
624,user_624,2020-01-27,6182.55,True,00000000-0000-0000-0000-000000000270,28
625,user_625,2020-01-27,3689.14,False,00000000-0000-0000-0000-000000000271,52
626,user_626,2020-01-27,4625.35,True,00000000-0000-0000-0000-000000000272,39
627,user_627,2020-01-27,7474.71,True,00000000-0000-0000-0000-000000000273,73
628,user_628,2020-01-27,366.83,False,00000000-0000-0000-0000-000000000274,17
629,user_629,2020-01-27,2524.37,False,00000000-0000-0000-0000-000000000275,46
630,user_630,2020-01-27,7133.5,True,00000000-0000-0000-0000-000000000276,12
631,user_631,2020-01-27,8952.07,False,00000000-0000-0000-0000-000000000277,26
632,user_632,2020-01-27,5116.77,False,00000000-0000-0000-0000-000000000278,61
633,user_633,2020-01-27,5321.13,False,00000000-0000-0000-0000-000000000279,73
634,user_634,2020-01-27,1071.72,False,00000000-0000-0000-0000-00000000027a,95
635,user_635,2020-01-27,4474.12,True,00000000-0000-0000-0000-00000000027b,44
636,user_636,2020-01-27,5326.17,True,00000000-0000-0000-0000-00000000027c,2
637,user_637,2020-01-27,2424.71,True,00000000-0000-0000-0000-00000000027d,21
638,user_638,2020-01-27,2692.43,True,00000000-0000-0000-0000-00000000027e,26
639,user_639,2020-01-27,3772.84,True,00000000-0000-0000-0000-00000000027f,54
640,user_640,2020-01-27,200.71,False,00000000-0000-0000-0000-000000000280,66
641,user_641,2020-01-27,3220.79,True,00000000-0000-0000-0000-000000000281,32
642,user_642,2020-01-27,2114.48,True,00000000-0000-0000-0000-000000000282,1
643,user_643,2020-01-27,3274.97,False,00000000-0000-0000-0000-000000000283,74
644,user_644,2020-01-27,1197.62,False,00000000-0000-0000-0000-000000000284,45
645,user_645,2020-01-27,8905.27,False,00000000-0000-0000-0000-000000000285,73
646,user_646,2020-01-27,5935.92,True,00000000-0000-0000-0000-000000000286,32
647,user_647,2020-01-27,6791.02,False,00000000-0000-0000-0000-000000000287,57
648,user_648,2020-01-28,7891.71,False,00000000-0000-0000-0000-000000000288,6
649,user_649,2020-01-28,4984.42,False,00000000-0000-0000-0000-000000000289,14
650,user_650,2020-01-28,869.2,True,00000000-0000-0000-0000-00000000028a,25
651,user_651,2020-01-28,5371.07,False,00000000-0000-0000-0000-00000000028b,10
652,user_652,2020-01-28,5868.41,False,00000000-0000-0000-0000-00000000028c,37
653,user_653,2020-01-28,7454.39,True,00000000-0000-0000-0000-00000000028d,26
654,user_654,2020-01-28,4316.6,False,00000000-0000-0000-0000-00000000028e,6
655,user_655,2020-01-28,1275.8,True,00000000-0000-0000-0000-00000000028f,0
656,user_656,2020-01-28,2837.76,True,00000000-0000-0000-0000-000000000290,73
657,user_657,2020-01-28,3630.82,False,00000000-0000-0000-0000-000000000291,20
658,user_658,2020-01-28,6459.17,True,00000000-0000-0000-0000-000000000292,78
659,user_659,2020-01-28,5707.78,False,00000000-0000-0000-0000-000000000293,29
660,user_660,2020-01-28,3560.97,False,00000000-0000-0000-0000-000000000294,93
661,user_661,2020-01-28,9865.15,False,00000000-0000-0000-0000-000000000295,7
662,user_662,2020-01-28,6057.75,False,00000000-0000-0000-0000-000000000296,87
663,user_663,2020-01-28,2372.27,True,00000000-0000-0000-0000-000000000297,82
664,user_664,2020-01-28,1017.82,False,00000000-0000-0000-0000-000000000298,2
665,user_665,2020-01-28,1528.59,False,00000000-0000-0000-0000-000000000299,54
666,user_666,2020-01-28,2459.58,False,00000000-0000-0000-0000-00000000029a,14
667,user_667,2020-01-28,1606.81,True,00000000-0000-0000-0000-00000000029b,35
668,user_668,2020-01-28,1865.67,True,00000000-0000-0000-0000-00000000029c,5
669,user_669,2020-01-28,2850.95,False,00000000-0000-0000-0000-00000000029d,41
670,user_670,2020-01-28,1733.74,True,00000000-0000-0000-0000-00000000029e,49
671,user_671,2020-01-28,8967.65,True,00000000-0000-0000-0000-00000000029f,17
672,user_672,2020-01-29,802.34,False,00000000-0000-0000-0000-0000000002a0,82
673,user_673,2020-01-29,5245.11,False,00000000-0000-0000-0000-0000000002a1,49
674,user_674,2020-01-29,4103.97,False,00000000-0000-0000-0000-0000000002a2,29
675,user_675,2020-01-29,9823.79,False,00000000-0000-0000-0000-0000000002a3,76
676,user_676,2020-01-29,1120.39,False,00000000-0000-0000-0000-0000000002a4,38
677,user_677,2020-01-29,3978.56,True,00000000-0000-0000-0000-0000000002a5,11
678,user_678,2020-01-29,9694.7,False,00000000-0000-0000-0000-0000000002a6,97
679,user_679,2020-01-29,8655.07,False,00000000-0000-0000-0000-0000000002a7,58
680,user_680,2020-01-29,8170.72,False,00000000-0000-0000-0000-0000000002a8,75
681,user_681,2020-01-29,2579.03,False,00000000-0000-0000-0000-0000000002a9,43
682,user_682,2020-01-29,1708.88,False,00000000-0000-0000-0000-0000000002aa,87
683,user_683,2020-01-29,6686.43,True,00000000-0000-0000-0000-0000000002ab,3
684,user_684,2020-01-29,9293.76,False,00000000-0000-0000-0000-0000000002ac,35
685,user_685,2020-01-29,5567.63,True,00000000-0000-0000-0000-0000000002ad,47
686,user_686,2020-01-29,5716.13,False,00000000-0000-0000-0000-0000000002ae,13
687,user_687,2020-01-29,2799.79,False,00000000-0000-0000-0000-0000000002af,80
688,user_688,2020-01-29,7694.93,False,00000000-0000-0000-0000-0000000002b0,48
689,user_689,2020-01-29,1870.44,True,00000000-0000-0000-0000-0000000002b1,66
690,user_690,2020-01-29,3236.79,False,00000000-0000-0000-0000-0000000002b2,86
691,user_691,2020-01-29,4254.36,False,00000000-0000-0000-0000-0000000002b3,76
692,user_692,2020-01-29,5076.1,False,00000000-0000-0000-0000-0000000002b4,8
693,user_693,2020-01-29,2424.1,False,00000000-0000-0000-0000-0000000002b5,20
694,user_694,2020-01-29,1148.37,False,00000000-0000-0000-0000-0000000002b6,71
695,user_695,2020-01-29,6106.2,False,00000000-0000-0000-0000-0000000002b7,80
696,user_696,2020-01-30,2886.31,False,00000000-0000-0000-0000-0000000002b8,15
697,user_697,2020-01-30,5812.38,True,00000000-0000-0000-0000-0000000002b9,15
698,user_698,2020-01-30,1543.63,False,00000000-0000-0000-0000-0000000002ba,27
699,user_699,2020-01-30,4811.4,False,00000000-0000-0000-0000-0000000002bb,50
700,user_700,2020-01-30,5325.89,False,00000000-0000-0000-0000-0000000002bc,55
701,user_701,2020-01-30,518.24,True,00000000-0000-0000-0000-0000000002bd,79
702,user_702,2020-01-30,3366.04,True,00000000-0000-0000-0000-0000000002be,56
703,user_703,2020-01-30,1344.15,False,00000000-0000-0000-0000-0000000002bf,51
704,user_704,2020-01-30,633.75,True,00000000-0000-0000-0000-0000000002c0,45
705,user_705,2020-01-30,9899.6,False,00000000-0000-0000-0000-0000000002c1,77
706,user_706,2020-01-30,3223.54,False,00000000-0000-0000-0000-0000000002c2,37
707,user_707,2020-01-30,8098.74,True,00000000-0000-0000-0000-0000000002c3,83
708,user_708,2020-01-30,2546.41,False,00000000-0000-0000-0000-0000000002c4,47
709,user_709,2020-01-30,6815.03,True,00000000-0000-0000-0000-0000000002c5,40
710,user_710,2020-01-30,7602.28,True,00000000-0000-0000-0000-0000000002c6,97
711,user_711,2020-01-30,5956.39,True,00000000-0000-0000-0000-0000000002c7,58
712,user_712,2020-01-30,4715.76,False,00000000-0000-0000-0000-0000000002c8,92
713,user_713,2020-01-30,4118.41,False,00000000-0000-0000-0000-0000000002c9,66
714,user_714,2020-01-30,3488.68,False,00000000-0000-0000-0000-0000000002ca,73
715,user_715,2020-01-30,9295.29,False,00000000-0000-0000-0000-0000000002cb,83
716,user_716,2020-01-30,8306.19,False,00000000-0000-0000-0000-0000000002cc,65
717,user_717,2020-01-30,9650.27,False,00000000-0000-0000-0000-0000000002cd,26
718,user_718,2020-01-30,1242.97,False,00000000-0000-0000-0000-0000000002ce,31
719,user_719,2020-01-30,7308.67,True,00000000-0000-0000-0000-0000000002cf,55
720,user_720,2020-01-31,9383.4,False,00000000-0000-0000-0000-0000000002d0,9
721,user_721,2020-01-31,1812.33,False,00000000-0000-0000-0000-0000000002d1,39
722,user_722,2020-01-31,664.96,False,00000000-0000-0000-0000-0000000002d2,16
723,user_723,2020-01-31,7411.21,True,00000000-0000-0000-0000-0000000002d3,57
724,user_724,2020-01-31,5744.73,True,00000000-0000-0000-0000-0000000002d4,96
725,user_725,2020-01-31,8418.29,True,00000000-0000-0000-0000-0000000002d5,5
726,user_726,2020-01-31,1397.72,False,00000000-0000-0000-0000-0000000002d6,38
727,user_727,2020-01-31,7952.67,True,00000000-0000-0000-0000-0000000002d7,17
728,user_728,2020-01-31,2016.27,True,00000000-0000-0000-0000-0000000002d8,72
729,user_729,2020-01-31,1636.56,False,00000000-0000-0000-0000-0000000002d9,71
730,user_730,2020-01-31,1642.66,False,00000000-0000-0000-0000-0000000002da,88
731,user_731,2020-01-31,8145.75,False,00000000-0000-0000-0000-0000000002db,94
732,user_732,2020-01-31,6651.97,True,00000000-0000-0000-0000-0000000002dc,41
733,user_733,2020-01-31,5230.65,False,00000000-0000-0000-0000-0000000002dd,3
734,user_734,2020-01-31,3588.3,False,00000000-0000-0000-0000-0000000002de,19
735,user_735,2020-01-31,8772.01,False,00000000-0000-0000-0000-0000000002df,27
736,user_736,2020-01-31,3924.45,False,00000000-0000-0000-0000-0000000002e0,39
737,user_737,2020-01-31,8165.99,False,00000000-0000-0000-0000-0000000002e1,64
738,user_738,2020-01-31,4391.35,False,00000000-0000-0000-0000-0000000002e2,43
739,user_739,2020-01-31,3769.44,True,00000000-0000-0000-0000-0000000002e3,22
740,user_740,2020-01-31,4626.8,False,00000000-0000-0000-0000-0000000002e4,56
741,user_741,2020-01-31,3013.78,True,00000000-0000-0000-0000-0000000002e5,46
742,user_742,2020-01-31,7476.09,True,00000000-0000-0000-0000-0000000002e6,12
743,user_743,2020-01-31,5027.2,False,00000000-0000-0000-0000-0000000002e7,15
744,user_744,2020-02-01,2322.13,True,00000000-0000-0000-0000-0000000002e8,89
745,user_745,2020-02-01,8995.75,True,00000000-0000-0000-0000-0000000002e9,54
746,user_746,2020-02-01,3838.91,True,00000000-0000-0000-0000-0000000002ea,94
747,user_747,2020-02-01,5435.53,False,00000000-0000-0000-0000-0000000002eb,64
748,user_748,2020-02-01,9064.72,True,00000000-0000-0000-0000-0000000002ec,80
749,user_749,2020-02-01,6242.38,True,00000000-0000-0000-0000-0000000002ed,15
750,user_750,2020-02-01,1168.98,True,00000000-0000-0000-0000-0000000002ee,36
751,user_751,2020-02-01,9398.32,True,00000000-0000-0000-0000-0000000002ef,51
752,user_752,2020-02-01,6277.08,False,00000000-0000-0000-0000-0000000002f0,9
753,user_753,2020-02-01,3349.06,False,00000000-0000-0000-0000-0000000002f1,37
754,user_754,2020-02-01,1392.72,True,00000000-0000-0000-0000-0000000002f2,43
755,user_755,2020-02-01,7940.25,False,00000000-0000-0000-0000-0000000002f3,94
756,user_756,2020-02-01,6200.73,False,00000000-0000-0000-0000-0000000002f4,73
757,user_757,2020-02-01,5334.61,True,00000000-0000-0000-0000-0000000002f5,53
758,user_758,2020-02-01,8938.93,False,00000000-0000-0000-0000-0000000002f6,97
759,user_759,2020-02-01,7885.97,False,00000000-0000-0000-0000-0000000002f7,50
760,user_760,2020-02-01,1516.75,True,00000000-0000-0000-0000-0000000002f8,51
761,user_761,2020-02-01,3117.22,True,00000000-0000-0000-0000-0000000002f9,69
762,user_762,2020-02-01,2484.89,False,00000000-0000-0000-0000-0000000002fa,91
763,user_763,2020-02-01,7439.46,False,00000000-0000-0000-0000-0000000002fb,91
764,user_764,2020-02-01,335.32,False,00000000-0000-0000-0000-0000000002fc,58
765,user_765,2020-02-01,5698.9,False,00000000-0000-0000-0000-0000000002fd,12
766,user_766,2020-02-01,7624.59,True,00000000-0000-0000-0000-0000000002fe,40
767,user_767,2020-02-01,8767.66,True,00000000-0000-0000-0000-0000000002ff,11
768,user_768,2020-02-02,3420.82,True,00000000-0000-0000-0000-000000000300,49
769,user_769,2020-02-02,8212.57,True,00000000-0000-0000-0000-000000000301,56
770,user_770,2020-02-02,1106.32,True,00000000-0000-0000-0000-000000000302,49
771,user_771,2020-02-02,8464.52,False,00000000-0000-0000-0000-000000000303,56
772,user_772,2020-02-02,1274.89,False,00000000-0000-0000-0000-000000000304,53
773,user_773,2020-02-02,3972.87,True,00000000-0000-0000-0000-000000000305,65
774,user_774,2020-02-02,7972.95,True,00000000-0000-0000-0000-000000000306,7
775,user_775,2020-02-02,1499.17,True,00000000-0000-0000-0000-000000000307,62
776,user_776,2020-02-02,2292.51,False,00000000-0000-0000-0000-000000000308,8
777,user_777,2020-02-02,7222.53,False,00000000-0000-0000-0000-000000000309,59
778,user_778,2020-02-02,7200.37,False,00000000-0000-0000-0000-00000000030a,62
779,user_779,2020-02-02,6411.48,True,00000000-0000-0000-0000-00000000030b,71
780,user_780,2020-02-02,6939.48,True,00000000-0000-0000-0000-00000000030c,2
781,user_781,2020-02-02,5427.24,True,00000000-0000-0000-0000-00000000030d,72
782,user_782,2020-02-02,2517.99,True,00000000-0000-0000-0000-00000000030e,12
783,user_783,2020-02-02,3456.96,True,00000000-0000-0000-0000-00000000030f,8
784,user_784,2020-02-02,1815.98,False,00000000-0000-0000-0000-000000000310,94
785,user_785,2020-02-02,9084.51,True,00000000-0000-0000-0000-000000000311,88
786,user_786,2020-02-02,5833.92,False,00000000-0000-0000-0000-000000000312,51
787,user_787,2020-02-02,4008.51,False,00000000-0000-0000-0000-000000000313,61
788,user_788,2020-02-02,4620.06,False,00000000-0000-0000-0000-000000000314,7
789,user_789,2020-02-02,9472.83,False,00000000-0000-0000-0000-000000000315,94
790,user_790,2020-02-02,1533.51,False,00000000-0000-0000-0000-000000000316,44
791,user_791,2020-02-02,5862.3,True,00000000-0000-0000-0000-000000000317,52
792,user_792,2020-02-03,5058.89,True,00000000-0000-0000-0000-000000000318,62
793,user_793,2020-02-03,6114.54,True,00000000-0000-0000-0000-000000000319,94
794,user_794,2020-02-03,181.1,False,00000000-0000-0000-0000-00000000031a,80
795,user_795,2020-02-03,8721.24,False,00000000-0000-0000-0000-00000000031b,56
796,user_796,2020-02-03,9321.18,False,00000000-0000-0000-0000-00000000031c,53
797,user_797,2020-02-03,5651.33,False,00000000-0000-0000-0000-00000000031d,18
798,user_798,2020-02-03,6966.51,False,00000000-0000-0000-0000-00000000031e,66
799,user_799,2020-02-03,9224.99,False,00000000-0000-0000-0000-00000000031f,45
800,user_800,2020-02-03,7072.39,True,00000000-0000-0000-0000-000000000320,93
801,user_801,2020-02-03,1525.39,False,00000000-0000-0000-0000-000000000321,9
802,user_802,2020-02-03,5762.88,False,00000000-0000-0000-0000-000000000322,92
803,user_803,2020-02-03,6067.15,True,00000000-0000-0000-0000-000000000323,17
804,user_804,2020-02-03,4241.31,False,00000000-0000-0000-0000-000000000324,11
805,user_805,2020-02-03,7364.44,True,00000000-0000-0000-0000-000000000325,48
806,user_806,2020-02-03,9343.67,True,00000000-0000-0000-0000-000000000326,22
807,user_807,2020-02-03,9255.69,True,00000000-0000-0000-0000-000000000327,61
808,user_808,2020-02-03,4508.39,False,00000000-0000-0000-0000-000000000328,10
809,user_809,2020-02-03,1132.38,True,00000000-0000-0000-0000-000000000329,72
810,user_810,2020-02-03,9848.41,True,00000000-0000-0000-0000-00000000032a,55
811,user_811,2020-02-03,8388.98,False,00000000-0000-0000-0000-00000000032b,87
812,user_812,2020-02-03,1246.63,True,00000000-0000-0000-0000-00000000032c,88
813,user_813,2020-02-03,9208.42,False,00000000-0000-0000-0000-00000000032d,54
814,user_814,2020-02-03,8698.96,False,00000000-0000-0000-0000-00000000032e,24
815,user_815,2020-02-03,5188.38,True,00000000-0000-0000-0000-00000000032f,8
816,user_816,2020-02-04,5912.75,False,00000000-0000-0000-0000-000000000330,11
817,user_817,2020-02-04,3990.03,False,00000000-0000-0000-0000-000000000331,10
818,user_818,2020-02-04,547.62,True,00000000-0000-0000-0000-000000000332,37
819,user_819,2020-02-04,3351.97,True,00000000-0000-0000-0000-000000000333,27
820,user_820,2020-02-04,8028.53,True,00000000-0000-0000-0000-000000000334,7
821,user_821,2020-02-04,46.32,True,00000000-0000-0000-0000-000000000335,73
822,user_822,2020-02-04,3334.99,False,00000000-0000-0000-0000-000000000336,88
823,user_823,2020-02-04,3981.69,True,00000000-0000-0000-0000-000000000337,46
824,user_824,2020-02-04,5373.96,True,00000000-0000-0000-0000-000000000338,35
825,user_825,2020-02-04,9198.56,True,00000000-0000-0000-0000-000000000339,49
826,user_826,2020-02-04,3463.46,False,00000000-0000-0000-0000-00000000033a,8
827,user_827,2020-02-04,3469.53,False,00000000-0000-0000-0000-00000000033b,59
828,user_828,2020-02-04,7375.01,False,00000000-0000-0000-0000-00000000033c,71
829,user_829,2020-02-04,4522.18,False,00000000-0000-0000-0000-00000000033d,66
830,user_830,2020-02-04,2246.05,False,00000000-0000-0000-0000-00000000033e,52
831,user_831,2020-02-04,4524.4,True,00000000-0000-0000-0000-00000000033f,81
832,user_832,2020-02-04,1408.57,False,00000000-0000-0000-0000-000000000340,98
833,user_833,2020-02-04,1763.87,False,00000000-0000-0000-0000-000000000341,16
834,user_834,2020-02-04,4983.68,False,00000000-0000-0000-0000-000000000342,99
835,user_835,2020-02-04,4189.25,True,00000000-0000-0000-0000-000000000343,52
836,user_836,2020-02-04,9148.46,True,00000000-0000-0000-0000-000000000344,27
837,user_837,2020-02-04,3623.94,False,00000000-0000-0000-0000-000000000345,62
838,user_838,2020-02-04,5805.88,True,00000000-0000-0000-0000-000000000346,14
839,user_839,2020-02-04,6322.64,False,00000000-0000-0000-0000-000000000347,18
840,user_840,2020-02-05,130.94,True,00000000-0000-0000-0000-000000000348,85
841,user_841,2020-02-05,6635.37,True,00000000-0000-0000-0000-000000000349,69
842,user_842,2020-02-05,1780.36,False,00000000-0000-0000-0000-00000000034a,46
843,user_843,2020-02-05,9610.7,True,00000000-0000-0000-0000-00000000034b,70
844,user_844,2020-02-05,1486.63,False,00000000-0000-0000-0000-00000000034c,47
845,user_845,2020-02-05,4146.24,False,00000000-0000-0000-0000-00000000034d,72
846,user_846,2020-02-05,853.5,False,00000000-0000-0000-0000-00000000034e,19
847,user_847,2020-02-05,9968.74,True,00000000-0000-0000-0000-00000000034f,36
848,user_848,2020-02-05,5021.95,True,00000000-0000-0000-0000-000000000350,74
849,user_849,2020-02-05,5953.85,False,00000000-0000-0000-0000-000000000351,1
850,user_850,2020-02-05,670.76,False,00000000-0000-0000-0000-000000000352,63
851,user_851,2020-02-05,7499.6,True,00000000-0000-0000-0000-000000000353,85
852,user_852,2020-02-05,2099.06,False,00000000-0000-0000-0000-000000000354,35
853,user_853,2020-02-05,8980.54,True,00000000-0000-0000-0000-000000000355,4
854,user_854,2020-02-05,2051.4,True,00000000-0000-0000-0000-000000000356,63
855,user_855,2020-02-05,1906.88,True,00000000-0000-0000-0000-000000000357,6
856,user_856,2020-02-05,365.5,False,00000000-0000-0000-0000-000000000358,69
857,user_857,2020-02-05,4720.67,False,00000000-0000-0000-0000-000000000359,21
858,user_858,2020-02-05,5648.41,True,00000000-0000-0000-0000-00000000035a,73
859,user_859,2020-02-05,657.09,False,00000000-0000-0000-0000-00000000035b,45
860,user_860,2020-02-05,7755.28,False,00000000-0000-0000-0000-00000000035c,39
861,user_861,2020-02-05,4532.89,True,00000000-0000-0000-0000-00000000035d,60
862,user_862,2020-02-05,5243.9,True,00000000-0000-0000-0000-00000000035e,45
863,user_863,2020-02-05,4407.63,False,00000000-0000-0000-0000-00000000035f,83
864,user_864,2020-02-06,4007.63,True,00000000-0000-0000-0000-000000000360,27
865,user_865,2020-02-06,5596.4,False,00000000-0000-0000-0000-000000000361,86
866,user_866,2020-02-06,1552.4,True,00000000-0000-0000-0000-000000000362,34
867,user_867,2020-02-06,1819.28,True,00000000-0000-0000-0000-000000000363,0
868,user_868,2020-02-06,8617.86,False,00000000-0000-0000-0000-000000000364,28
869,user_869,2020-02-06,9461.15,False,00000000-0000-0000-0000-000000000365,8
870,user_870,2020-02-06,3733.09,False,00000000-0000-0000-0000-000000000366,8
871,user_871,2020-02-06,2707.45,False,00000000-0000-0000-0000-000000000367,21
872,user_872,2020-02-06,6440.0,False,00000000-0000-0000-0000-000000000368,62
873,user_873,2020-02-06,4087.34,True,00000000-0000-0000-0000-000000000369,65
874,user_874,2020-02-06,253.86,True,00000000-0000-0000-0000-00000000036a,79
875,user_875,2020-02-06,1561.53,False,00000000-0000-0000-0000-00000000036b,57
876,user_876,2020-02-06,7159.72,True,00000000-0000-0000-0000-00000000036c,69
877,user_877,2020-02-06,6589.24,False,00000000-0000-0000-0000-00000000036d,54
878,user_878,2020-02-06,270.96,True,00000000-0000-0000-0000-00000000036e,12
879,user_879,2020-02-06,2219.72,True,00000000-0000-0000-0000-00000000036f,96
880,user_880,2020-02-06,2310.75,False,00000000-0000-0000-0000-000000000370,18
881,user_881,2020-02-06,6718.93,False,00000000-0000-0000-0000-000000000371,78
882,user_882,2020-02-06,197.11,False,00000000-0000-0000-0000-000000000372,32
883,user_883,2020-02-06,1041.09,True,00000000-0000-0000-0000-000000000373,73
884,user_884,2020-02-06,7999.16,False,00000000-0000-0000-0000-000000000374,64
885,user_885,2020-02-06,1785.45,False,00000000-0000-0000-0000-000000000375,59
886,user_886,2020-02-06,6527.46,False,00000000-0000-0000-0000-000000000376,11
887,user_887,2020-02-06,2381.83,False,00000000-0000-0000-0000-000000000377,42
888,user_888,2020-02-07,994.41,False,00000000-0000-0000-0000-000000000378,92
889,user_889,2020-02-07,2431.72,False,00000000-0000-0000-0000-000000000379,16
890,user_890,2020-02-07,7222.67,True,00000000-0000-0000-0000-00000000037a,67
891,user_891,2020-02-07,8556.96,True,00000000-0000-0000-0000-00000000037b,28
892,user_892,2020-02-07,8302.2,True,00000000-0000-0000-0000-00000000037c,54
893,user_893,2020-02-07,3971.84,True,00000000-0000-0000-0000-00000000037d,6
894,user_894,2020-02-07,6680.85,False,00000000-0000-0000-0000-00000000037e,43
895,user_895,2020-02-07,2049.84,False,00000000-0000-0000-0000-00000000037f,76
896,user_896,2020-02-07,2931.48,True,00000000-0000-0000-0000-000000000380,4
897,user_897,2020-02-07,8963.36,True,00000000-0000-0000-0000-000000000381,59
898,user_898,2020-02-07,130.02,True,00000000-0000-0000-0000-000000000382,5
899,user_899,2020-02-07,855.09,False,00000000-0000-0000-0000-000000000383,97
900,user_900,2020-02-07,2078.86,False,00000000-0000-0000-0000-000000000384,6
901,user_901,2020-02-07,265.32,False,00000000-0000-0000-0000-000000000385,45
902,user_902,2020-02-07,1814.35,True,00000000-0000-0000-0000-000000000386,56
903,user_903,2020-02-07,5830.42,True,00000000-0000-0000-0000-000000000387,53
904,user_904,2020-02-07,4214.25,True,00000000-0000-0000-0000-000000000388,91
905,user_905,2020-02-07,8926.72,True,00000000-0000-0000-0000-000000000389,45
906,user_906,2020-02-07,8174.44,True,00000000-0000-0000-0000-00000000038a,9
907,user_907,2020-02-07,3418.17,False,00000000-0000-0000-0000-00000000038b,3
908,user_908,2020-02-07,2594.23,False,00000000-0000-0000-0000-00000000038c,66
909,user_909,2020-02-07,3796.92,False,00000000-0000-0000-0000-00000000038d,24
910,user_910,2020-02-07,5902.95,False,00000000-0000-0000-0000-00000000038e,86
911,user_911,2020-02-07,2680.64,False,00000000-0000-0000-0000-00000000038f,90
912,user_912,2020-02-08,6241.49,True,00000000-0000-0000-0000-000000000390,77
913,user_913,2020-02-08,4094.12,False,00000000-0000-0000-0000-000000000391,60
914,user_914,2020-02-08,5520.47,True,00000000-0000-0000-0000-000000000392,37
915,user_915,2020-02-08,4361.27,False,00000000-0000-0000-0000-000000000393,31
916,user_916,2020-02-08,2944.66,True,00000000-0000-0000-0000-000000000394,22
917,user_917,2020-02-08,9484.53,True,00000000-0000-0000-0000-000000000395,36
918,user_918,2020-02-08,7636.06,True,00000000-0000-0000-0000-000000000396,2
919,user_919,2020-02-08,1401.13,True,00000000-0000-0000-0000-000000000397,98
920,user_920,2020-02-08,8684.68,True,00000000-0000-0000-0000-000000000398,12
921,user_921,2020-02-08,4874.31,True,00000000-0000-0000-0000-000000000399,33
922,user_922,2020-02-08,8945.52,False,00000000-0000-0000-0000-00000000039a,87
923,user_923,2020-02-08,7998.55,True,00000000-0000-0000-0000-00000000039b,64
924,user_924,2020-02-08,4252.14,True,00000000-0000-0000-0000-00000000039c,75
925,user_925,2020-02-08,224.69,False,00000000-0000-0000-0000-00000000039d,7
926,user_926,2020-02-08,2686.77,True,00000000-0000-0000-0000-00000000039e,82
927,user_927,2020-02-08,5416.34,False,00000000-0000-0000-0000-00000000039f,8
928,user_928,2020-02-08,6334.78,False,00000000-0000-0000-0000-0000000003a0,27
929,user_929,2020-02-08,2578.88,True,00000000-0000-0000-0000-0000000003a1,77
930,user_930,2020-02-08,1393.56,True,00000000-0000-0000-0000-0000000003a2,90
931,user_931,2020-02-08,8349.3,False,00000000-0000-0000-0000-0000000003a3,17
932,user_932,2020-02-08,9844.02,True,00000000-0000-0000-0000-0000000003a4,41
933,user_933,2020-02-08,5256.9,False,00000000-0000-0000-0000-0000000003a5,40
934,user_934,2020-02-08,1716.79,True,00000000-0000-0000-0000-0000000003a6,69
935,user_935,2020-02-08,2723.07,False,00000000-0000-0000-0000-0000000003a7,32
936,user_936,2020-02-09,183.91,True,00000000-0000-0000-0000-0000000003a8,88
937,user_937,2020-02-09,9142.99,True,00000000-0000-0000-0000-0000000003a9,76
938,user_938,2020-02-09,1177.51,False,00000000-0000-0000-0000-0000000003aa,53
939,user_939,2020-02-09,5765.16,False,00000000-0000-0000-0000-0000000003ab,86
940,user_940,2020-02-09,2740.55,False,00000000-0000-0000-0000-0000000003ac,35
941,user_941,2020-02-09,5541.78,False,00000000-0000-0000-0000-0000000003ad,96
942,user_942,2020-02-09,6514.2,True,00000000-0000-0000-0000-0000000003ae,84
943,user_943,2020-02-09,8297.42,False,00000000-0000-0000-0000-0000000003af,97
944,user_944,2020-02-09,2064.21,False,00000000-0000-0000-0000-0000000003b0,55
945,user_945,2020-02-09,109.96,True,00000000-0000-0000-0000-0000000003b1,99
946,user_946,2020-02-09,1368.86,True,00000000-0000-0000-0000-0000000003b2,16
947,user_947,2020-02-09,9000.19,False,00000000-0000-0000-0000-0000000003b3,9
948,user_948,2020-02-09,8738.9,True,00000000-0000-0000-0000-0000000003b4,86
949,user_949,2020-02-09,5974.13,False,00000000-0000-0000-0000-0000000003b5,43
950,user_950,2020-02-09,6005.17,True,00000000-0000-0000-0000-0000000003b6,1
951,user_951,2020-02-09,6650.37,False,00000000-0000-0000-0000-0000000003b7,98
952,user_952,2020-02-09,1753.71,True,00000000-0000-0000-0000-0000000003b8,13
953,user_953,2020-02-09,9144.12,False,00000000-0000-0000-0000-0000000003b9,40
954,user_954,2020-02-09,4187.71,False,00000000-0000-0000-0000-0000000003ba,1
955,user_955,2020-02-09,3831.39,True,00000000-0000-0000-0000-0000000003bb,18
956,user_956,2020-02-09,5189.18,True,00000000-0000-0000-0000-0000000003bc,79
957,user_957,2020-02-09,469.66,False,00000000-0000-0000-0000-0000000003bd,88
958,user_958,2020-02-09,1662.83,False,00000000-0000-0000-0000-0000000003be,0
959,user_959,2020-02-09,7380.34,True,00000000-0000-0000-0000-0000000003bf,1
960,user_960,2020-02-10,827.99,True,00000000-0000-0000-0000-0000000003c0,26
961,user_961,2020-02-10,6031.52,True,00000000-0000-0000-0000-0000000003c1,1
962,user_962,2020-02-10,2453.49,True,00000000-0000-0000-0000-0000000003c2,93
963,user_963,2020-02-10,3892.96,True,00000000-0000-0000-0000-0000000003c3,50
964,user_964,2020-02-10,2886.94,True,00000000-0000-0000-0000-0000000003c4,9
965,user_965,2020-02-10,3556.73,True,00000000-0000-0000-0000-0000000003c5,18
966,user_966,2020-02-10,7190.46,True,00000000-0000-0000-0000-0000000003c6,79
967,user_967,2020-02-10,2971.22,True,00000000-0000-0000-0000-0000000003c7,12
968,user_968,2020-02-10,5664.05,False,00000000-0000-0000-0000-0000000003c8,47
969,user_969,2020-02-10,4760.5,True,00000000-0000-0000-0000-0000000003c9,55
970,user_970,2020-02-10,6636.71,True,00000000-0000-0000-0000-0000000003ca,71
971,user_971,2020-02-10,9368.3,False,00000000-0000-0000-0000-0000000003cb,55
972,user_972,2020-02-10,7325.72,False,00000000-0000-0000-0000-0000000003cc,49
973,user_973,2020-02-10,2149.4,False,00000000-0000-0000-0000-0000000003cd,94
974,user_974,2020-02-10,311.83,False,00000000-0000-0000-0000-0000000003ce,44
975,user_975,2020-02-10,2622.64,False,00000000-0000-0000-0000-0000000003cf,88
976,user_976,2020-02-10,5950.78,False,00000000-0000-0000-0000-0000000003d0,58
977,user_977,2020-02-10,514.26,True,00000000-0000-0000-0000-0000000003d1,38
978,user_978,2020-02-10,4963.66,False,00000000-0000-0000-0000-0000000003d2,20
979,user_979,2020-02-10,5968.43,False,00000000-0000-0000-0000-0000000003d3,54
980,user_980,2020-02-10,3342.44,False,00000000-0000-0000-0000-0000000003d4,56
981,user_981,2020-02-10,7709.12,True,00000000-0000-0000-0000-0000000003d5,40
982,user_982,2020-02-10,1065.98,False,00000000-0000-0000-0000-0000000003d6,92
983,user_983,2020-02-10,751.38,True,00000000-0000-0000-0000-0000000003d7,69
984,user_984,2020-02-11,7281.89,False,00000000-0000-0000-0000-0000000003d8,81
985,user_985,2020-02-11,4954.91,False,00000000-0000-0000-0000-0000000003d9,48
986,user_986,2020-02-11,6884.02,True,00000000-0000-0000-0000-0000000003da,43
987,user_987,2020-02-11,4348.27,True,00000000-0000-0000-0000-0000000003db,34
988,user_988,2020-02-11,2464.02,False,00000000-0000-0000-0000-0000000003dc,90
989,user_989,2020-02-11,8191.02,True,00000000-0000-0000-0000-0000000003dd,4
990,user_990,2020-02-11,7994.16,True,00000000-0000-0000-0000-0000000003de,70
991,user_991,2020-02-11,6946.96,False,00000000-0000-0000-0000-0000000003df,73
992,user_992,2020-02-11,2721.45,False,00000000-0000-0000-0000-0000000003e0,73
993,user_993,2020-02-11,5902.31,False,00000000-0000-0000-0000-0000000003e1,50
994,user_994,2020-02-11,3609.74,True,00000000-0000-0000-0000-0000000003e2,56
995,user_995,2020-02-11,915.82,False,00000000-0000-0000-0000-0000000003e3,57
996,user_996,2020-02-11,9173.14,False,00000000-0000-0000-0000-0000000003e4,91
997,user_997,2020-02-11,1368.19,True,00000000-0000-0000-0000-0000000003e5,35
998,user_998,2020-02-11,9502.37,True,00000000-0000-0000-0000-0000000003e6,9
999,user_999,2020-02-11,4460.06,False,00000000-0000-0000-0000-0000000003e7,49
1000,user_1000,2020-02-11,1851.33,True,00000000-0000-0000-0000-0000000003e8,98
1001,user_1001,2020-02-11,5419.01,False,00000000-0000-0000-0000-0000000003e9,98
1002,user_1002,2020-02-11,8729.46,True,00000000-0000-0000-0000-0000000003ea,36
1003,user_1003,2020-02-11,7322.25,False,00000000-0000-0000-0000-0000000003eb,19
1004,user_1004,2020-02-11,8065.61,True,00000000-0000-0000-0000-0000000003ec,12
1005,user_1005,2020-02-11,6587.83,True,00000000-0000-0000-0000-0000000003ed,74
1006,user_1006,2020-02-11,6922.77,True,00000000-0000-0000-0000-0000000003ee,18
1007,user_1007,2020-02-11,8491.96,True,00000000-0000-0000-0000-0000000003ef,91
1008,user_1008,2020-02-12,2496.68,False,00000000-0000-0000-0000-0000000003f0,55
1009,user_1009,2020-02-12,4894.25,True,00000000-0000-0000-0000-0000000003f1,44
1010,user_1010,2020-02-12,2212.09,False,00000000-0000-0000-0000-0000000003f2,59
1011,user_1011,2020-02-12,9876.68,True,00000000-0000-0000-0000-0000000003f3,67
1012,user_1012,2020-02-12,9440.59,True,00000000-0000-0000-0000-0000000003f4,56
1013,user_1013,2020-02-12,394.27,False,00000000-0000-0000-0000-0000000003f5,53
1014,user_1014,2020-02-12,7055.75,True,00000000-0000-0000-0000-0000000003f6,36
1015,user_1015,2020-02-12,9252.48,True,00000000-0000-0000-0000-0000000003f7,82
1016,user_1016,2020-02-12,1805.75,False,00000000-0000-0000-0000-0000000003f8,36
1017,user_1017,2020-02-12,5679.45,True,00000000-0000-0000-0000-0000000003f9,13
1018,user_1018,2020-02-12,9154.88,False,00000000-0000-0000-0000-0000000003fa,94
1019,user_1019,2020-02-12,339.46,True,00000000-0000-0000-0000-0000000003fb,91
1020,user_1020,2020-02-12,6974.2,True,00000000-0000-0000-0000-0000000003fc,99
1021,user_1021,2020-02-12,2973.49,True,00000000-0000-0000-0000-0000000003fd,43
1022,user_1022,2020-02-12,9243.96,False,00000000-0000-0000-0000-0000000003fe,82
1023,user_1023,2020-02-12,9710.58,True,00000000-0000-0000-0000-0000000003ff,41
1024,user_1024,2020-02-12,9442.66,True,00000000-0000-0000-0000-000000000400,0
1025,user_1025,2020-02-12,4742.14,True,00000000-0000-0000-0000-000000000401,22
1026,user_1026,2020-02-12,8620.43,True,00000000-0000-0000-0000-000000000402,63
1027,user_1027,2020-02-12,8445.49,True,00000000-0000-0000-0000-000000000403,27
1028,user_1028,2020-02-12,3191.0,True,00000000-0000-0000-0000-000000000404,3
1029,user_1029,2020-02-12,8289.15,True,00000000-0000-0000-0000-000000000405,40
1030,user_1030,2020-02-12,370.08,True,00000000-0000-0000-0000-000000000406,59
1031,user_1031,2020-02-12,5962.7,True,00000000-0000-0000-0000-000000000407,17
1032,user_1032,2020-02-13,2300.09,False,00000000-0000-0000-0000-000000000408,62
1033,user_1033,2020-02-13,1205.67,True,00000000-0000-0000-0000-000000000409,60
1034,user_1034,2020-02-13,769.53,False,00000000-0000-0000-0000-00000000040a,48
1035,user_1035,2020-02-13,6962.89,False,00000000-0000-0000-0000-00000000040b,46
1036,user_1036,2020-02-13,3398.75,False,00000000-0000-0000-0000-00000000040c,38
1037,user_1037,2020-02-13,7247.67,True,00000000-0000-0000-0000-00000000040d,88
1038,user_1038,2020-02-13,653.56,False,00000000-0000-0000-0000-00000000040e,81
1039,user_1039,2020-02-13,3152.9,False,00000000-0000-0000-0000-00000000040f,5
1040,user_1040,2020-02-13,5394.91,False,00000000-0000-0000-0000-000000000410,82
1041,user_1041,2020-02-13,7907.23,True,00000000-0000-0000-0000-000000000411,52
1042,user_1042,2020-02-13,3187.53,False,00000000-0000-0000-0000-000000000412,75
1043,user_1043,2020-02-13,6258.91,True,00000000-0000-0000-0000-000000000413,24
1044,user_1044,2020-02-13,8859.78,False,00000000-0000-0000-0000-000000000414,98
1045,user_1045,2020-02-13,6158.63,False,00000000-0000-0000-0000-000000000415,64
1046,user_1046,2020-02-13,2329.59,True,00000000-0000-0000-0000-000000000416,4
1047,user_1047,2020-02-13,244.01,True,00000000-0000-0000-0000-000000000417,64
1048,user_1048,2020-02-13,8700.99,False,00000000-0000-0000-0000-000000000418,7
1049,user_1049,2020-02-13,212.69,False,00000000-0000-0000-0000-000000000419,38
1050,user_1050,2020-02-13,8747.02,False,00000000-0000-0000-0000-00000000041a,42
1051,user_1051,2020-02-13,5289.37,True,00000000-0000-0000-0000-00000000041b,81
1052,user_1052,2020-02-13,9390.68,True,00000000-0000-0000-0000-00000000041c,72
1053,user_1053,2020-02-13,7987.83,False,00000000-0000-0000-0000-00000000041d,4
1054,user_1054,2020-02-13,9979.34,False,00000000-0000-0000-0000-00000000041e,3
1055,user_1055,2020-02-13,3507.12,True,00000000-0000-0000-0000-00000000041f,92
1056,user_1056,2020-02-14,7671.88,True,00000000-0000-0000-0000-000000000420,0
1057,user_1057,2020-02-14,4019.31,False,00000000-0000-0000-0000-000000000421,93
1058,user_1058,2020-02-14,4798.76,True,00000000-0000-0000-0000-000000000422,55
1059,user_1059,2020-02-14,6275.05,False,00000000-0000-0000-0000-000000000423,44
1060,user_1060,2020-02-14,8736.77,True,00000000-0000-0000-0000-000000000424,64
1061,user_1061,2020-02-14,9840.83,False,00000000-0000-0000-0000-000000000425,2
1062,user_1062,2020-02-14,7682.73,False,00000000-0000-0000-0000-000000000426,21
1063,user_1063,2020-02-14,4177.67,False,00000000-0000-0000-0000-000000000427,71
1064,user_1064,2020-02-14,4213.57,True,00000000-0000-0000-0000-000000000428,55
1065,user_1065,2020-02-14,7375.82,False,00000000-0000-0000-0000-000000000429,17
1066,user_1066,2020-02-14,2387.77,False,00000000-0000-0000-0000-00000000042a,24
1067,user_1067,2020-02-14,1104.74,True,00000000-0000-0000-0000-00000000042b,47
1068,user_1068,2020-02-14,3546.22,False,00000000-0000-0000-0000-00000000042c,83
1069,user_1069,2020-02-14,2872.39,False,00000000-0000-0000-0000-00000000042d,30
1070,user_1070,2020-02-14,2963.08,False,00000000-0000-0000-0000-00000000042e,29
1071,user_1071,2020-02-14,2336.08,True,00000000-0000-0000-0000-00000000042f,79
1072,user_1072,2020-02-14,420.93,True,00000000-0000-0000-0000-000000000430,65
1073,user_1073,2020-02-14,178.74,True,00000000-0000-0000-0000-000000000431,80
1074,user_1074,2020-02-14,9877.22,True,00000000-0000-0000-0000-000000000432,9
1075,user_1075,2020-02-14,4277.73,False,00000000-0000-0000-0000-000000000433,70
1076,user_1076,2020-02-14,3843.27,True,00000000-0000-0000-0000-000000000434,58
1077,user_1077,2020-02-14,6796.47,True,00000000-0000-0000-0000-000000000435,50
1078,user_1078,2020-02-14,2182.54,True,00000000-0000-0000-0000-000000000436,8
1079,user_1079,2020-02-14,9499.61,False,00000000-0000-0000-0000-000000000437,53
1080,user_1080,2020-02-15,7863.45,False,00000000-0000-0000-0000-000000000438,61
1081,user_1081,2020-02-15,894.11,False,00000000-0000-0000-0000-000000000439,80
1082,user_1082,2020-02-15,4175.81,True,00000000-0000-0000-0000-00000000043a,8
1083,user_1083,2020-02-15,8791.18,False,00000000-0000-0000-0000-00000000043b,8
1084,user_1084,2020-02-15,9447.32,False,00000000-0000-0000-0000-00000000043c,23
1085,user_1085,2020-02-15,4674.02,True,00000000-0000-0000-0000-00000000043d,38
1086,user_1086,2020-02-15,6134.11,False,00000000-0000-0000-0000-00000000043e,74
1087,user_1087,2020-02-15,1670.34,True,00000000-0000-0000-0000-00000000043f,7
1088,user_1088,2020-02-15,9911.69,True,00000000-0000-0000-0000-000000000440,24
1089,user_1089,2020-02-15,2316.72,False,00000000-0000-0000-0000-000000000441,65
1090,user_1090,2020-02-15,9427.32,True,00000000-0000-0000-0000-000000000442,9
1091,user_1091,2020-02-15,6496.47,True,00000000-0000-0000-0000-000000000443,23
1092,user_1092,2020-02-15,6077.37,True,00000000-0000-0000-0000-000000000444,79
1093,user_1093,2020-02-15,5126.89,True,00000000-0000-0000-0000-000000000445,82
1094,user_1094,2020-02-15,2306.7,True,00000000-0000-0000-0000-000000000446,58
1095,user_1095,2020-02-15,1765.28,True,00000000-0000-0000-0000-000000000447,30
1096,user_1096,2020-02-15,2204.86,False,00000000-0000-0000-0000-000000000448,10
1097,user_1097,2020-02-15,1864.38,True,00000000-0000-0000-0000-000000000449,5
1098,user_1098,2020-02-15,7795.84,True,00000000-0000-0000-0000-00000000044a,69
1099,user_1099,2020-02-15,3501.25,True,00000000-0000-0000-0000-00000000044b,31
1100,user_1100,2020-02-15,578.43,True,00000000-0000-0000-0000-00000000044c,38
1101,user_1101,2020-02-15,9691.03,False,00000000-0000-0000-0000-00000000044d,47
1102,user_1102,2020-02-15,8837.86,False,00000000-0000-0000-0000-00000000044e,12
1103,user_1103,2020-02-15,9277.52,True,00000000-0000-0000-0000-00000000044f,58
1104,user_1104,2020-02-16,9949.08,False,00000000-0000-0000-0000-000000000450,66
1105,user_1105,2020-02-16,1738.95,True,00000000-0000-0000-0000-000000000451,55
1106,user_1106,2020-02-16,3962.42,True,00000000-0000-0000-0000-000000000452,40
1107,user_1107,2020-02-16,7582.38,True,00000000-0000-0000-0000-000000000453,55
1108,user_1108,2020-02-16,6960.21,True,00000000-0000-0000-0000-000000000454,34
1109,user_1109,2020-02-16,1538.96,False,00000000-0000-0000-0000-000000000455,37
1110,user_1110,2020-02-16,8158.33,False,00000000-0000-0000-0000-000000000456,80
1111,user_1111,2020-02-16,2244.41,True,00000000-0000-0000-0000-000000000457,66
1112,user_1112,2020-02-16,2238.18,True,00000000-0000-0000-0000-000000000458,33
1113,user_1113,2020-02-16,5369.74,False,00000000-0000-0000-0000-000000000459,75
1114,user_1114,2020-02-16,5929.4,False,00000000-0000-0000-0000-00000000045a,87
1115,user_1115,2020-02-16,5800.86,True,00000000-0000-0000-0000-00000000045b,69
1116,user_1116,2020-02-16,914.87,False,00000000-0000-0000-0000-00000000045c,10
1117,user_1117,2020-02-16,8774.61,True,00000000-0000-0000-0000-00000000045d,26
1118,user_1118,2020-02-16,2656.0,False,00000000-0000-0000-0000-00000000045e,47
1119,user_1119,2020-02-16,1295.15,False,00000000-0000-0000-0000-00000000045f,23
1120,user_1120,2020-02-16,8887.48,False,00000000-0000-0000-0000-000000000460,17
1121,user_1121,2020-02-16,9556.51,False,00000000-0000-0000-0000-000000000461,26
1122,user_1122,2020-02-16,8621.28,True,00000000-0000-0000-0000-000000000462,53
1123,user_1123,2020-02-16,8095.16,True,00000000-0000-0000-0000-000000000463,54
1124,user_1124,2020-02-16,6552.42,False,00000000-0000-0000-0000-000000000464,20
1125,user_1125,2020-02-16,5508.57,True,00000000-0000-0000-0000-000000000465,58
1126,user_1126,2020-02-16,869.87,False,00000000-0000-0000-0000-000000000466,33
1127,user_1127,2020-02-16,4084.53,False,00000000-0000-0000-0000-000000000467,96
1128,user_1128,2020-02-17,3726.89,True,00000000-0000-0000-0000-000000000468,57
1129,user_1129,2020-02-17,2597.54,True,00000000-0000-0000-0000-000000000469,47
1130,user_1130,2020-02-17,7234.2,True,00000000-0000-0000-0000-00000000046a,53
1131,user_1131,2020-02-17,4958.76,False,00000000-0000-0000-0000-00000000046b,17
1132,user_1132,2020-02-17,810.46,True,00000000-0000-0000-0000-00000000046c,2
1133,user_1133,2020-02-17,2201.83,True,00000000-0000-0000-0000-00000000046d,23
1134,user_1134,2020-02-17,6832.59,True,00000000-0000-0000-0000-00000000046e,0
1135,user_1135,2020-02-17,761.31,True,00000000-0000-0000-0000-00000000046f,5
1136,user_1136,2020-02-17,8512.07,False,00000000-0000-0000-0000-000000000470,18
1137,user_1137,2020-02-17,4951.47,False,00000000-0000-0000-0000-000000000471,85
1138,user_1138,2020-02-17,4805.87,False,00000000-0000-0000-0000-000000000472,42
1139,user_1139,2020-02-17,5924.08,False,00000000-0000-0000-0000-000000000473,7
1140,user_1140,2020-02-17,8246.81,False,00000000-0000-0000-0000-000000000474,68
1141,user_1141,2020-02-17,3478.09,False,00000000-0000-0000-0000-000000000475,51
1142,user_1142,2020-02-17,6780.16,False,00000000-0000-0000-0000-000000000476,72
1143,user_1143,2020-02-17,5657.32,True,00000000-0000-0000-0000-000000000477,46
1144,user_1144,2020-02-17,2670.28,False,00000000-0000-0000-0000-000000000478,84
1145,user_1145,2020-02-17,8786.3,False,00000000-0000-0000-0000-000000000479,27
1146,user_1146,2020-02-17,7974.26,False,00000000-0000-0000-0000-00000000047a,45
1147,user_1147,2020-02-17,6584.52,False,00000000-0000-0000-0000-00000000047b,3
1148,user_1148,2020-02-17,8505.82,True,00000000-0000-0000-0000-00000000047c,87
1149,user_1149,2020-02-17,8672.94,False,00000000-0000-0000-0000-00000000047d,7
1150,user_1150,2020-02-17,7083.63,False,00000000-0000-0000-0000-00000000047e,60
1151,user_1151,2020-02-17,8370.13,True,00000000-0000-0000-0000-00000000047f,16
1152,user_1152,2020-02-18,6974.71,False,00000000-0000-0000-0000-000000000480,33
1153,user_1153,2020-02-18,6801.41,False,00000000-0000-0000-0000-000000000481,19
1154,user_1154,2020-02-18,6186.11,False,00000000-0000-0000-0000-000000000482,79
1155,user_1155,2020-02-18,7527.17,False,00000000-0000-0000-0000-000000000483,73
1156,user_1156,2020-02-18,1586.05,False,00000000-0000-0000-0000-000000000484,33
1157,user_1157,2020-02-18,8808.71,False,00000000-0000-0000-0000-000000000485,42
1158,user_1158,2020-02-18,8718.44,False,00000000-0000-0000-0000-000000000486,9
1159,user_1159,2020-02-18,292.47,True,00000000-0000-0000-0000-000000000487,93
1160,user_1160,2020-02-18,8258.17,True,00000000-0000-0000-0000-000000000488,29
1161,user_1161,2020-02-18,1288.7,False,00000000-0000-0000-0000-000000000489,24
1162,user_1162,2020-02-18,3351.19,True,00000000-0000-0000-0000-00000000048a,56
1163,user_1163,2020-02-18,7435.08,False,00000000-0000-0000-0000-00000000048b,62
1164,user_1164,2020-02-18,1607.6,True,00000000-0000-0000-0000-00000000048c,70
1165,user_1165,2020-02-18,8179.67,False,00000000-0000-0000-0000-00000000048d,46
1166,user_1166,2020-02-18,8321.34,True,00000000-0000-0000-0000-00000000048e,83
1167,user_1167,2020-02-18,5074.68,False,00000000-0000-0000-0000-00000000048f,80
1168,user_1168,2020-02-18,63.86,True,00000000-0000-0000-0000-000000000490,2
1169,user_1169,2020-02-18,2870.38,True,00000000-0000-0000-0000-000000000491,45
1170,user_1170,2020-02-18,6169.27,False,00000000-0000-0000-0000-000000000492,35
1171,user_1171,2020-02-18,9811.86,False,00000000-0000-0000-0000-000000000493,25
1172,user_1172,2020-02-18,6318.14,True,00000000-0000-0000-0000-000000000494,9
1173,user_1173,2020-02-18,2598.04,True,00000000-0000-0000-0000-000000000495,33
1174,user_1174,2020-02-18,6340.06,False,00000000-0000-0000-0000-000000000496,77
1175,user_1175,2020-02-18,5399.85,True,00000000-0000-0000-0000-000000000497,7
1176,user_1176,2020-02-19,7798.45,False,00000000-0000-0000-0000-000000000498,54
1177,user_1177,2020-02-19,1069.81,True,00000000-0000-0000-0000-000000000499,90
1178,user_1178,2020-02-19,7610.28,True,00000000-0000-0000-0000-00000000049a,9
1179,user_1179,2020-02-19,5412.67,False,00000000-0000-0000-0000-00000000049b,56
1180,user_1180,2020-02-19,9629.92,False,00000000-0000-0000-0000-00000000049c,78
1181,user_1181,2020-02-19,3418.72,False,00000000-0000-0000-0000-00000000049d,85
1182,user_1182,2020-02-19,6326.22,True,00000000-0000-0000-0000-00000000049e,44
1183,user_1183,2020-02-19,9320.28,True,00000000-0000-0000-0000-00000000049f,49
1184,user_1184,2020-02-19,1025.1,True,00000000-0000-0000-0000-0000000004a0,63
1185,user_1185,2020-02-19,9372.28,False,00000000-0000-0000-0000-0000000004a1,94
1186,user_1186,2020-02-19,6878.86,True,00000000-0000-0000-0000-0000000004a2,1
1187,user_1187,2020-02-19,678.37,True,00000000-0000-0000-0000-0000000004a3,44
1188,user_1188,2020-02-19,3009.64,False,00000000-0000-0000-0000-0000000004a4,94
1189,user_1189,2020-02-19,7081.72,True,00000000-0000-0000-0000-0000000004a5,61
1190,user_1190,2020-02-19,673.51,True,00000000-0000-0000-0000-0000000004a6,13
1191,user_1191,2020-02-19,5821.7,False,00000000-0000-0000-0000-0000000004a7,73
1192,user_1192,2020-02-19,3458.83,False,00000000-0000-0000-0000-0000000004a8,93
1193,user_1193,2020-02-19,6209.16,False,00000000-0000-0000-0000-0000000004a9,99
1194,user_1194,2020-02-19,457.42,False,00000000-0000-0000-0000-0000000004aa,14
1195,user_1195,2020-02-19,8715.37,False,00000000-0000-0000-0000-0000000004ab,13
1196,user_1196,2020-02-19,9734.89,False,00000000-0000-0000-0000-0000000004ac,30
1197,user_1197,2020-02-19,9688.78,False,00000000-0000-0000-0000-0000000004ad,28
1198,user_1198,2020-02-19,7496.52,False,00000000-0000-0000-0000-0000000004ae,26
1199,user_1199,2020-02-19,1300.86,False,00000000-0000-0000-0000-0000000004af,84
1200,user_1200,2020-02-20,7582.63,True,00000000-0000-0000-0000-0000000004b0,8
1201,user_1201,2020-02-20,245.87,False,00000000-0000-0000-0000-0000000004b1,19
1202,user_1202,2020-02-20,221.24,False,00000000-0000-0000-0000-0000000004b2,98
1203,user_1203,2020-02-20,3236.1,True,00000000-0000-0000-0000-0000000004b3,57
1204,user_1204,2020-02-20,4886.43,False,00000000-0000-0000-0000-0000000004b4,78
1205,user_1205,2020-02-20,7704.07,True,00000000-0000-0000-0000-0000000004b5,87
1206,user_1206,2020-02-20,6832.95,True,00000000-0000-0000-0000-0000000004b6,48
1207,user_1207,2020-02-20,4459.03,False,00000000-0000-0000-0000-0000000004b7,56
1208,user_1208,2020-02-20,2736.27,True,00000000-0000-0000-0000-0000000004b8,15
1209,user_1209,2020-02-20,9971.25,False,00000000-0000-0000-0000-0000000004b9,99
1210,user_1210,2020-02-20,4261.81,False,00000000-0000-0000-0000-0000000004ba,74
1211,user_1211,2020-02-20,4513.87,True,00000000-0000-0000-0000-0000000004bb,7
1212,user_1212,2020-02-20,1636.24,True,00000000-0000-0000-0000-0000000004bc,66
1213,user_1213,2020-02-20,7948.1,True,00000000-0000-0000-0000-0000000004bd,18
1214,user_1214,2020-02-20,6936.82,False,00000000-0000-0000-0000-0000000004be,66
1215,user_1215,2020-02-20,2207.7,False,00000000-0000-0000-0000-0000000004bf,35
1216,user_1216,2020-02-20,823.81,True,00000000-0000-0000-0000-0000000004c0,88
1217,user_1217,2020-02-20,6804.99,False,00000000-0000-0000-0000-0000000004c1,59
1218,user_1218,2020-02-20,6545.11,False,00000000-0000-0000-0000-0000000004c2,35
1219,user_1219,2020-02-20,2732.6,True,00000000-0000-0000-0000-0000000004c3,10
1220,user_1220,2020-02-20,9508.64,True,00000000-0000-0000-0000-0000000004c4,50
1221,user_1221,2020-02-20,1510.58,True,00000000-0000-0000-0000-0000000004c5,79
1222,user_1222,2020-02-20,4323.35,True,00000000-0000-0000-0000-0000000004c6,54
1223,user_1223,2020-02-20,9436.16,True,00000000-0000-0000-0000-0000000004c7,53
1224,user_1224,2020-02-21,4197.27,True,00000000-0000-0000-0000-0000000004c8,16
1225,user_1225,2020-02-21,6385.26,True,00000000-0000-0000-0000-0000000004c9,61
1226,user_1226,2020-02-21,3975.94,True,00000000-0000-0000-0000-0000000004ca,41
1227,user_1227,2020-02-21,2742.15,True,00000000-0000-0000-0000-0000000004cb,23
1228,user_1228,2020-02-21,9839.78,True,00000000-0000-0000-0000-0000000004cc,16
1229,user_1229,2020-02-21,4093.34,False,00000000-0000-0000-0000-0000000004cd,47
1230,user_1230,2020-02-21,8940.99,False,00000000-0000-0000-0000-0000000004ce,83
1231,user_1231,2020-02-21,2299.55,True,00000000-0000-0000-0000-0000000004cf,85
1232,user_1232,2020-02-21,2131.05,False,00000000-0000-0000-0000-0000000004d0,69
1233,user_1233,2020-02-21,311.34,False,00000000-0000-0000-0000-0000000004d1,6
1234,user_1234,2020-02-21,6516.67,False,00000000-0000-0000-0000-0000000004d2,13
1235,user_1235,2020-02-21,3685.26,False,00000000-0000-0000-0000-0000000004d3,10
1236,user_1236,2020-02-21,8643.58,False,00000000-0000-0000-0000-0000000004d4,11
1237,user_1237,2020-02-21,4732.1,False,00000000-0000-0000-0000-0000000004d5,4
1238,user_1238,2020-02-21,9681.93,True,00000000-0000-0000-0000-0000000004d6,4
1239,user_1239,2020-02-21,1855.26,True,00000000-0000-0000-0000-0000000004d7,19
1240,user_1240,2020-02-21,8686.23,False,00000000-0000-0000-0000-0000000004d8,53
1241,user_1241,2020-02-21,7765.97,False,00000000-0000-0000-0000-0000000004d9,54
1242,user_1242,2020-02-21,7709.22,True,00000000-0000-0000-0000-0000000004da,57
1243,user_1243,2020-02-21,8447.83,False,00000000-0000-0000-0000-0000000004db,78
1244,user_1244,2020-02-21,7610.24,False,00000000-0000-0000-0000-0000000004dc,89
1245,user_1245,2020-02-21,6262.2,False,00000000-0000-0000-0000-0000000004dd,96
1246,user_1246,2020-02-21,1312.45,False,00000000-0000-0000-0000-0000000004de,29
1247,user_1247,2020-02-21,325.26,False,00000000-0000-0000-0000-0000000004df,23
1248,user_1248,2020-02-22,9208.48,True,00000000-0000-0000-0000-0000000004e0,86
1249,user_1249,2020-02-22,6166.5,True,00000000-0000-0000-0000-0000000004e1,72
1250,user_1250,2020-02-22,7965.37,False,00000000-0000-0000-0000-0000000004e2,2
1251,user_1251,2020-02-22,4815.22,True,00000000-0000-0000-0000-0000000004e3,99
1252,user_1252,2020-02-22,1173.08,False,00000000-0000-0000-0000-0000000004e4,47
1253,user_1253,2020-02-22,1251.86,False,00000000-0000-0000-0000-0000000004e5,70
1254,user_1254,2020-02-22,6855.65,False,00000000-0000-0000-0000-0000000004e6,21
1255,user_1255,2020-02-22,4303.06,False,00000000-0000-0000-0000-0000000004e7,13
1256,user_1256,2020-02-22,2005.25,False,00000000-0000-0000-0000-0000000004e8,47
1257,user_1257,2020-02-22,4915.95,False,00000000-0000-0000-0000-0000000004e9,28
1258,user_1258,2020-02-22,642.09,False,00000000-0000-0000-0000-0000000004ea,49
1259,user_1259,2020-02-22,5819.71,False,00000000-0000-0000-0000-0000000004eb,79
1260,user_1260,2020-02-22,2689.93,False,00000000-0000-0000-0000-0000000004ec,97
1261,user_1261,2020-02-22,7975.59,True,00000000-0000-0000-0000-0000000004ed,9
1262,user_1262,2020-02-22,3103.62,False,00000000-0000-0000-0000-0000000004ee,70
1263,user_1263,2020-02-22,4552.2,True,00000000-0000-0000-0000-0000000004ef,88
1264,user_1264,2020-02-22,116.21,True,00000000-0000-0000-0000-0000000004f0,26
1265,user_1265,2020-02-22,724.47,False,00000000-0000-0000-0000-0000000004f1,78
1266,user_1266,2020-02-22,3924.94,True,00000000-0000-0000-0000-0000000004f2,95
1267,user_1267,2020-02-22,4799.39,False,00000000-0000-0000-0000-0000000004f3,27
1268,user_1268,2020-02-22,6000.21,False,00000000-0000-0000-0000-0000000004f4,8
1269,user_1269,2020-02-22,2916.63,False,00000000-0000-0000-0000-0000000004f5,70
1270,user_1270,2020-02-22,6949.82,False,00000000-0000-0000-0000-0000000004f6,79
1271,user_1271,2020-02-22,8601.22,True,00000000-0000-0000-0000-0000000004f7,25
1272,user_1272,2020-02-23,7798.51,True,00000000-0000-0000-0000-0000000004f8,98
1273,user_1273,2020-02-23,396.19,False,00000000-0000-0000-0000-0000000004f9,80
1274,user_1274,2020-02-23,4805.07,True,00000000-0000-0000-0000-0000000004fa,86
1275,user_1275,2020-02-23,1049.3,True,00000000-0000-0000-0000-0000000004fb,7
1276,user_1276,2020-02-23,2420.45,True,00000000-0000-0000-0000-0000000004fc,1
1277,user_1277,2020-02-23,9866.63,False,00000000-0000-0000-0000-0000000004fd,94
1278,user_1278,2020-02-23,1424.96,True,00000000-0000-0000-0000-0000000004fe,56
1279,user_1279,2020-02-23,4988.88,True,00000000-0000-0000-0000-0000000004ff,51
1280,user_1280,2020-02-23,6181.56,True,00000000-0000-0000-0000-000000000500,57
1281,user_1281,2020-02-23,7024.65,False,00000000-0000-0000-0000-000000000501,95
1282,user_1282,2020-02-23,5596.49,True,00000000-0000-0000-0000-000000000502,92
1283,user_1283,2020-02-23,97.71,True,00000000-0000-0000-0000-000000000503,2
1284,user_1284,2020-02-23,3264.61,False,00000000-0000-0000-0000-000000000504,7
1285,user_1285,2020-02-23,5177.12,True,00000000-0000-0000-0000-000000000505,58
1286,user_1286,2020-02-23,878.66,False,00000000-0000-0000-0000-000000000506,1
1287,user_1287,2020-02-23,3506.27,False,00000000-0000-0000-0000-000000000507,94
1288,user_1288,2020-02-23,332.03,False,00000000-0000-0000-0000-000000000508,61
1289,user_1289,2020-02-23,785.78,False,00000000-0000-0000-0000-000000000509,48
1290,user_1290,2020-02-23,3969.23,False,00000000-0000-0000-0000-00000000050a,19
1291,user_1291,2020-02-23,1327.16,False,00000000-0000-0000-0000-00000000050b,28
1292,user_1292,2020-02-23,5675.41,True,00000000-0000-0000-0000-00000000050c,16
1293,user_1293,2020-02-23,6894.65,False,00000000-0000-0000-0000-00000000050d,73
1294,user_1294,2020-02-23,8005.87,True,00000000-0000-0000-0000-00000000050e,21
1295,user_1295,2020-02-23,2001.5,True,00000000-0000-0000-0000-00000000050f,5
1296,user_1296,2020-02-24,1674.83,False,00000000-0000-0000-0000-000000000510,61
1297,user_1297,2020-02-24,1045.68,True,00000000-0000-0000-0000-000000000511,97
1298,user_1298,2020-02-24,6364.3,True,00000000-0000-0000-0000-000000000512,30
1299,user_1299,2020-02-24,7064.76,True,00000000-0000-0000-0000-000000000513,61
1300,user_1300,2020-02-24,315.86,False,00000000-0000-0000-0000-000000000514,11
1301,user_1301,2020-02-24,9362.12,True,00000000-0000-0000-0000-000000000515,11
1302,user_1302,2020-02-24,519.71,True,00000000-0000-0000-0000-000000000516,62
1303,user_1303,2020-02-24,5412.96,False,00000000-0000-0000-0000-000000000517,15
1304,user_1304,2020-02-24,7090.61,True,00000000-0000-0000-0000-000000000518,24
1305,user_1305,2020-02-24,8709.69,True,00000000-0000-0000-0000-000000000519,21
1306,user_1306,2020-02-24,7140.87,True,00000000-0000-0000-0000-00000000051a,90
1307,user_1307,2020-02-24,8017.28,False,00000000-0000-0000-0000-00000000051b,87
1308,user_1308,2020-02-24,3394.5,True,00000000-0000-0000-0000-00000000051c,75
1309,user_1309,2020-02-24,8148.25,True,00000000-0000-0000-0000-00000000051d,17
1310,user_1310,2020-02-24,801.15,False,00000000-0000-0000-0000-00000000051e,44
1311,user_1311,2020-02-24,8948.17,False,00000000-0000-0000-0000-00000000051f,79
1312,user_1312,2020-02-24,5475.92,False,00000000-0000-0000-0000-000000000520,67
1313,user_1313,2020-02-24,8172.98,True,00000000-0000-0000-0000-000000000521,11
1314,user_1314,2020-02-24,4523.18,False,00000000-0000-0000-0000-000000000522,48
1315,user_1315,2020-02-24,6435.78,False,00000000-0000-0000-0000-000000000523,32
1316,user_1316,2020-02-24,5264.03,False,00000000-0000-0000-0000-000000000524,85
1317,user_1317,2020-02-24,7315.9,True,00000000-0000-0000-0000-000000000525,62
1318,user_1318,2020-02-24,816.3,False,00000000-0000-0000-0000-000000000526,17
1319,user_1319,2020-02-24,603.52,False,00000000-0000-0000-0000-000000000527,53
1320,user_1320,2020-02-25,2471.03,False,00000000-0000-0000-0000-000000000528,96
1321,user_1321,2020-02-25,1595.45,False,00000000-0000-0000-0000-000000000529,26
1322,user_1322,2020-02-25,8717.84,False,00000000-0000-0000-0000-00000000052a,82
1323,user_1323,2020-02-25,2192.14,True,00000000-0000-0000-0000-00000000052b,77
1324,user_1324,2020-02-25,9758.65,True,00000000-0000-0000-0000-00000000052c,24
1325,user_1325,2020-02-25,3368.96,False,00000000-0000-0000-0000-00000000052d,33
1326,user_1326,2020-02-25,1821.18,False,00000000-0000-0000-0000-00000000052e,87
1327,user_1327,2020-02-25,7896.99,False,00000000-0000-0000-0000-00000000052f,59
1328,user_1328,2020-02-25,6587.08,True,00000000-0000-0000-0000-000000000530,53
1329,user_1329,2020-02-25,4981.96,True,00000000-0000-0000-0000-000000000531,86
1330,user_1330,2020-02-25,5553.64,True,00000000-0000-0000-0000-000000000532,4
1331,user_1331,2020-02-25,7192.02,True,00000000-0000-0000-0000-000000000533,35
1332,user_1332,2020-02-25,2284.55,False,00000000-0000-0000-0000-000000000534,53
1333,user_1333,2020-02-25,9963.34,False,00000000-0000-0000-0000-000000000535,87
1334,user_1334,2020-02-25,9747.93,False,00000000-0000-0000-0000-000000000536,35
1335,user_1335,2020-02-25,6503.26,False,00000000-0000-0000-0000-000000000537,68
1336,user_1336,2020-02-25,1995.42,True,00000000-0000-0000-0000-000000000538,38
1337,user_1337,2020-02-25,6802.28,False,00000000-0000-0000-0000-000000000539,69
1338,user_1338,2020-02-25,721.98,True,00000000-0000-0000-0000-00000000053a,99
1339,user_1339,2020-02-25,306.53,True,00000000-0000-0000-0000-00000000053b,3
1340,user_1340,2020-02-25,2576.83,False,00000000-0000-0000-0000-00000000053c,73
1341,user_1341,2020-02-25,4626.23,True,00000000-0000-0000-0000-00000000053d,64
1342,user_1342,2020-02-25,8682.73,True,00000000-0000-0000-0000-00000000053e,84
1343,user_1343,2020-02-25,7271.69,False,00000000-0000-0000-0000-00000000053f,39
1344,user_1344,2020-02-26,7427.07,True,00000000-0000-0000-0000-000000000540,36
1345,user_1345,2020-02-26,4254.93,True,00000000-0000-0000-0000-000000000541,66
1346,user_1346,2020-02-26,3459.35,False,00000000-0000-0000-0000-000000000542,30
1347,user_1347,2020-02-26,3710.39,True,00000000-0000-0000-0000-000000000543,90
1348,user_1348,2020-02-26,9876.5,True,00000000-0000-0000-0000-000000000544,80
1349,user_1349,2020-02-26,401.09,False,00000000-0000-0000-0000-000000000545,86
1350,user_1350,2020-02-26,8670.31,True,00000000-0000-0000-0000-000000000546,76
1351,user_1351,2020-02-26,5786.75,False,00000000-0000-0000-0000-000000000547,46
1352,user_1352,2020-02-26,4386.15,True,00000000-0000-0000-0000-000000000548,26
1353,user_1353,2020-02-26,7252.58,True,00000000-0000-0000-0000-000000000549,50
1354,user_1354,2020-02-26,4866.69,False,00000000-0000-0000-0000-00000000054a,19
1355,user_1355,2020-02-26,8734.23,False,00000000-0000-0000-0000-00000000054b,12
1356,user_1356,2020-02-26,9007.02,True,00000000-0000-0000-0000-00000000054c,62
1357,user_1357,2020-02-26,4217.21,False,00000000-0000-0000-0000-00000000054d,43
1358,user_1358,2020-02-26,2768.28,True,00000000-0000-0000-0000-00000000054e,23
1359,user_1359,2020-02-26,5923.5,False,00000000-0000-0000-0000-00000000054f,2
1360,user_1360,2020-02-26,9123.63,True,00000000-0000-0000-0000-000000000550,9
1361,user_1361,2020-02-26,2106.62,True,00000000-0000-0000-0000-000000000551,64
1362,user_1362,2020-02-26,6229.67,True,00000000-0000-0000-0000-000000000552,48
1363,user_1363,2020-02-26,6315.6,True,00000000-0000-0000-0000-000000000553,57
1364,user_1364,2020-02-26,7331.13,True,00000000-0000-0000-0000-000000000554,76
1365,user_1365,2020-02-26,1315.68,False,00000000-0000-0000-0000-000000000555,77
1366,user_1366,2020-02-26,7158.25,False,00000000-0000-0000-0000-000000000556,96
1367,user_1367,2020-02-26,9090.33,True,00000000-0000-0000-0000-000000000557,1
1368,user_1368,2020-02-27,1796.83,True,00000000-0000-0000-0000-000000000558,65
1369,user_1369,2020-02-27,2375.43,False,00000000-0000-0000-0000-000000000559,30
1370,user_1370,2020-02-27,9713.95,False,00000000-0000-0000-0000-00000000055a,67
1371,user_1371,2020-02-27,1809.77,False,00000000-0000-0000-0000-00000000055b,97
1372,user_1372,2020-02-27,8543.85,False,00000000-0000-0000-0000-00000000055c,82
1373,user_1373,2020-02-27,4922.78,False,00000000-0000-0000-0000-00000000055d,36
1374,user_1374,2020-02-27,2472.31,True,00000000-0000-0000-0000-00000000055e,72
1375,user_1375,2020-02-27,8707.5,True,00000000-0000-0000-0000-00000000055f,23
1376,user_1376,2020-02-27,4453.05,False,00000000-0000-0000-0000-000000000560,76
1377,user_1377,2020-02-27,5148.17,False,00000000-0000-0000-0000-000000000561,43
1378,user_1378,2020-02-27,3592.33,False,00000000-0000-0000-0000-000000000562,93
1379,user_1379,2020-02-27,5929.51,False,00000000-0000-0000-0000-000000000563,82
1380,user_1380,2020-02-27,1635.24,False,00000000-0000-0000-0000-000000000564,40
1381,user_1381,2020-02-27,3910.82,False,00000000-0000-0000-0000-000000000565,73
1382,user_1382,2020-02-27,9694.12,False,00000000-0000-0000-0000-000000000566,50
1383,user_1383,2020-02-27,2581.33,False,00000000-0000-0000-0000-000000000567,41
1384,user_1384,2020-02-27,6567.37,False,00000000-0000-0000-0000-000000000568,77
1385,user_1385,2020-02-27,3251.9,True,00000000-0000-0000-0000-000000000569,39
1386,user_1386,2020-02-27,7734.73,False,00000000-0000-0000-0000-00000000056a,47
1387,user_1387,2020-02-27,1308.74,False,00000000-0000-0000-0000-00000000056b,83
1388,user_1388,2020-02-27,9698.21,True,00000000-0000-0000-0000-00000000056c,3
1389,user_1389,2020-02-27,4537.9,True,00000000-0000-0000-0000-00000000056d,59
1390,user_1390,2020-02-27,2360.5,True,00000000-0000-0000-0000-00000000056e,38
1391,user_1391,2020-02-27,734.97,False,00000000-0000-0000-0000-00000000056f,4
1392,user_1392,2020-02-28,1697.58,False,00000000-0000-0000-0000-000000000570,95
1393,user_1393,2020-02-28,5197.74,False,00000000-0000-0000-0000-000000000571,5
1394,user_1394,2020-02-28,3370.03,False,00000000-0000-0000-0000-000000000572,13
1395,user_1395,2020-02-28,8288.83,True,00000000-0000-0000-0000-000000000573,69
1396,user_1396,2020-02-28,4308.88,False,00000000-0000-0000-0000-000000000574,77
1397,user_1397,2020-02-28,2487.14,False,00000000-0000-0000-0000-000000000575,11
1398,user_1398,2020-02-28,6171.45,True,00000000-0000-0000-0000-000000000576,61
1399,user_1399,2020-02-28,7067.77,False,00000000-0000-0000-0000-000000000577,26
1400,user_1400,2020-02-28,1670.42,False,00000000-0000-0000-0000-000000000578,53
1401,user_1401,2020-02-28,1676.19,False,00000000-0000-0000-0000-000000000579,89
1402,user_1402,2020-02-28,366.71,False,00000000-0000-0000-0000-00000000057a,11
1403,user_1403,2020-02-28,7364.02,True,00000000-0000-0000-0000-00000000057b,7
1404,user_1404,2020-02-28,6638.05,True,00000000-0000-0000-0000-00000000057c,73
1405,user_1405,2020-02-28,4746.31,True,00000000-0000-0000-0000-00000000057d,15
1406,user_1406,2020-02-28,8441.7,True,00000000-0000-0000-0000-00000000057e,51
1407,user_1407,2020-02-28,8056.7,False,00000000-0000-0000-0000-00000000057f,25
1408,user_1408,2020-02-28,5853.54,False,00000000-0000-0000-0000-000000000580,7
1409,user_1409,2020-02-28,8682.71,False,00000000-0000-0000-0000-000000000581,44
1410,user_1410,2020-02-28,2058.41,True,00000000-0000-0000-0000-000000000582,92
1411,user_1411,2020-02-28,1119.2,True,00000000-0000-0000-0000-000000000583,83
1412,user_1412,2020-02-28,2697.5,True,00000000-0000-0000-0000-000000000584,80
1413,user_1413,2020-02-28,570.87,False,00000000-0000-0000-0000-000000000585,18
1414,user_1414,2020-02-28,5311.7,False,00000000-0000-0000-0000-000000000586,16
1415,user_1415,2020-02-28,9366.06,True,00000000-0000-0000-0000-000000000587,64
1416,user_1416,2020-02-29,393.44,True,00000000-0000-0000-0000-000000000588,28
1417,user_1417,2020-02-29,1221.1,False,00000000-0000-0000-0000-000000000589,13
1418,user_1418,2020-02-29,4521.99,False,00000000-0000-0000-0000-00000000058a,16
1419,user_1419,2020-02-29,9338.75,False,00000000-0000-0000-0000-00000000058b,12
1420,user_1420,2020-02-29,3161.56,True,00000000-0000-0000-0000-00000000058c,92
1421,user_1421,2020-02-29,5072.35,True,00000000-0000-0000-0000-00000000058d,97
1422,user_1422,2020-02-29,415.73,True,00000000-0000-0000-0000-00000000058e,90
1423,user_1423,2020-02-29,1483.43,True,00000000-0000-0000-0000-00000000058f,62
1424,user_1424,2020-02-29,9866.3,False,00000000-0000-0000-0000-000000000590,32
1425,user_1425,2020-02-29,9651.19,False,00000000-0000-0000-0000-000000000591,28
1426,user_1426,2020-02-29,49.4,False,00000000-0000-0000-0000-000000000592,36
1427,user_1427,2020-02-29,9518.12,True,00000000-0000-0000-0000-000000000593,82
1428,user_1428,2020-02-29,6391.2,False,00000000-0000-0000-0000-000000000594,45
1429,user_1429,2020-02-29,8679.18,False,00000000-0000-0000-0000-000000000595,23
1430,user_1430,2020-02-29,4547.4,False,00000000-0000-0000-0000-000000000596,13
1431,user_1431,2020-02-29,5155.96,False,00000000-0000-0000-0000-000000000597,4
1432,user_1432,2020-02-29,4888.47,False,00000000-0000-0000-0000-000000000598,52
1433,user_1433,2020-02-29,6668.64,True,00000000-0000-0000-0000-000000000599,87
1434,user_1434,2020-02-29,1396.51,False,00000000-0000-0000-0000-00000000059a,97
1435,user_1435,2020-02-29,299.74,False,00000000-0000-0000-0000-00000000059b,94
1436,user_1436,2020-02-29,3079.3,True,00000000-0000-0000-0000-00000000059c,29
1437,user_1437,2020-02-29,7046.81,True,00000000-0000-0000-0000-00000000059d,59
1438,user_1438,2020-02-29,2018.53,False,00000000-0000-0000-0000-00000000059e,72
1439,user_1439,2020-02-29,6734.32,False,00000000-0000-0000-0000-00000000059f,90
1440,user_1440,2020-03-01,9699.12,False,00000000-0000-0000-0000-0000000005a0,27
1441,user_1441,2020-03-01,939.01,False,00000000-0000-0000-0000-0000000005a1,25
1442,user_1442,2020-03-01,6726.02,True,00000000-0000-0000-0000-0000000005a2,17
1443,user_1443,2020-03-01,4437.5,False,00000000-0000-0000-0000-0000000005a3,35
1444,user_1444,2020-03-01,8681.42,True,00000000-0000-0000-0000-0000000005a4,7
1445,user_1445,2020-03-01,1771.5,False,00000000-0000-0000-0000-0000000005a5,17
1446,user_1446,2020-03-01,6926.26,False,00000000-0000-0000-0000-0000000005a6,83
1447,user_1447,2020-03-01,8381.15,False,00000000-0000-0000-0000-0000000005a7,57
1448,user_1448,2020-03-01,9446.14,True,00000000-0000-0000-0000-0000000005a8,31
1449,user_1449,2020-03-01,6832.48,False,00000000-0000-0000-0000-0000000005a9,92
1450,user_1450,2020-03-01,4971.75,False,00000000-0000-0000-0000-0000000005aa,48
1451,user_1451,2020-03-01,6178.47,True,00000000-0000-0000-0000-0000000005ab,47
1452,user_1452,2020-03-01,8689.05,False,00000000-0000-0000-0000-0000000005ac,81
1453,user_1453,2020-03-01,5706.1,True,00000000-0000-0000-0000-0000000005ad,70
1454,user_1454,2020-03-01,303.87,False,00000000-0000-0000-0000-0000000005ae,64
1455,user_1455,2020-03-01,9309.49,True,00000000-0000-0000-0000-0000000005af,91
1456,user_1456,2020-03-01,6895.27,True,00000000-0000-0000-0000-0000000005b0,32
1457,user_1457,2020-03-01,6765.13,True,00000000-0000-0000-0000-0000000005b1,49
1458,user_1458,2020-03-01,2156.75,False,00000000-0000-0000-0000-0000000005b2,3
1459,user_1459,2020-03-01,6588.85,True,00000000-0000-0000-0000-0000000005b3,83
1460,user_1460,2020-03-01,3938.64,True,00000000-0000-0000-0000-0000000005b4,35
1461,user_1461,2020-03-01,6512.33,False,00000000-0000-0000-0000-0000000005b5,94
1462,user_1462,2020-03-01,1065.93,True,00000000-0000-0000-0000-0000000005b6,27
1463,user_1463,2020-03-01,6578.45,False,00000000-0000-0000-0000-0000000005b7,2
1464,user_1464,2020-03-02,9994.14,False,00000000-0000-0000-0000-0000000005b8,5
1465,user_1465,2020-03-02,482.12,True,00000000-0000-0000-0000-0000000005b9,44
1466,user_1466,2020-03-02,9771.74,True,00000000-0000-0000-0000-0000000005ba,22
1467,user_1467,2020-03-02,4069.08,False,00000000-0000-0000-0000-0000000005bb,6
1468,user_1468,2020-03-02,8707.53,True,00000000-0000-0000-0000-0000000005bc,60
1469,user_1469,2020-03-02,7823.85,True,00000000-0000-0000-0000-0000000005bd,99
1470,user_1470,2020-03-02,5670.16,True,00000000-0000-0000-0000-0000000005be,64
1471,user_1471,2020-03-02,7384.49,True,00000000-0000-0000-0000-0000000005bf,5
1472,user_1472,2020-03-02,8785.16,False,00000000-0000-0000-0000-0000000005c0,23
1473,user_1473,2020-03-02,4041.4,False,00000000-0000-0000-0000-0000000005c1,36
1474,user_1474,2020-03-02,3270.33,True,00000000-0000-0000-0000-0000000005c2,44
1475,user_1475,2020-03-02,6675.93,False,00000000-0000-0000-0000-0000000005c3,50
1476,user_1476,2020-03-02,8078.46,True,00000000-0000-0000-0000-0000000005c4,99
1477,user_1477,2020-03-02,7622.85,True,00000000-0000-0000-0000-0000000005c5,87
1478,user_1478,2020-03-02,7978.14,True,00000000-0000-0000-0000-0000000005c6,44
1479,user_1479,2020-03-02,4355.83,True,00000000-0000-0000-0000-0000000005c7,62
1480,user_1480,2020-03-02,8178.34,False,00000000-0000-0000-0000-0000000005c8,28
1481,user_1481,2020-03-02,1202.09,True,00000000-0000-0000-0000-0000000005c9,95
1482,user_1482,2020-03-02,5444.89,False,00000000-0000-0000-0000-0000000005ca,24
1483,user_1483,2020-03-02,57.59,True,00000000-0000-0000-0000-0000000005cb,9
1484,user_1484,2020-03-02,3245.86,False,00000000-0000-0000-0000-0000000005cc,34
1485,user_1485,2020-03-02,3664.62,False,00000000-0000-0000-0000-0000000005cd,54
1486,user_1486,2020-03-02,3961.73,False,00000000-0000-0000-0000-0000000005ce,24
1487,user_1487,2020-03-02,6954.67,False,00000000-0000-0000-0000-0000000005cf,90
1488,user_1488,2020-03-03,3885.58,True,00000000-0000-0000-0000-0000000005d0,44
1489,user_1489,2020-03-03,4486.94,False,00000000-0000-0000-0000-0000000005d1,95
1490,user_1490,2020-03-03,2375.44,True,00000000-0000-0000-0000-0000000005d2,11
1491,user_1491,2020-03-03,3732.52,False,00000000-0000-0000-0000-0000000005d3,3
1492,user_1492,2020-03-03,2272.7,False,00000000-0000-0000-0000-0000000005d4,89
1493,user_1493,2020-03-03,731.96,False,00000000-0000-0000-0000-0000000005d5,66
1494,user_1494,2020-03-03,6034.49,True,00000000-0000-0000-0000-0000000005d6,16
1495,user_1495,2020-03-03,6682.13,False,00000000-0000-0000-0000-0000000005d7,72
1496,user_1496,2020-03-03,6194.9,True,00000000-0000-0000-0000-0000000005d8,92
1497,user_1497,2020-03-03,4634.94,True,00000000-0000-0000-0000-0000000005d9,64
1498,user_1498,2020-03-03,3797.86,True,00000000-0000-0000-0000-0000000005da,81
1499,user_1499,2020-03-03,8633.34,False,00000000-0000-0000-0000-0000000005db,52
1500,user_1500,2020-03-03,5190.82,False,00000000-0000-0000-0000-0000000005dc,83
1501,user_1501,2020-03-03,4791.82,False,00000000-0000-0000-0000-0000000005dd,56
1502,user_1502,2020-03-03,256.42,False,00000000-0000-0000-0000-0000000005de,97
1503,user_1503,2020-03-03,3412.48,False,00000000-0000-0000-0000-0000000005df,27
1504,user_1504,2020-03-03,3801.96,False,00000000-0000-0000-0000-0000000005e0,98
1505,user_1505,2020-03-03,3988.23,False,00000000-0000-0000-0000-0000000005e1,15
1506,user_1506,2020-03-03,5801.72,True,00000000-0000-0000-0000-0000000005e2,20
1507,user_1507,2020-03-03,5336.03,False,00000000-0000-0000-0000-0000000005e3,76
1508,user_1508,2020-03-03,6079.05,True,00000000-0000-0000-0000-0000000005e4,98
1509,user_1509,2020-03-03,7648.83,True,00000000-0000-0000-0000-0000000005e5,41
1510,user_1510,2020-03-03,8129.86,False,00000000-0000-0000-0000-0000000005e6,53
1511,user_1511,2020-03-03,7181.23,False,00000000-0000-0000-0000-0000000005e7,31
1512,user_1512,2020-03-04,9555.24,True,00000000-0000-0000-0000-0000000005e8,37
1513,user_1513,2020-03-04,182.33,True,00000000-0000-0000-0000-0000000005e9,69
1514,user_1514,2020-03-04,1957.78,False,00000000-0000-0000-0000-0000000005ea,37
1515,user_1515,2020-03-04,75.63,True,00000000-0000-0000-0000-0000000005eb,53
1516,user_1516,2020-03-04,6474.75,True,00000000-0000-0000-0000-0000000005ec,59
1517,user_1517,2020-03-04,8980.31,True,00000000-0000-0000-0000-0000000005ed,76
1518,user_1518,2020-03-04,2434.82,True,00000000-0000-0000-0000-0000000005ee,76
1519,user_1519,2020-03-04,9270.35,False,00000000-0000-0000-0000-0000000005ef,46
1520,user_1520,2020-03-04,602.67,False,00000000-0000-0000-0000-0000000005f0,11
1521,user_1521,2020-03-04,9344.36,True,00000000-0000-0000-0000-0000000005f1,52
1522,user_1522,2020-03-04,3516.23,True,00000000-0000-0000-0000-0000000005f2,32
1523,user_1523,2020-03-04,1014.21,True,00000000-0000-0000-0000-0000000005f3,27
1524,user_1524,2020-03-04,4858.72,False,00000000-0000-0000-0000-0000000005f4,2
1525,user_1525,2020-03-04,2567.77,False,00000000-0000-0000-0000-0000000005f5,81
1526,user_1526,2020-03-04,2848.73,True,00000000-0000-0000-0000-0000000005f6,25
1527,user_1527,2020-03-04,3072.9,True,00000000-0000-0000-0000-0000000005f7,53
1528,user_1528,2020-03-04,8030.26,True,00000000-0000-0000-0000-0000000005f8,39
1529,user_1529,2020-03-04,5391.61,False,00000000-0000-0000-0000-0000000005f9,65
1530,user_1530,2020-03-04,3113.08,True,00000000-0000-0000-0000-0000000005fa,67
1531,user_1531,2020-03-04,6103.34,True,00000000-0000-0000-0000-0000000005fb,91
1532,user_1532,2020-03-04,7161.51,True,00000000-0000-0000-0000-0000000005fc,91
1533,user_1533,2020-03-04,2726.24,True,00000000-0000-0000-0000-0000000005fd,88
1534,user_1534,2020-03-04,4135.49,True,00000000-0000-0000-0000-0000000005fe,89
1535,user_1535,2020-03-04,1218.86,False,00000000-0000-0000-0000-0000000005ff,46
1536,user_1536,2020-03-05,1811.49,False,00000000-0000-0000-0000-000000000600,1
1537,user_1537,2020-03-05,6811.18,False,00000000-0000-0000-0000-000000000601,41
1538,user_1538,2020-03-05,1814.38,True,00000000-0000-0000-0000-000000000602,33
1539,user_1539,2020-03-05,5251.63,False,00000000-0000-0000-0000-000000000603,93
1540,user_1540,2020-03-05,7090.46,True,00000000-0000-0000-0000-000000000604,20
1541,user_1541,2020-03-05,1068.77,False,00000000-0000-0000-0000-000000000605,43
1542,user_1542,2020-03-05,5673.12,False,00000000-0000-0000-0000-000000000606,86
1543,user_1543,2020-03-05,2565.63,True,00000000-0000-0000-0000-000000000607,96
1544,user_1544,2020-03-05,9629.27,True,00000000-0000-0000-0000-000000000608,1
1545,user_1545,2020-03-05,4835.46,True,00000000-0000-0000-0000-000000000609,90
1546,user_1546,2020-03-05,8059.93,False,00000000-0000-0000-0000-00000000060a,58
1547,user_1547,2020-03-05,5502.27,True,00000000-0000-0000-0000-00000000060b,85
1548,user_1548,2020-03-05,434.13,False,00000000-0000-0000-0000-00000000060c,97
1549,user_1549,2020-03-05,6331.51,False,00000000-0000-0000-0000-00000000060d,15
1550,user_1550,2020-03-05,9514.03,False,00000000-0000-0000-0000-00000000060e,19
1551,user_1551,2020-03-05,6016.12,True,00000000-0000-0000-0000-00000000060f,25
1552,user_1552,2020-03-05,8191.89,True,00000000-0000-0000-0000-000000000610,15
1553,user_1553,2020-03-05,8842.06,True,00000000-0000-0000-0000-000000000611,69
1554,user_1554,2020-03-05,2280.8,False,00000000-0000-0000-0000-000000000612,22
1555,user_1555,2020-03-05,2120.45,False,00000000-0000-0000-0000-000000000613,41
1556,user_1556,2020-03-05,6109.81,True,00000000-0000-0000-0000-000000000614,36
1557,user_1557,2020-03-05,4110.28,False,00000000-0000-0000-0000-000000000615,71
1558,user_1558,2020-03-05,8398.61,False,00000000-0000-0000-0000-000000000616,5
1559,user_1559,2020-03-05,9000.23,False,00000000-0000-0000-0000-000000000617,36
1560,user_1560,2020-03-06,3534.21,True,00000000-0000-0000-0000-000000000618,21
1561,user_1561,2020-03-06,2368.71,False,00000000-0000-0000-0000-000000000619,5
1562,user_1562,2020-03-06,7805.26,False,00000000-0000-0000-0000-00000000061a,31
1563,user_1563,2020-03-06,2748.06,True,00000000-0000-0000-0000-00000000061b,16
1564,user_1564,2020-03-06,8226.14,True,00000000-0000-0000-0000-00000000061c,37
1565,user_1565,2020-03-06,4237.38,True,00000000-0000-0000-0000-00000000061d,16
1566,user_1566,2020-03-06,6675.5,True,00000000-0000-0000-0000-00000000061e,36
1567,user_1567,2020-03-06,955.35,True,00000000-0000-0000-0000-00000000061f,22
1568,user_1568,2020-03-06,6238.59,True,00000000-0000-0000-0000-000000000620,48
1569,user_1569,2020-03-06,4517.68,False,00000000-0000-0000-0000-000000000621,60
1570,user_1570,2020-03-06,5866.08,False,00000000-0000-0000-0000-000000000622,48
1571,user_1571,2020-03-06,1680.14,False,00000000-0000-0000-0000-000000000623,60
1572,user_1572,2020-03-06,7368.74,False,00000000-0000-0000-0000-000000000624,76
1573,user_1573,2020-03-06,8627.97,True,00000000-0000-0000-0000-000000000625,31
1574,user_1574,2020-03-06,2167.4,False,00000000-0000-0000-0000-000000000626,85
1575,user_1575,2020-03-06,957.15,True,00000000-0000-0000-0000-000000000627,62
1576,user_1576,2020-03-06,236.39,True,00000000-0000-0000-0000-000000000628,6
1577,user_1577,2020-03-06,6419.72,False,00000000-0000-0000-0000-000000000629,21
1578,user_1578,2020-03-06,6070.94,False,00000000-0000-0000-0000-00000000062a,84
1579,user_1579,2020-03-06,5466.97,True,00000000-0000-0000-0000-00000000062b,5
1580,user_1580,2020-03-06,2319.47,True,00000000-0000-0000-0000-00000000062c,60
1581,user_1581,2020-03-06,3909.06,True,00000000-0000-0000-0000-00000000062d,13
1582,user_1582,2020-03-06,5944.76,True,00000000-0000-0000-0000-00000000062e,15
1583,user_1583,2020-03-06,4967.67,False,00000000-0000-0000-0000-00000000062f,2
1584,user_1584,2020-03-07,9877.86,True,00000000-0000-0000-0000-000000000630,8
1585,user_1585,2020-03-07,1364.4,False,00000000-0000-0000-0000-000000000631,46
1586,user_1586,2020-03-07,6951.45,True,00000000-0000-0000-0000-000000000632,84
1587,user_1587,2020-03-07,4043.19,True,00000000-0000-0000-0000-000000000633,93
1588,user_1588,2020-03-07,4282.0,True,00000000-0000-0000-0000-000000000634,93
1589,user_1589,2020-03-07,7175.98,False,00000000-0000-0000-0000-000000000635,41
1590,user_1590,2020-03-07,6924.36,True,00000000-0000-0000-0000-000000000636,41
1591,user_1591,2020-03-07,9912.56,False,00000000-0000-0000-0000-000000000637,95
1592,user_1592,2020-03-07,1283.94,False,00000000-0000-0000-0000-000000000638,22
1593,user_1593,2020-03-07,1041.1,False,00000000-0000-0000-0000-000000000639,2
1594,user_1594,2020-03-07,7243.39,True,00000000-0000-0000-0000-00000000063a,0
1595,user_1595,2020-03-07,5783.87,False,00000000-0000-0000-0000-00000000063b,66
1596,user_1596,2020-03-07,2741.61,False,00000000-0000-0000-0000-00000000063c,70
1597,user_1597,2020-03-07,794.19,True,00000000-0000-0000-0000-00000000063d,2
1598,user_1598,2020-03-07,856.58,True,00000000-0000-0000-0000-00000000063e,99
1599,user_1599,2020-03-07,8941.91,False,00000000-0000-0000-0000-00000000063f,48
1600,user_1600,2020-03-07,1918.67,False,00000000-0000-0000-0000-000000000640,66
1601,user_1601,2020-03-07,3233.72,True,00000000-0000-0000-0000-000000000641,54
1602,user_1602,2020-03-07,2266.56,False,00000000-0000-0000-0000-000000000642,3
1603,user_1603,2020-03-07,3549.96,False,00000000-0000-0000-0000-000000000643,30
1604,user_1604,2020-03-07,694.24,False,00000000-0000-0000-0000-000000000644,65
1605,user_1605,2020-03-07,5190.6,True,00000000-0000-0000-0000-000000000645,77
1606,user_1606,2020-03-07,676.13,False,00000000-0000-0000-0000-000000000646,63
1607,user_1607,2020-03-07,8003.57,True,00000000-0000-0000-0000-000000000647,30
1608,user_1608,2020-03-08,2337.12,True,00000000-0000-0000-0000-000000000648,62
1609,user_1609,2020-03-08,5400.12,True,00000000-0000-0000-0000-000000000649,65
1610,user_1610,2020-03-08,8800.79,False,00000000-0000-0000-0000-00000000064a,30
1611,user_1611,2020-03-08,6508.77,True,00000000-0000-0000-0000-00000000064b,46
1612,user_1612,2020-03-08,5329.58,False,00000000-0000-0000-0000-00000000064c,21
1613,user_1613,2020-03-08,3243.34,True,00000000-0000-0000-0000-00000000064d,73
1614,user_1614,2020-03-08,3330.02,False,00000000-0000-0000-0000-00000000064e,93
1615,user_1615,2020-03-08,6694.87,False,00000000-0000-0000-0000-00000000064f,96
1616,user_1616,2020-03-08,9941.39,False,00000000-0000-0000-0000-000000000650,82
1617,user_1617,2020-03-08,6618.39,True,00000000-0000-0000-0000-000000000651,45
1618,user_1618,2020-03-08,5577.83,False,00000000-0000-0000-0000-000000000652,88
1619,user_1619,2020-03-08,7306.51,False,00000000-0000-0000-0000-000000000653,57
1620,user_1620,2020-03-08,4652.06,True,00000000-0000-0000-0000-000000000654,60
1621,user_1621,2020-03-08,601.42,True,00000000-0000-0000-0000-000000000655,45
1622,user_1622,2020-03-08,5622.97,False,00000000-0000-0000-0000-000000000656,0
1623,user_1623,2020-03-08,9576.25,True,00000000-0000-0000-0000-000000000657,95
1624,user_1624,2020-03-08,1753.03,True,00000000-0000-0000-0000-000000000658,24
1625,user_1625,2020-03-08,6900.05,True,00000000-0000-0000-0000-000000000659,60
1626,user_1626,2020-03-08,2009.34,False,00000000-0000-0000-0000-00000000065a,80
1627,user_1627,2020-03-08,5358.28,True,00000000-0000-0000-0000-00000000065b,13
1628,user_1628,2020-03-08,966.76,False,00000000-0000-0000-0000-00000000065c,44
1629,user_1629,2020-03-08,4503.71,True,00000000-0000-0000-0000-00000000065d,76
1630,user_1630,2020-03-08,7561.63,True,00000000-0000-0000-0000-00000000065e,38
1631,user_1631,2020-03-08,3475.72,False,00000000-0000-0000-0000-00000000065f,65
1632,user_1632,2020-03-09,6649.12,True,00000000-0000-0000-0000-000000000660,31
1633,user_1633,2020-03-09,7954.5,True,00000000-0000-0000-0000-000000000661,95
1634,user_1634,2020-03-09,9271.78,True,00000000-0000-0000-0000-000000000662,57
1635,user_1635,2020-03-09,2346.42,True,00000000-0000-0000-0000-000000000663,55
1636,user_1636,2020-03-09,3993.16,False,00000000-0000-0000-0000-000000000664,5
1637,user_1637,2020-03-09,1524.16,False,00000000-0000-0000-0000-000000000665,88
1638,user_1638,2020-03-09,9924.84,False,00000000-0000-0000-0000-000000000666,66
1639,user_1639,2020-03-09,9270.01,False,00000000-0000-0000-0000-000000000667,81
1640,user_1640,2020-03-09,5399.57,False,00000000-0000-0000-0000-000000000668,49
1641,user_1641,2020-03-09,8420.33,False,00000000-0000-0000-0000-000000000669,37
1642,user_1642,2020-03-09,5209.58,False,00000000-0000-0000-0000-00000000066a,2
1643,user_1643,2020-03-09,6235.86,True,00000000-0000-0000-0000-00000000066b,4
1644,user_1644,2020-03-09,891.24,False,00000000-0000-0000-0000-00000000066c,23
1645,user_1645,2020-03-09,7552.7,False,00000000-0000-0000-0000-00000000066d,53
1646,user_1646,2020-03-09,1277.13,False,00000000-0000-0000-0000-00000000066e,33
1647,user_1647,2020-03-09,8260.68,True,00000000-0000-0000-0000-00000000066f,38
1648,user_1648,2020-03-09,7820.28,False,00000000-0000-0000-0000-000000000670,87
1649,user_1649,2020-03-09,7087.45,False,00000000-0000-0000-0000-000000000671,99
1650,user_1650,2020-03-09,361.6,False,00000000-0000-0000-0000-000000000672,91
1651,user_1651,2020-03-09,3031.28,True,00000000-0000-0000-0000-000000000673,47
1652,user_1652,2020-03-09,2631.13,False,00000000-0000-0000-0000-000000000674,48
1653,user_1653,2020-03-09,3601.36,True,00000000-0000-0000-0000-000000000675,33
1654,user_1654,2020-03-09,876.43,True,00000000-0000-0000-0000-000000000676,79
1655,user_1655,2020-03-09,9369.58,True,00000000-0000-0000-0000-000000000677,99
1656,user_1656,2020-03-10,5538.02,True,00000000-0000-0000-0000-000000000678,6
1657,user_1657,2020-03-10,3055.24,False,00000000-0000-0000-0000-000000000679,17
1658,user_1658,2020-03-10,3969.82,True,00000000-0000-0000-0000-00000000067a,69
1659,user_1659,2020-03-10,4472.03,True,00000000-0000-0000-0000-00000000067b,91
1660,user_1660,2020-03-10,6005.94,False,00000000-0000-0000-0000-00000000067c,33
1661,user_1661,2020-03-10,5156.79,True,00000000-0000-0000-0000-00000000067d,50
1662,user_1662,2020-03-10,9193.92,True,00000000-0000-0000-0000-00000000067e,92
1663,user_1663,2020-03-10,4969.63,True,00000000-0000-0000-0000-00000000067f,67
1664,user_1664,2020-03-10,9921.58,True,00000000-0000-0000-0000-000000000680,13
1665,user_1665,2020-03-10,8514.25,True,00000000-0000-0000-0000-000000000681,68
1666,user_1666,2020-03-10,2085.11,True,00000000-0000-0000-0000-000000000682,88
1667,user_1667,2020-03-10,9305.95,False,00000000-0000-0000-0000-000000000683,7
1668,user_1668,2020-03-10,1163.66,False,00000000-0000-0000-0000-000000000684,14
1669,user_1669,2020-03-10,8174.5,False,00000000-0000-0000-0000-000000000685,82
1670,user_1670,2020-03-10,3806.23,False,00000000-0000-0000-0000-000000000686,58
1671,user_1671,2020-03-10,8779.74,True,00000000-0000-0000-0000-000000000687,10
1672,user_1672,2020-03-10,8680.57,True,00000000-0000-0000-0000-000000000688,19
1673,user_1673,2020-03-10,8059.25,True,00000000-0000-0000-0000-000000000689,54
1674,user_1674,2020-03-10,7900.3,False,00000000-0000-0000-0000-00000000068a,35
1675,user_1675,2020-03-10,3046.79,False,00000000-0000-0000-0000-00000000068b,81
1676,user_1676,2020-03-10,809.19,True,00000000-0000-0000-0000-00000000068c,13
1677,user_1677,2020-03-10,4029.8,True,00000000-0000-0000-0000-00000000068d,57
1678,user_1678,2020-03-10,1735.25,False,00000000-0000-0000-0000-00000000068e,37
1679,user_1679,2020-03-10,6949.51,False,00000000-0000-0000-0000-00000000068f,88
1680,user_1680,2020-03-11,3461.0,False,00000000-0000-0000-0000-000000000690,79
1681,user_1681,2020-03-11,9756.1,False,00000000-0000-0000-0000-000000000691,81
1682,user_1682,2020-03-11,6409.72,True,00000000-0000-0000-0000-000000000692,0
1683,user_1683,2020-03-11,8224.81,False,00000000-0000-0000-0000-000000000693,64
1684,user_1684,2020-03-11,1325.25,False,00000000-0000-0000-0000-000000000694,0
1685,user_1685,2020-03-11,8620.14,True,00000000-0000-0000-0000-000000000695,84
1686,user_1686,2020-03-11,9227.57,True,00000000-0000-0000-0000-000000000696,59
1687,user_1687,2020-03-11,4870.62,True,00000000-0000-0000-0000-000000000697,24
1688,user_1688,2020-03-11,6062.53,False,00000000-0000-0000-0000-000000000698,90
1689,user_1689,2020-03-11,7648.1,False,00000000-0000-0000-0000-000000000699,9
1690,user_1690,2020-03-11,1748.39,False,00000000-0000-0000-0000-00000000069a,49
1691,user_1691,2020-03-11,5025.66,False,00000000-0000-0000-0000-00000000069b,11
1692,user_1692,2020-03-11,3986.63,True,00000000-0000-0000-0000-00000000069c,91
1693,user_1693,2020-03-11,1463.74,True,00000000-0000-0000-0000-00000000069d,31
1694,user_1694,2020-03-11,3675.34,False,00000000-0000-0000-0000-00000000069e,32
1695,user_1695,2020-03-11,681.72,False,00000000-0000-0000-0000-00000000069f,71
1696,user_1696,2020-03-11,258.12,False,00000000-0000-0000-0000-0000000006a0,25
1697,user_1697,2020-03-11,1351.66,True,00000000-0000-0000-0000-0000000006a1,41
1698,user_1698,2020-03-11,9631.15,False,00000000-0000-0000-0000-0000000006a2,49
1699,user_1699,2020-03-11,5495.3,True,00000000-0000-0000-0000-0000000006a3,60
1700,user_1700,2020-03-11,9658.22,False,00000000-0000-0000-0000-0000000006a4,40
1701,user_1701,2020-03-11,4324.98,True,00000000-0000-0000-0000-0000000006a5,56
1702,user_1702,2020-03-11,3118.16,True,00000000-0000-0000-0000-0000000006a6,1
1703,user_1703,2020-03-11,5061.42,False,00000000-0000-0000-0000-0000000006a7,98
1704,user_1704,2020-03-12,4395.12,True,00000000-0000-0000-0000-0000000006a8,97
1705,user_1705,2020-03-12,1056.65,True,00000000-0000-0000-0000-0000000006a9,69
1706,user_1706,2020-03-12,6408.26,False,00000000-0000-0000-0000-0000000006aa,30
1707,user_1707,2020-03-12,2160.38,True,00000000-0000-0000-0000-0000000006ab,22
1708,user_1708,2020-03-12,6195.88,False,00000000-0000-0000-0000-0000000006ac,75
1709,user_1709,2020-03-12,6502.01,True,00000000-0000-0000-0000-0000000006ad,53
1710,user_1710,2020-03-12,1520.25,True,00000000-0000-0000-0000-0000000006ae,27
1711,user_1711,2020-03-12,613.5,True,00000000-0000-0000-0000-0000000006af,78
1712,user_1712,2020-03-12,7807.62,True,00000000-0000-0000-0000-0000000006b0,18
1713,user_1713,2020-03-12,4598.0,False,00000000-0000-0000-0000-0000000006b1,75
1714,user_1714,2020-03-12,581.64,False,00000000-0000-0000-0000-0000000006b2,47
1715,user_1715,2020-03-12,9948.66,False,00000000-0000-0000-0000-0000000006b3,1
1716,user_1716,2020-03-12,577.81,True,00000000-0000-0000-0000-0000000006b4,10
1717,user_1717,2020-03-12,6950.35,True,00000000-0000-0000-0000-0000000006b5,43
1718,user_1718,2020-03-12,9836.79,False,00000000-0000-0000-0000-0000000006b6,58
1719,user_1719,2020-03-12,2391.8,False,00000000-0000-0000-0000-0000000006b7,58
1720,user_1720,2020-03-12,1422.49,False,00000000-0000-0000-0000-0000000006b8,37
1721,user_1721,2020-03-12,1213.85,False,00000000-0000-0000-0000-0000000006b9,24
1722,user_1722,2020-03-12,3032.75,True,00000000-0000-0000-0000-0000000006ba,20
1723,user_1723,2020-03-12,1010.46,False,00000000-0000-0000-0000-0000000006bb,41
1724,user_1724,2020-03-12,6921.61,True,00000000-0000-0000-0000-0000000006bc,35
1725,user_1725,2020-03-12,622.92,False,00000000-0000-0000-0000-0000000006bd,8
1726,user_1726,2020-03-12,5094.22,True,00000000-0000-0000-0000-0000000006be,11
1727,user_1727,2020-03-12,9966.97,False,00000000-0000-0000-0000-0000000006bf,9
1728,user_1728,2020-03-13,8139.7,False,00000000-0000-0000-0000-0000000006c0,58
1729,user_1729,2020-03-13,6152.19,True,00000000-0000-0000-0000-0000000006c1,4
1730,user_1730,2020-03-13,3062.54,True,00000000-0000-0000-0000-0000000006c2,32
1731,user_1731,2020-03-13,6238.96,False,00000000-0000-0000-0000-0000000006c3,68
1732,user_1732,2020-03-13,5270.41,True,00000000-0000-0000-0000-0000000006c4,79
1733,user_1733,2020-03-13,4260.83,False,00000000-0000-0000-0000-0000000006c5,62
1734,user_1734,2020-03-13,1307.1,True,00000000-0000-0000-0000-0000000006c6,28
1735,user_1735,2020-03-13,8866.04,False,00000000-0000-0000-0000-0000000006c7,17
1736,user_1736,2020-03-13,4497.85,False,00000000-0000-0000-0000-0000000006c8,92
1737,user_1737,2020-03-13,1946.23,False,00000000-0000-0000-0000-0000000006c9,5
1738,user_1738,2020-03-13,3677.59,False,00000000-0000-0000-0000-0000000006ca,52
1739,user_1739,2020-03-13,4141.3,False,00000000-0000-0000-0000-0000000006cb,81
1740,user_1740,2020-03-13,8275.38,False,00000000-0000-0000-0000-0000000006cc,31
1741,user_1741,2020-03-13,7336.14,False,00000000-0000-0000-0000-0000000006cd,41
1742,user_1742,2020-03-13,7693.05,False,00000000-0000-0000-0000-0000000006ce,46
1743,user_1743,2020-03-13,110.31,True,00000000-0000-0000-0000-0000000006cf,30
1744,user_1744,2020-03-13,4161.54,True,00000000-0000-0000-0000-0000000006d0,61
1745,user_1745,2020-03-13,4813.44,True,00000000-0000-0000-0000-0000000006d1,55
1746,user_1746,2020-03-13,191.92,False,00000000-0000-0000-0000-0000000006d2,10
1747,user_1747,2020-03-13,2598.13,False,00000000-0000-0000-0000-0000000006d3,25
1748,user_1748,2020-03-13,7602.9,False,00000000-0000-0000-0000-0000000006d4,91
1749,user_1749,2020-03-13,1371.1,True,00000000-0000-0000-0000-0000000006d5,26
1750,user_1750,2020-03-13,5353.1,True,00000000-0000-0000-0000-0000000006d6,82
1751,user_1751,2020-03-13,2152.02,True,00000000-0000-0000-0000-0000000006d7,56
1752,user_1752,2020-03-14,121.21,True,00000000-0000-0000-0000-0000000006d8,26
1753,user_1753,2020-03-14,2412.01,True,00000000-0000-0000-0000-0000000006d9,58
1754,user_1754,2020-03-14,9758.74,False,00000000-0000-0000-0000-0000000006da,61
1755,user_1755,2020-03-14,8015.37,True,00000000-0000-0000-0000-0000000006db,19
1756,user_1756,2020-03-14,9595.77,False,00000000-0000-0000-0000-0000000006dc,2
1757,user_1757,2020-03-14,4878.54,False,00000000-0000-0000-0000-0000000006dd,15
1758,user_1758,2020-03-14,1097.36,False,00000000-0000-0000-0000-0000000006de,43
1759,user_1759,2020-03-14,5479.59,True,00000000-0000-0000-0000-0000000006df,92
1760,user_1760,2020-03-14,4543.77,True,00000000-0000-0000-0000-0000000006e0,78
1761,user_1761,2020-03-14,8443.57,False,00000000-0000-0000-0000-0000000006e1,29
1762,user_1762,2020-03-14,980.83,True,00000000-0000-0000-0000-0000000006e2,39
1763,user_1763,2020-03-14,4882.41,True,00000000-0000-0000-0000-0000000006e3,64
1764,user_1764,2020-03-14,1500.49,False,00000000-0000-0000-0000-0000000006e4,28
1765,user_1765,2020-03-14,3246.76,False,00000000-0000-0000-0000-0000000006e5,29
1766,user_1766,2020-03-14,7373.57,False,00000000-0000-0000-0000-0000000006e6,31
1767,user_1767,2020-03-14,4760.18,False,00000000-0000-0000-0000-0000000006e7,9
1768,user_1768,2020-03-14,3758.88,False,00000000-0000-0000-0000-0000000006e8,90
1769,user_1769,2020-03-14,3944.76,True,00000000-0000-0000-0000-0000000006e9,50
1770,user_1770,2020-03-14,4594.47,False,00000000-0000-0000-0000-0000000006ea,7
1771,user_1771,2020-03-14,7850.17,True,00000000-0000-0000-0000-0000000006eb,50
1772,user_1772,2020-03-14,8920.85,True,00000000-0000-0000-0000-0000000006ec,35
1773,user_1773,2020-03-14,9553.35,False,00000000-0000-0000-0000-0000000006ed,54
1774,user_1774,2020-03-14,7869.03,False,00000000-0000-0000-0000-0000000006ee,34
1775,user_1775,2020-03-14,3154.07,True,00000000-0000-0000-0000-0000000006ef,35
1776,user_1776,2020-03-15,6881.35,False,00000000-0000-0000-0000-0000000006f0,55
1777,user_1777,2020-03-15,4376.03,True,00000000-0000-0000-0000-0000000006f1,35
1778,user_1778,2020-03-15,2546.71,False,00000000-0000-0000-0000-0000000006f2,88
1779,user_1779,2020-03-15,8408.72,False,00000000-0000-0000-0000-0000000006f3,83
1780,user_1780,2020-03-15,384.26,True,00000000-0000-0000-0000-0000000006f4,60
1781,user_1781,2020-03-15,9017.62,True,00000000-0000-0000-0000-0000000006f5,61
1782,user_1782,2020-03-15,4614.77,False,00000000-0000-0000-0000-0000000006f6,80
1783,user_1783,2020-03-15,6372.01,False,00000000-0000-0000-0000-0000000006f7,86
1784,user_1784,2020-03-15,6593.54,False,00000000-0000-0000-0000-0000000006f8,24
1785,user_1785,2020-03-15,8951.18,True,00000000-0000-0000-0000-0000000006f9,63
1786,user_1786,2020-03-15,6366.7,False,00000000-0000-0000-0000-0000000006fa,59
1787,user_1787,2020-03-15,6139.34,False,00000000-0000-0000-0000-0000000006fb,56
1788,user_1788,2020-03-15,666.52,False,00000000-0000-0000-0000-0000000006fc,94
1789,user_1789,2020-03-15,5184.08,False,00000000-0000-0000-0000-0000000006fd,69
1790,user_1790,2020-03-15,1501.69,True,00000000-0000-0000-0000-0000000006fe,98
1791,user_1791,2020-03-15,7374.34,True,00000000-0000-0000-0000-0000000006ff,51
1792,user_1792,2020-03-15,5122.22,True,00000000-0000-0000-0000-000000000700,55
1793,user_1793,2020-03-15,6802.28,False,00000000-0000-0000-0000-000000000701,62
1794,user_1794,2020-03-15,416.73,False,00000000-0000-0000-0000-000000000702,67
1795,user_1795,2020-03-15,847.92,False,00000000-0000-0000-0000-000000000703,19
1796,user_1796,2020-03-15,7163.23,True,00000000-0000-0000-0000-000000000704,53
1797,user_1797,2020-03-15,720.84,True,00000000-0000-0000-0000-000000000705,0
1798,user_1798,2020-03-15,712.57,True,00000000-0000-0000-0000-000000000706,89
1799,user_1799,2020-03-15,121.08,True,00000000-0000-0000-0000-000000000707,97
1800,user_1800,2020-03-16,9565.01,False,00000000-0000-0000-0000-000000000708,9
1801,user_1801,2020-03-16,7375.08,True,00000000-0000-0000-0000-000000000709,22
1802,user_1802,2020-03-16,3532.51,True,00000000-0000-0000-0000-00000000070a,50
1803,user_1803,2020-03-16,2965.36,False,00000000-0000-0000-0000-00000000070b,23
1804,user_1804,2020-03-16,3497.03,True,00000000-0000-0000-0000-00000000070c,12
1805,user_1805,2020-03-16,7746.54,False,00000000-0000-0000-0000-00000000070d,28
1806,user_1806,2020-03-16,6613.71,False,00000000-0000-0000-0000-00000000070e,57
1807,user_1807,2020-03-16,1851.96,False,00000000-0000-0000-0000-00000000070f,90
1808,user_1808,2020-03-16,1741.09,False,00000000-0000-0000-0000-000000000710,94
1809,user_1809,2020-03-16,983.96,False,00000000-0000-0000-0000-000000000711,42
1810,user_1810,2020-03-16,6603.03,True,00000000-0000-0000-0000-000000000712,9
1811,user_1811,2020-03-16,7643.73,True,00000000-0000-0000-0000-000000000713,30
1812,user_1812,2020-03-16,2650.46,False,00000000-0000-0000-0000-000000000714,73
1813,user_1813,2020-03-16,209.45,True,00000000-0000-0000-0000-000000000715,87
1814,user_1814,2020-03-16,821.72,False,00000000-0000-0000-0000-000000000716,96
1815,user_1815,2020-03-16,9678.6,True,00000000-0000-0000-0000-000000000717,13
1816,user_1816,2020-03-16,2954.45,True,00000000-0000-0000-0000-000000000718,98
1817,user_1817,2020-03-16,7692.23,True,00000000-0000-0000-0000-000000000719,33
1818,user_1818,2020-03-16,6246.64,True,00000000-0000-0000-0000-00000000071a,16
1819,user_1819,2020-03-16,3819.4,True,00000000-0000-0000-0000-00000000071b,20
1820,user_1820,2020-03-16,2056.87,True,00000000-0000-0000-0000-00000000071c,95
1821,user_1821,2020-03-16,1213.86,True,00000000-0000-0000-0000-00000000071d,66
1822,user_1822,2020-03-16,6150.13,False,00000000-0000-0000-0000-00000000071e,57
1823,user_1823,2020-03-16,7746.34,False,00000000-0000-0000-0000-00000000071f,78
1824,user_1824,2020-03-17,6439.04,False,00000000-0000-0000-0000-000000000720,7
1825,user_1825,2020-03-17,5303.02,True,00000000-0000-0000-0000-000000000721,95
1826,user_1826,2020-03-17,419.51,True,00000000-0000-0000-0000-000000000722,37
1827,user_1827,2020-03-17,9684.89,False,00000000-0000-0000-0000-000000000723,25
1828,user_1828,2020-03-17,7987.14,False,00000000-0000-0000-0000-000000000724,63
1829,user_1829,2020-03-17,2928.22,True,00000000-0000-0000-0000-000000000725,29
1830,user_1830,2020-03-17,9799.7,False,00000000-0000-0000-0000-000000000726,8
1831,user_1831,2020-03-17,6018.82,False,00000000-0000-0000-0000-000000000727,31
1832,user_1832,2020-03-17,5824.23,False,00000000-0000-0000-0000-000000000728,10
1833,user_1833,2020-03-17,7480.73,False,00000000-0000-0000-0000-000000000729,85
1834,user_1834,2020-03-17,8117.7,True,00000000-0000-0000-0000-00000000072a,33
1835,user_1835,2020-03-17,6564.79,False,00000000-0000-0000-0000-00000000072b,17
1836,user_1836,2020-03-17,1280.96,False,00000000-0000-0000-0000-00000000072c,18
1837,user_1837,2020-03-17,3382.68,False,00000000-0000-0000-0000-00000000072d,53
1838,user_1838,2020-03-17,9280.84,False,00000000-0000-0000-0000-00000000072e,81
1839,user_1839,2020-03-17,2246.16,True,00000000-0000-0000-0000-00000000072f,36
1840,user_1840,2020-03-17,3721.67,False,00000000-0000-0000-0000-000000000730,81
1841,user_1841,2020-03-17,4320.77,False,00000000-0000-0000-0000-000000000731,11
1842,user_1842,2020-03-17,4394.05,False,00000000-0000-0000-0000-000000000732,3
1843,user_1843,2020-03-17,6129.4,False,00000000-0000-0000-0000-000000000733,42
1844,user_1844,2020-03-17,9430.76,False,00000000-0000-0000-0000-000000000734,26
1845,user_1845,2020-03-17,2406.93,True,00000000-0000-0000-0000-000000000735,50
1846,user_1846,2020-03-17,1215.01,False,00000000-0000-0000-0000-000000000736,4
1847,user_1847,2020-03-17,1974.7,False,00000000-0000-0000-0000-000000000737,5
1848,user_1848,2020-03-18,8869.25,True,00000000-0000-0000-0000-000000000738,76
1849,user_1849,2020-03-18,6458.11,False,00000000-0000-0000-0000-000000000739,86
1850,user_1850,2020-03-18,2859.07,True,00000000-0000-0000-0000-00000000073a,55
1851,user_1851,2020-03-18,8159.47,False,00000000-0000-0000-0000-00000000073b,88
1852,user_1852,2020-03-18,8613.7,True,00000000-0000-0000-0000-00000000073c,67
1853,user_1853,2020-03-18,8465.14,True,00000000-0000-0000-0000-00000000073d,95
1854,user_1854,2020-03-18,9189.27,False,00000000-0000-0000-0000-00000000073e,43
1855,user_1855,2020-03-18,2522.41,True,00000000-0000-0000-0000-00000000073f,14
1856,user_1856,2020-03-18,7550.42,False,00000000-0000-0000-0000-000000000740,89
1857,user_1857,2020-03-18,4605.39,True,00000000-0000-0000-0000-000000000741,41
1858,user_1858,2020-03-18,8419.99,True,00000000-0000-0000-0000-000000000742,10
1859,user_1859,2020-03-18,7284.91,False,00000000-0000-0000-0000-000000000743,72
1860,user_1860,2020-03-18,7764.47,True,00000000-0000-0000-0000-000000000744,10
1861,user_1861,2020-03-18,6561.62,False,00000000-0000-0000-0000-000000000745,65
1862,user_1862,2020-03-18,1774.29,True,00000000-0000-0000-0000-000000000746,26
1863,user_1863,2020-03-18,5450.27,True,00000000-0000-0000-0000-000000000747,57
1864,user_1864,2020-03-18,9846.7,False,00000000-0000-0000-0000-000000000748,89
1865,user_1865,2020-03-18,9373.88,False,00000000-0000-0000-0000-000000000749,71
1866,user_1866,2020-03-18,431.74,True,00000000-0000-0000-0000-00000000074a,20
1867,user_1867,2020-03-18,1648.15,False,00000000-0000-0000-0000-00000000074b,20
1868,user_1868,2020-03-18,1317.29,False,00000000-0000-0000-0000-00000000074c,71
1869,user_1869,2020-03-18,7259.8,True,00000000-0000-0000-0000-00000000074d,0
1870,user_1870,2020-03-18,8177.85,True,00000000-0000-0000-0000-00000000074e,57
1871,user_1871,2020-03-18,2135.11,False,00000000-0000-0000-0000-00000000074f,12
1872,user_1872,2020-03-19,5058.53,True,00000000-0000-0000-0000-000000000750,72
1873,user_1873,2020-03-19,8407.03,False,00000000-0000-0000-0000-000000000751,91
1874,user_1874,2020-03-19,7328.02,False,00000000-0000-0000-0000-000000000752,5
1875,user_1875,2020-03-19,5422.37,False,00000000-0000-0000-0000-000000000753,86
1876,user_1876,2020-03-19,5903.48,False,00000000-0000-0000-0000-000000000754,99
1877,user_1877,2020-03-19,5083.61,False,00000000-0000-0000-0000-000000000755,57
1878,user_1878,2020-03-19,2975.48,False,00000000-0000-0000-0000-000000000756,16
1879,user_1879,2020-03-19,5650.22,True,00000000-0000-0000-0000-000000000757,72
1880,user_1880,2020-03-19,6888.85,False,00000000-0000-0000-0000-000000000758,11
1881,user_1881,2020-03-19,8733.23,True,00000000-0000-0000-0000-000000000759,85
1882,user_1882,2020-03-19,6362.91,False,00000000-0000-0000-0000-00000000075a,51
1883,user_1883,2020-03-19,7611.22,True,00000000-0000-0000-0000-00000000075b,75
1884,user_1884,2020-03-19,1600.72,True,00000000-0000-0000-0000-00000000075c,69
1885,user_1885,2020-03-19,4615.57,True,00000000-0000-0000-0000-00000000075d,72
1886,user_1886,2020-03-19,93.32,False,00000000-0000-0000-0000-00000000075e,51
1887,user_1887,2020-03-19,2466.79,True,00000000-0000-0000-0000-00000000075f,36
1888,user_1888,2020-03-19,7264.62,True,00000000-0000-0000-0000-000000000760,2
1889,user_1889,2020-03-19,9918.1,False,00000000-0000-0000-0000-000000000761,97
1890,user_1890,2020-03-19,991.78,True,00000000-0000-0000-0000-000000000762,7
1891,user_1891,2020-03-19,4014.94,True,00000000-0000-0000-0000-000000000763,9
1892,user_1892,2020-03-19,8000.71,False,00000000-0000-0000-0000-000000000764,46
1893,user_1893,2020-03-19,2040.36,True,00000000-0000-0000-0000-000000000765,40
1894,user_1894,2020-03-19,5550.85,True,00000000-0000-0000-0000-000000000766,63
1895,user_1895,2020-03-19,7330.71,False,00000000-0000-0000-0000-000000000767,41
1896,user_1896,2020-03-20,6159.85,True,00000000-0000-0000-0000-000000000768,42
1897,user_1897,2020-03-20,1880.25,True,00000000-0000-0000-0000-000000000769,8
1898,user_1898,2020-03-20,3553.85,True,00000000-0000-0000-0000-00000000076a,13
1899,user_1899,2020-03-20,7837.92,True,00000000-0000-0000-0000-00000000076b,90
1900,user_1900,2020-03-20,5542.27,False,00000000-0000-0000-0000-00000000076c,95
1901,user_1901,2020-03-20,52.3,False,00000000-0000-0000-0000-00000000076d,3
1902,user_1902,2020-03-20,7609.91,False,00000000-0000-0000-0000-00000000076e,1
1903,user_1903,2020-03-20,353.11,False,00000000-0000-0000-0000-00000000076f,96
1904,user_1904,2020-03-20,7457.34,True,00000000-0000-0000-0000-000000000770,84
1905,user_1905,2020-03-20,2024.81,False,00000000-0000-0000-0000-000000000771,0
1906,user_1906,2020-03-20,9580.73,False,00000000-0000-0000-0000-000000000772,74
1907,user_1907,2020-03-20,3679.41,True,00000000-0000-0000-0000-000000000773,64
1908,user_1908,2020-03-20,3269.32,True,00000000-0000-0000-0000-000000000774,45
1909,user_1909,2020-03-20,1488.88,True,00000000-0000-0000-0000-000000000775,58
1910,user_1910,2020-03-20,3056.04,False,00000000-0000-0000-0000-000000000776,74
1911,user_1911,2020-03-20,8766.51,True,00000000-0000-0000-0000-000000000777,6
1912,user_1912,2020-03-20,9963.34,True,00000000-0000-0000-0000-000000000778,65
1913,user_1913,2020-03-20,3683.1,True,00000000-0000-0000-0000-000000000779,14
1914,user_1914,2020-03-20,4486.11,False,00000000-0000-0000-0000-00000000077a,71
1915,user_1915,2020-03-20,7220.71,False,00000000-0000-0000-0000-00000000077b,46
1916,user_1916,2020-03-20,8861.96,False,00000000-0000-0000-0000-00000000077c,89
1917,user_1917,2020-03-20,5930.44,False,00000000-0000-0000-0000-00000000077d,39
1918,user_1918,2020-03-20,3915.26,False,00000000-0000-0000-0000-00000000077e,41
1919,user_1919,2020-03-20,4126.22,False,00000000-0000-0000-0000-00000000077f,50
1920,user_1920,2020-03-21,6956.18,False,00000000-0000-0000-0000-000000000780,34
1921,user_1921,2020-03-21,32.18,True,00000000-0000-0000-0000-000000000781,40
1922,user_1922,2020-03-21,6195.89,True,00000000-0000-0000-0000-000000000782,84
1923,user_1923,2020-03-21,3554.93,True,00000000-0000-0000-0000-000000000783,56
1924,user_1924,2020-03-21,7941.97,False,00000000-0000-0000-0000-000000000784,37
1925,user_1925,2020-03-21,929.91,False,00000000-0000-0000-0000-000000000785,71
1926,user_1926,2020-03-21,5882.02,True,00000000-0000-0000-0000-000000000786,95
1927,user_1927,2020-03-21,4809.73,True,00000000-0000-0000-0000-000000000787,7
1928,user_1928,2020-03-21,6423.26,False,00000000-0000-0000-0000-000000000788,73
1929,user_1929,2020-03-21,648.54,False,00000000-0000-0000-0000-000000000789,62
1930,user_1930,2020-03-21,5799.84,False,00000000-0000-0000-0000-00000000078a,86
1931,user_1931,2020-03-21,5614.85,False,00000000-0000-0000-0000-00000000078b,3
1932,user_1932,2020-03-21,5606.6,False,00000000-0000-0000-0000-00000000078c,47
1933,user_1933,2020-03-21,6034.88,False,00000000-0000-0000-0000-00000000078d,51
1934,user_1934,2020-03-21,6764.68,False,00000000-0000-0000-0000-00000000078e,37
1935,user_1935,2020-03-21,8049.89,False,00000000-0000-0000-0000-00000000078f,93
1936,user_1936,2020-03-21,2698.21,True,00000000-0000-0000-0000-000000000790,86
1937,user_1937,2020-03-21,8250.49,False,00000000-0000-0000-0000-000000000791,4
1938,user_1938,2020-03-21,4982.56,False,00000000-0000-0000-0000-000000000792,84
1939,user_1939,2020-03-21,770.58,False,00000000-0000-0000-0000-000000000793,69
1940,user_1940,2020-03-21,585.51,True,00000000-0000-0000-0000-000000000794,80
1941,user_1941,2020-03-21,3342.38,True,00000000-0000-0000-0000-000000000795,88
1942,user_1942,2020-03-21,7848.97,False,00000000-0000-0000-0000-000000000796,23
1943,user_1943,2020-03-21,7076.81,True,00000000-0000-0000-0000-000000000797,85
1944,user_1944,2020-03-22,7886.15,True,00000000-0000-0000-0000-000000000798,76
1945,user_1945,2020-03-22,5172.69,True,00000000-0000-0000-0000-000000000799,16
1946,user_1946,2020-03-22,4401.99,False,00000000-0000-0000-0000-00000000079a,77
1947,user_1947,2020-03-22,1474.53,False,00000000-0000-0000-0000-00000000079b,97
1948,user_1948,2020-03-22,3281.93,False,00000000-0000-0000-0000-00000000079c,89
1949,user_1949,2020-03-22,4340.19,False,00000000-0000-0000-0000-00000000079d,82
1950,user_1950,2020-03-22,886.0,False,00000000-0000-0000-0000-00000000079e,25
1951,user_1951,2020-03-22,2206.12,False,00000000-0000-0000-0000-00000000079f,2
1952,user_1952,2020-03-22,5982.25,False,00000000-0000-0000-0000-0000000007a0,1
1953,user_1953,2020-03-22,7356.63,True,00000000-0000-0000-0000-0000000007a1,91
1954,user_1954,2020-03-22,9983.48,False,00000000-0000-0000-0000-0000000007a2,1
1955,user_1955,2020-03-22,9331.13,False,00000000-0000-0000-0000-0000000007a3,21
1956,user_1956,2020-03-22,6425.65,False,00000000-0000-0000-0000-0000000007a4,70
1957,user_1957,2020-03-22,4212.48,False,00000000-0000-0000-0000-0000000007a5,3
1958,user_1958,2020-03-22,6361.77,False,00000000-0000-0000-0000-0000000007a6,37
1959,user_1959,2020-03-22,7856.52,False,00000000-0000-0000-0000-0000000007a7,83
1960,user_1960,2020-03-22,1183.36,False,00000000-0000-0000-0000-0000000007a8,69
1961,user_1961,2020-03-22,4099.05,False,00000000-0000-0000-0000-0000000007a9,72
1962,user_1962,2020-03-22,8398.02,True,00000000-0000-0000-0000-0000000007aa,51
1963,user_1963,2020-03-22,3838.33,True,00000000-0000-0000-0000-0000000007ab,30
1964,user_1964,2020-03-22,5718.72,False,00000000-0000-0000-0000-0000000007ac,25
1965,user_1965,2020-03-22,5877.69,False,00000000-0000-0000-0000-0000000007ad,35
1966,user_1966,2020-03-22,1844.76,True,00000000-0000-0000-0000-0000000007ae,25
1967,user_1967,2020-03-22,3622.35,False,00000000-0000-0000-0000-0000000007af,27
1968,user_1968,2020-03-23,3345.11,False,00000000-0000-0000-0000-0000000007b0,4
1969,user_1969,2020-03-23,261.97,True,00000000-0000-0000-0000-0000000007b1,73
1970,user_1970,2020-03-23,241.92,False,00000000-0000-0000-0000-0000000007b2,17
1971,user_1971,2020-03-23,8316.97,False,00000000-0000-0000-0000-0000000007b3,14
1972,user_1972,2020-03-23,2730.71,False,00000000-0000-0000-0000-0000000007b4,56
1973,user_1973,2020-03-23,5180.79,True,00000000-0000-0000-0000-0000000007b5,96
1974,user_1974,2020-03-23,2987.26,True,00000000-0000-0000-0000-0000000007b6,4
1975,user_1975,2020-03-23,9406.79,False,00000000-0000-0000-0000-0000000007b7,36
1976,user_1976,2020-03-23,2592.97,True,00000000-0000-0000-0000-0000000007b8,85
1977,user_1977,2020-03-23,4296.57,True,00000000-0000-0000-0000-0000000007b9,85
1978,user_1978,2020-03-23,8727.3,True,00000000-0000-0000-0000-0000000007ba,21
1979,user_1979,2020-03-23,8419.34,False,00000000-0000-0000-0000-0000000007bb,51
1980,user_1980,2020-03-23,1861.01,True,00000000-0000-0000-0000-0000000007bc,14
1981,user_1981,2020-03-23,8026.43,True,00000000-0000-0000-0000-0000000007bd,16
1982,user_1982,2020-03-23,4581.87,True,00000000-0000-0000-0000-0000000007be,50
1983,user_1983,2020-03-23,4829.69,False,00000000-0000-0000-0000-0000000007bf,44
1984,user_1984,2020-03-23,1334.8,True,00000000-0000-0000-0000-0000000007c0,62
1985,user_1985,2020-03-23,806.02,True,00000000-0000-0000-0000-0000000007c1,27
1986,user_1986,2020-03-23,7279.39,False,00000000-0000-0000-0000-0000000007c2,58
1987,user_1987,2020-03-23,4964.61,True,00000000-0000-0000-0000-0000000007c3,85
1988,user_1988,2020-03-23,4368.51,True,00000000-0000-0000-0000-0000000007c4,20
1989,user_1989,2020-03-23,7295.08,True,00000000-0000-0000-0000-0000000007c5,41
1990,user_1990,2020-03-23,7655.13,False,00000000-0000-0000-0000-0000000007c6,80
1991,user_1991,2020-03-23,1589.08,False,00000000-0000-0000-0000-0000000007c7,68
1992,user_1992,2020-03-24,6102.25,True,00000000-0000-0000-0000-0000000007c8,81
1993,user_1993,2020-03-24,1353.54,True,00000000-0000-0000-0000-0000000007c9,16
1994,user_1994,2020-03-24,7513.75,True,00000000-0000-0000-0000-0000000007ca,67
1995,user_1995,2020-03-24,6569.55,True,00000000-0000-0000-0000-0000000007cb,6
1996,user_1996,2020-03-24,9566.15,True,00000000-0000-0000-0000-0000000007cc,88
1997,user_1997,2020-03-24,689.58,True,00000000-0000-0000-0000-0000000007cd,39
1998,user_1998,2020-03-24,570.55,False,00000000-0000-0000-0000-0000000007ce,39
1999,user_1999,2020-03-24,2821.87,True,00000000-0000-0000-0000-0000000007cf,42
2000,user_2000,2020-03-24,2617.06,True,00000000-0000-0000-0000-0000000007d0,72
2001,user_2001,2020-03-24,2469.79,True,00000000-0000-0000-0000-0000000007d1,82
2002,user_2002,2020-03-24,9062.55,False,00000000-0000-0000-0000-0000000007d2,50
2003,user_2003,2020-03-24,2495.46,True,00000000-0000-0000-0000-0000000007d3,72
2004,user_2004,2020-03-24,2719.5,False,00000000-0000-0000-0000-0000000007d4,22
2005,user_2005,2020-03-24,7593.98,True,00000000-0000-0000-0000-0000000007d5,94
2006,user_2006,2020-03-24,4497.4,True,00000000-0000-0000-0000-0000000007d6,31
2007,user_2007,2020-03-24,7767.11,True,00000000-0000-0000-0000-0000000007d7,30
2008,user_2008,2020-03-24,653.66,True,00000000-0000-0000-0000-0000000007d8,16
2009,user_2009,2020-03-24,4875.71,True,00000000-0000-0000-0000-0000000007d9,57
2010,user_2010,2020-03-24,336.14,True,00000000-0000-0000-0000-0000000007da,85
2011,user_2011,2020-03-24,626.53,False,00000000-0000-0000-0000-0000000007db,34
2012,user_2012,2020-03-24,9064.37,True,00000000-0000-0000-0000-0000000007dc,29
2013,user_2013,2020-03-24,1392.45,True,00000000-0000-0000-0000-0000000007dd,63
2014,user_2014,2020-03-24,5324.21,True,00000000-0000-0000-0000-0000000007de,52
2015,user_2015,2020-03-24,4110.96,False,00000000-0000-0000-0000-0000000007df,50
2016,user_2016,2020-03-25,3473.43,True,00000000-0000-0000-0000-0000000007e0,36
2017,user_2017,2020-03-25,8998.33,False,00000000-0000-0000-0000-0000000007e1,89
2018,user_2018,2020-03-25,218.23,True,00000000-0000-0000-0000-0000000007e2,5
2019,user_2019,2020-03-25,6637.9,True,00000000-0000-0000-0000-0000000007e3,33
2020,user_2020,2020-03-25,9633.94,False,00000000-0000-0000-0000-0000000007e4,55
2021,user_2021,2020-03-25,5601.68,False,00000000-0000-0000-0000-0000000007e5,95
2022,user_2022,2020-03-25,9368.22,True,00000000-0000-0000-0000-0000000007e6,24
2023,user_2023,2020-03-25,522.58,False,00000000-0000-0000-0000-0000000007e7,12
2024,user_2024,2020-03-25,4187.93,False,00000000-0000-0000-0000-0000000007e8,62
2025,user_2025,2020-03-25,2601.58,True,00000000-0000-0000-0000-0000000007e9,65
2026,user_2026,2020-03-25,7308.21,True,00000000-0000-0000-0000-0000000007ea,4
2027,user_2027,2020-03-25,9812.97,True,00000000-0000-0000-0000-0000000007eb,74
2028,user_2028,2020-03-25,2565.3,False,00000000-0000-0000-0000-0000000007ec,10
2029,user_2029,2020-03-25,6541.75,True,00000000-0000-0000-0000-0000000007ed,87
2030,user_2030,2020-03-25,1980.98,True,00000000-0000-0000-0000-0000000007ee,77
2031,user_2031,2020-03-25,5653.3,False,00000000-0000-0000-0000-0000000007ef,93
2032,user_2032,2020-03-25,4639.32,False,00000000-0000-0000-0000-0000000007f0,43
2033,user_2033,2020-03-25,9720.05,True,00000000-0000-0000-0000-0000000007f1,98
2034,user_2034,2020-03-25,6085.27,False,00000000-0000-0000-0000-0000000007f2,84
2035,user_2035,2020-03-25,3495.06,False,00000000-0000-0000-0000-0000000007f3,68
2036,user_2036,2020-03-25,1140.96,False,00000000-0000-0000-0000-0000000007f4,1
2037,user_2037,2020-03-25,1512.47,True,00000000-0000-0000-0000-0000000007f5,39
2038,user_2038,2020-03-25,2253.17,True,00000000-0000-0000-0000-0000000007f6,36
2039,user_2039,2020-03-25,2509.67,True,00000000-0000-0000-0000-0000000007f7,48
2040,user_2040,2020-03-26,8506.16,False,00000000-0000-0000-0000-0000000007f8,97
2041,user_2041,2020-03-26,5612.23,True,00000000-0000-0000-0000-0000000007f9,74
2042,user_2042,2020-03-26,5233.91,True,00000000-0000-0000-0000-0000000007fa,35
2043,user_2043,2020-03-26,1147.69,False,00000000-0000-0000-0000-0000000007fb,74
2044,user_2044,2020-03-26,8601.4,False,00000000-0000-0000-0000-0000000007fc,72
2045,user_2045,2020-03-26,7228.14,True,00000000-0000-0000-0000-0000000007fd,69
2046,user_2046,2020-03-26,676.68,False,00000000-0000-0000-0000-0000000007fe,33
2047,user_2047,2020-03-26,7078.35,True,00000000-0000-0000-0000-0000000007ff,57
2048,user_2048,2020-03-26,5435.38,True,00000000-0000-0000-0000-000000000800,36
2049,user_2049,2020-03-26,817.25,True,00000000-0000-0000-0000-000000000801,95
2050,user_2050,2020-03-26,4583.01,False,00000000-0000-0000-0000-000000000802,59
2051,user_2051,2020-03-26,4846.96,False,00000000-0000-0000-0000-000000000803,11
2052,user_2052,2020-03-26,1657.75,True,00000000-0000-0000-0000-000000000804,31
2053,user_2053,2020-03-26,9456.98,True,00000000-0000-0000-0000-000000000805,80
2054,user_2054,2020-03-26,8499.75,True,00000000-0000-0000-0000-000000000806,3
2055,user_2055,2020-03-26,6690.22,True,00000000-0000-0000-0000-000000000807,32
2056,user_2056,2020-03-26,4622.96,False,00000000-0000-0000-0000-000000000808,42
2057,user_2057,2020-03-26,4117.66,True,00000000-0000-0000-0000-000000000809,8
2058,user_2058,2020-03-26,6509.73,True,00000000-0000-0000-0000-00000000080a,97
2059,user_2059,2020-03-26,5454.32,False,00000000-0000-0000-0000-00000000080b,50
2060,user_2060,2020-03-26,622.73,True,00000000-0000-0000-0000-00000000080c,93
2061,user_2061,2020-03-26,5125.03,True,00000000-0000-0000-0000-00000000080d,19
2062,user_2062,2020-03-26,8064.04,True,00000000-0000-0000-0000-00000000080e,38
2063,user_2063,2020-03-26,4592.4,True,00000000-0000-0000-0000-00000000080f,22
2064,user_2064,2020-03-27,519.57,True,00000000-0000-0000-0000-000000000810,40
2065,user_2065,2020-03-27,7862.78,False,00000000-0000-0000-0000-000000000811,43
2066,user_2066,2020-03-27,2013.64,False,00000000-0000-0000-0000-000000000812,34
2067,user_2067,2020-03-27,2586.21,False,00000000-0000-0000-0000-000000000813,22
2068,user_2068,2020-03-27,1647.06,False,00000000-0000-0000-0000-000000000814,57
2069,user_2069,2020-03-27,3302.15,True,00000000-0000-0000-0000-000000000815,47
2070,user_2070,2020-03-27,7567.52,False,00000000-0000-0000-0000-000000000816,86
2071,user_2071,2020-03-27,5193.86,False,00000000-0000-0000-0000-000000000817,57
2072,user_2072,2020-03-27,2048.81,False,00000000-0000-0000-0000-000000000818,56
2073,user_2073,2020-03-27,8778.3,False,00000000-0000-0000-0000-000000000819,86
2074,user_2074,2020-03-27,8795.82,False,00000000-0000-0000-0000-00000000081a,38
2075,user_2075,2020-03-27,8705.78,False,00000000-0000-0000-0000-00000000081b,27
2076,user_2076,2020-03-27,2387.96,False,00000000-0000-0000-0000-00000000081c,63
2077,user_2077,2020-03-27,4512.39,False,00000000-0000-0000-0000-00000000081d,61
2078,user_2078,2020-03-27,9849.9,True,00000000-0000-0000-0000-00000000081e,82
2079,user_2079,2020-03-27,7720.12,False,00000000-0000-0000-0000-00000000081f,61
2080,user_2080,2020-03-27,271.67,True,00000000-0000-0000-0000-000000000820,93
2081,user_2081,2020-03-27,652.05,False,00000000-0000-0000-0000-000000000821,84
2082,user_2082,2020-03-27,4639.31,False,00000000-0000-0000-0000-000000000822,87
2083,user_2083,2020-03-27,9092.2,False,00000000-0000-0000-0000-000000000823,84
2084,user_2084,2020-03-27,5387.02,True,00000000-0000-0000-0000-000000000824,25
2085,user_2085,2020-03-27,4978.13,True,00000000-0000-0000-0000-000000000825,50
2086,user_2086,2020-03-27,1054.74,False,00000000-0000-0000-0000-000000000826,49
2087,user_2087,2020-03-27,6567.8,True,00000000-0000-0000-0000-000000000827,35
2088,user_2088,2020-03-28,8221.03,False,00000000-0000-0000-0000-000000000828,25
2089,user_2089,2020-03-28,3804.2,True,00000000-0000-0000-0000-000000000829,32
2090,user_2090,2020-03-28,7756.12,True,00000000-0000-0000-0000-00000000082a,99
2091,user_2091,2020-03-28,9644.77,True,00000000-0000-0000-0000-00000000082b,67
2092,user_2092,2020-03-28,2037.66,False,00000000-0000-0000-0000-00000000082c,72
2093,user_2093,2020-03-28,5233.3,True,00000000-0000-0000-0000-00000000082d,7
2094,user_2094,2020-03-28,2871.38,True,00000000-0000-0000-0000-00000000082e,65
2095,user_2095,2020-03-28,7928.54,False,00000000-0000-0000-0000-00000000082f,92
2096,user_2096,2020-03-28,5775.93,True,00000000-0000-0000-0000-000000000830,22
2097,user_2097,2020-03-28,6345.82,False,00000000-0000-0000-0000-000000000831,69
2098,user_2098,2020-03-28,7979.14,False,00000000-0000-0000-0000-000000000832,54
2099,user_2099,2020-03-28,3959.7,True,00000000-0000-0000-0000-000000000833,42
2100,user_2100,2020-03-28,9150.9,False,00000000-0000-0000-0000-000000000834,99
2101,user_2101,2020-03-28,5330.29,True,00000000-0000-0000-0000-000000000835,20
2102,user_2102,2020-03-28,1579.55,True,00000000-0000-0000-0000-000000000836,21
2103,user_2103,2020-03-28,6958.99,False,00000000-0000-0000-0000-000000000837,8
2104,user_2104,2020-03-28,7932.61,True,00000000-0000-0000-0000-000000000838,33
2105,user_2105,2020-03-28,3167.62,True,00000000-0000-0000-0000-000000000839,58
2106,user_2106,2020-03-28,8571.79,False,00000000-0000-0000-0000-00000000083a,25
2107,user_2107,2020-03-28,9061.43,False,00000000-0000-0000-0000-00000000083b,0
2108,user_2108,2020-03-28,2769.04,True,00000000-0000-0000-0000-00000000083c,99
2109,user_2109,2020-03-28,9835.21,False,00000000-0000-0000-0000-00000000083d,4
2110,user_2110,2020-03-28,1407.12,False,00000000-0000-0000-0000-00000000083e,40
2111,user_2111,2020-03-28,2020.16,False,00000000-0000-0000-0000-00000000083f,62
2112,user_2112,2020-03-29,1842.25,False,00000000-0000-0000-0000-000000000840,21
2113,user_2113,2020-03-29,8939.9,True,00000000-0000-0000-0000-000000000841,67
2114,user_2114,2020-03-29,6542.93,True,00000000-0000-0000-0000-000000000842,47
2115,user_2115,2020-03-29,1521.04,False,00000000-0000-0000-0000-000000000843,65
2116,user_2116,2020-03-29,4403.23,True,00000000-0000-0000-0000-000000000844,15
2117,user_2117,2020-03-29,6152.98,False,00000000-0000-0000-0000-000000000845,79
2118,user_2118,2020-03-29,834.64,False,00000000-0000-0000-0000-000000000846,52
2119,user_2119,2020-03-29,8824.16,True,00000000-0000-0000-0000-000000000847,85
2120,user_2120,2020-03-29,8036.04,True,00000000-0000-0000-0000-000000000848,64
2121,user_2121,2020-03-29,5052.07,True,00000000-0000-0000-0000-000000000849,78
2122,user_2122,2020-03-29,9671.27,True,00000000-0000-0000-0000-00000000084a,63
2123,user_2123,2020-03-29,4177.61,False,00000000-0000-0000-0000-00000000084b,87
2124,user_2124,2020-03-29,9841.1,False,00000000-0000-0000-0000-00000000084c,67
2125,user_2125,2020-03-29,6679.2,True,00000000-0000-0000-0000-00000000084d,62
2126,user_2126,2020-03-29,6346.71,False,00000000-0000-0000-0000-00000000084e,61
2127,user_2127,2020-03-29,1659.55,True,00000000-0000-0000-0000-00000000084f,81
2128,user_2128,2020-03-29,8819.28,True,00000000-0000-0000-0000-000000000850,80
2129,user_2129,2020-03-29,4274.9,True,00000000-0000-0000-0000-000000000851,70
2130,user_2130,2020-03-29,1622.33,False,00000000-0000-0000-0000-000000000852,44
2131,user_2131,2020-03-29,126.08,False,00000000-0000-0000-0000-000000000853,51
2132,user_2132,2020-03-29,5597.56,True,00000000-0000-0000-0000-000000000854,73
2133,user_2133,2020-03-29,5274.0,True,00000000-0000-0000-0000-000000000855,64
2134,user_2134,2020-03-29,7193.54,True,00000000-0000-0000-0000-000000000856,1
2135,user_2135,2020-03-29,8902.58,True,00000000-0000-0000-0000-000000000857,48
2136,user_2136,2020-03-30,794.07,False,00000000-0000-0000-0000-000000000858,21
2137,user_2137,2020-03-30,7314.96,False,00000000-0000-0000-0000-000000000859,95
2138,user_2138,2020-03-30,1874.12,True,00000000-0000-0000-0000-00000000085a,28
2139,user_2139,2020-03-30,8581.77,True,00000000-0000-0000-0000-00000000085b,34
2140,user_2140,2020-03-30,8190.64,False,00000000-0000-0000-0000-00000000085c,80
2141,user_2141,2020-03-30,5407.94,True,00000000-0000-0000-0000-00000000085d,75
2142,user_2142,2020-03-30,7102.43,False,00000000-0000-0000-0000-00000000085e,23
2143,user_2143,2020-03-30,3143.5,False,00000000-0000-0000-0000-00000000085f,93
2144,user_2144,2020-03-30,4711.68,True,00000000-0000-0000-0000-000000000860,29
2145,user_2145,2020-03-30,8216.37,False,00000000-0000-0000-0000-000000000861,83
2146,user_2146,2020-03-30,4592.65,False,00000000-0000-0000-0000-000000000862,41
2147,user_2147,2020-03-30,3577.98,False,00000000-0000-0000-0000-000000000863,70
2148,user_2148,2020-03-30,4942.12,False,00000000-0000-0000-0000-000000000864,49
2149,user_2149,2020-03-30,8282.49,True,00000000-0000-0000-0000-000000000865,70
2150,user_2150,2020-03-30,3352.08,False,00000000-0000-0000-0000-000000000866,59
2151,user_2151,2020-03-30,1737.62,False,00000000-0000-0000-0000-000000000867,29
2152,user_2152,2020-03-30,7120.14,False,00000000-0000-0000-0000-000000000868,11
2153,user_2153,2020-03-30,8259.78,True,00000000-0000-0000-0000-000000000869,48
2154,user_2154,2020-03-30,1006.37,True,00000000-0000-0000-0000-00000000086a,94
2155,user_2155,2020-03-30,2398.74,True,00000000-0000-0000-0000-00000000086b,81
2156,user_2156,2020-03-30,1419.72,False,00000000-0000-0000-0000-00000000086c,45
2157,user_2157,2020-03-30,3479.41,True,00000000-0000-0000-0000-00000000086d,42
2158,user_2158,2020-03-30,4503.51,True,00000000-0000-0000-0000-00000000086e,1
2159,user_2159,2020-03-30,7488.26,True,00000000-0000-0000-0000-00000000086f,96
2160,user_2160,2020-03-31,6511.48,False,00000000-0000-0000-0000-000000000870,74
2161,user_2161,2020-03-31,6209.29,True,00000000-0000-0000-0000-000000000871,97
2162,user_2162,2020-03-31,3523.75,True,00000000-0000-0000-0000-000000000872,79
2163,user_2163,2020-03-31,8414.48,True,00000000-0000-0000-0000-000000000873,53
2164,user_2164,2020-03-31,4712.87,False,00000000-0000-0000-0000-000000000874,34
2165,user_2165,2020-03-31,9791.05,False,00000000-0000-0000-0000-000000000875,51
2166,user_2166,2020-03-31,6341.42,True,00000000-0000-0000-0000-000000000876,32
2167,user_2167,2020-03-31,1262.65,True,00000000-0000-0000-0000-000000000877,84
2168,user_2168,2020-03-31,6761.78,True,00000000-0000-0000-0000-000000000878,83
2169,user_2169,2020-03-31,3251.04,False,00000000-0000-0000-0000-000000000879,71
2170,user_2170,2020-03-31,6863.27,False,00000000-0000-0000-0000-00000000087a,50
2171,user_2171,2020-03-31,696.41,True,00000000-0000-0000-0000-00000000087b,25
2172,user_2172,2020-03-31,1748.81,False,00000000-0000-0000-0000-00000000087c,96
2173,user_2173,2020-03-31,8557.37,True,00000000-0000-0000-0000-00000000087d,61
2174,user_2174,2020-03-31,2271.8,False,00000000-0000-0000-0000-00000000087e,60
2175,user_2175,2020-03-31,8370.41,True,00000000-0000-0000-0000-00000000087f,25
2176,user_2176,2020-03-31,2792.76,False,00000000-0000-0000-0000-000000000880,36
2177,user_2177,2020-03-31,6428.82,True,00000000-0000-0000-0000-000000000881,29
2178,user_2178,2020-03-31,6941.51,False,00000000-0000-0000-0000-000000000882,94
2179,user_2179,2020-03-31,5126.55,True,00000000-0000-0000-0000-000000000883,96
2180,user_2180,2020-03-31,3053.11,True,00000000-0000-0000-0000-000000000884,10
2181,user_2181,2020-03-31,2126.44,True,00000000-0000-0000-0000-000000000885,52
2182,user_2182,2020-03-31,331.89,True,00000000-0000-0000-0000-000000000886,40
2183,user_2183,2020-03-31,3039.46,False,00000000-0000-0000-0000-000000000887,4
2184,user_2184,2020-04-01,6531.63,True,00000000-0000-0000-0000-000000000888,65
2185,user_2185,2020-04-01,9383.05,False,00000000-0000-0000-0000-000000000889,12
2186,user_2186,2020-04-01,8712.04,False,00000000-0000-0000-0000-00000000088a,62
2187,user_2187,2020-04-01,7660.65,True,00000000-0000-0000-0000-00000000088b,81
2188,user_2188,2020-04-01,7884.47,True,00000000-0000-0000-0000-00000000088c,89
2189,user_2189,2020-04-01,6649.85,True,00000000-0000-0000-0000-00000000088d,24
2190,user_2190,2020-04-01,2602.87,True,00000000-0000-0000-0000-00000000088e,43
2191,user_2191,2020-04-01,9071.95,False,00000000-0000-0000-0000-00000000088f,13
2192,user_2192,2020-04-01,6707.32,False,00000000-0000-0000-0000-000000000890,68
2193,user_2193,2020-04-01,5604.41,False,00000000-0000-0000-0000-000000000891,58
2194,user_2194,2020-04-01,1109.89,False,00000000-0000-0000-0000-000000000892,55
2195,user_2195,2020-04-01,4470.56,True,00000000-0000-0000-0000-000000000893,51
2196,user_2196,2020-04-01,4603.58,False,00000000-0000-0000-0000-000000000894,65
2197,user_2197,2020-04-01,8645.64,True,00000000-0000-0000-0000-000000000895,67
2198,user_2198,2020-04-01,5466.48,True,00000000-0000-0000-0000-000000000896,11
2199,user_2199,2020-04-01,3804.01,False,00000000-0000-0000-0000-000000000897,74
2200,user_2200,2020-04-01,9768.0,False,00000000-0000-0000-0000-000000000898,67
2201,user_2201,2020-04-01,1107.21,False,00000000-0000-0000-0000-000000000899,42
2202,user_2202,2020-04-01,4225.48,False,00000000-0000-0000-0000-00000000089a,72
2203,user_2203,2020-04-01,420.25,False,00000000-0000-0000-0000-00000000089b,73
2204,user_2204,2020-04-01,7399.04,False,00000000-0000-0000-0000-00000000089c,90
2205,user_2205,2020-04-01,9180.77,True,00000000-0000-0000-0000-00000000089d,5
2206,user_2206,2020-04-01,2800.37,True,00000000-0000-0000-0000-00000000089e,14
2207,user_2207,2020-04-01,8583.42,True,00000000-0000-0000-0000-00000000089f,41
2208,user_2208,2020-04-02,2922.18,False,00000000-0000-0000-0000-0000000008a0,30
2209,user_2209,2020-04-02,9107.7,True,00000000-0000-0000-0000-0000000008a1,85
2210,user_2210,2020-04-02,7539.62,True,00000000-0000-0000-0000-0000000008a2,52
2211,user_2211,2020-04-02,8049.07,True,00000000-0000-0000-0000-0000000008a3,5
2212,user_2212,2020-04-02,180.07,True,00000000-0000-0000-0000-0000000008a4,32
2213,user_2213,2020-04-02,9628.1,True,00000000-0000-0000-0000-0000000008a5,28
2214,user_2214,2020-04-02,7266.71,True,00000000-0000-0000-0000-0000000008a6,20
2215,user_2215,2020-04-02,3047.51,False,00000000-0000-0000-0000-0000000008a7,53
2216,user_2216,2020-04-02,8293.95,False,00000000-0000-0000-0000-0000000008a8,55
2217,user_2217,2020-04-02,2815.21,False,00000000-0000-0000-0000-0000000008a9,93
2218,user_2218,2020-04-02,8727.54,True,00000000-0000-0000-0000-0000000008aa,20
2219,user_2219,2020-04-02,1125.8,False,00000000-0000-0000-0000-0000000008ab,99
2220,user_2220,2020-04-02,7036.86,False,00000000-0000-0000-0000-0000000008ac,54
2221,user_2221,2020-04-02,5406.98,True,00000000-0000-0000-0000-0000000008ad,57
2222,user_2222,2020-04-02,965.34,False,00000000-0000-0000-0000-0000000008ae,63
2223,user_2223,2020-04-02,2418.94,True,00000000-0000-0000-0000-0000000008af,85
2224,user_2224,2020-04-02,124.04,False,00000000-0000-0000-0000-0000000008b0,45
2225,user_2225,2020-04-02,4687.68,True,00000000-0000-0000-0000-0000000008b1,83
2226,user_2226,2020-04-02,3012.65,True,00000000-0000-0000-0000-0000000008b2,21
2227,user_2227,2020-04-02,5983.57,False,00000000-0000-0000-0000-0000000008b3,59
2228,user_2228,2020-04-02,2972.38,True,00000000-0000-0000-0000-0000000008b4,10
2229,user_2229,2020-04-02,2999.19,False,00000000-0000-0000-0000-0000000008b5,46
2230,user_2230,2020-04-02,7431.93,True,00000000-0000-0000-0000-0000000008b6,30
2231,user_2231,2020-04-02,481.43,False,00000000-0000-0000-0000-0000000008b7,76
2232,user_2232,2020-04-03,9028.95,False,00000000-0000-0000-0000-0000000008b8,17
2233,user_2233,2020-04-03,8522.64,True,00000000-0000-0000-0000-0000000008b9,21
2234,user_2234,2020-04-03,6678.05,False,00000000-0000-0000-0000-0000000008ba,55
2235,user_2235,2020-04-03,5932.22,False,00000000-0000-0000-0000-0000000008bb,16
2236,user_2236,2020-04-03,8923.02,False,00000000-0000-0000-0000-0000000008bc,37
2237,user_2237,2020-04-03,1853.3,True,00000000-0000-0000-0000-0000000008bd,24
2238,user_2238,2020-04-03,789.69,True,00000000-0000-0000-0000-0000000008be,31
2239,user_2239,2020-04-03,2395.1,False,00000000-0000-0000-0000-0000000008bf,14
2240,user_2240,2020-04-03,7945.78,False,00000000-0000-0000-0000-0000000008c0,12
2241,user_2241,2020-04-03,346.7,True,00000000-0000-0000-0000-0000000008c1,57
2242,user_2242,2020-04-03,5828.07,True,00000000-0000-0000-0000-0000000008c2,89
2243,user_2243,2020-04-03,9954.38,False,00000000-0000-0000-0000-0000000008c3,49
2244,user_2244,2020-04-03,8556.96,True,00000000-0000-0000-0000-0000000008c4,10
2245,user_2245,2020-04-03,5214.46,True,00000000-0000-0000-0000-0000000008c5,12
2246,user_2246,2020-04-03,636.41,False,00000000-0000-0000-0000-0000000008c6,96
2247,user_2247,2020-04-03,8313.74,True,00000000-0000-0000-0000-0000000008c7,49
2248,user_2248,2020-04-03,5989.79,True,00000000-0000-0000-0000-0000000008c8,37
2249,user_2249,2020-04-03,1149.33,True,00000000-0000-0000-0000-0000000008c9,0
2250,user_2250,2020-04-03,938.57,False,00000000-0000-0000-0000-0000000008ca,38
2251,user_2251,2020-04-03,9096.27,True,00000000-0000-0000-0000-0000000008cb,26
2252,user_2252,2020-04-03,6692.0,False,00000000-0000-0000-0000-0000000008cc,35
2253,user_2253,2020-04-03,8292.87,True,00000000-0000-0000-0000-0000000008cd,31
2254,user_2254,2020-04-03,8789.79,True,00000000-0000-0000-0000-0000000008ce,40
2255,user_2255,2020-04-03,5717.72,False,00000000-0000-0000-0000-0000000008cf,14
2256,user_2256,2020-04-04,5174.46,False,00000000-0000-0000-0000-0000000008d0,30
2257,user_2257,2020-04-04,4304.27,False,00000000-0000-0000-0000-0000000008d1,5
2258,user_2258,2020-04-04,3169.47,False,00000000-0000-0000-0000-0000000008d2,88
2259,user_2259,2020-04-04,4345.96,True,00000000-0000-0000-0000-0000000008d3,51
2260,user_2260,2020-04-04,7738.8,False,00000000-0000-0000-0000-0000000008d4,81
2261,user_2261,2020-04-04,6019.23,False,00000000-0000-0000-0000-0000000008d5,21
2262,user_2262,2020-04-04,8925.23,False,00000000-0000-0000-0000-0000000008d6,30
2263,user_2263,2020-04-04,4433.8,True,00000000-0000-0000-0000-0000000008d7,99
2264,user_2264,2020-04-04,6070.9,True,00000000-0000-0000-0000-0000000008d8,72
2265,user_2265,2020-04-04,6313.08,False,00000000-0000-0000-0000-0000000008d9,45
2266,user_2266,2020-04-04,5916.97,False,00000000-0000-0000-0000-0000000008da,66
2267,user_2267,2020-04-04,7026.34,False,00000000-0000-0000-0000-0000000008db,96
2268,user_2268,2020-04-04,2374.33,False,00000000-0000-0000-0000-0000000008dc,90
2269,user_2269,2020-04-04,5123.64,True,00000000-0000-0000-0000-0000000008dd,42
2270,user_2270,2020-04-04,1042.25,False,00000000-0000-0000-0000-0000000008de,0
2271,user_2271,2020-04-04,3845.11,True,00000000-0000-0000-0000-0000000008df,43
2272,user_2272,2020-04-04,4876.67,False,00000000-0000-0000-0000-0000000008e0,56
2273,user_2273,2020-04-04,6522.24,False,00000000-0000-0000-0000-0000000008e1,8
2274,user_2274,2020-04-04,9505.31,True,00000000-0000-0000-0000-0000000008e2,4
2275,user_2275,2020-04-04,6006.51,False,00000000-0000-0000-0000-0000000008e3,78
2276,user_2276,2020-04-04,7435.94,False,00000000-0000-0000-0000-0000000008e4,8
2277,user_2277,2020-04-04,5062.66,False,00000000-0000-0000-0000-0000000008e5,44
2278,user_2278,2020-04-04,6341.04,False,00000000-0000-0000-0000-0000000008e6,91
2279,user_2279,2020-04-04,709.32,True,00000000-0000-0000-0000-0000000008e7,76
2280,user_2280,2020-04-05,2543.92,False,00000000-0000-0000-0000-0000000008e8,23
2281,user_2281,2020-04-05,3618.53,False,00000000-0000-0000-0000-0000000008e9,73
2282,user_2282,2020-04-05,4724.93,True,00000000-0000-0000-0000-0000000008ea,41
2283,user_2283,2020-04-05,456.49,False,00000000-0000-0000-0000-0000000008eb,21
2284,user_2284,2020-04-05,1400.24,True,00000000-0000-0000-0000-0000000008ec,59
2285,user_2285,2020-04-05,2768.14,False,00000000-0000-0000-0000-0000000008ed,85
2286,user_2286,2020-04-05,9715.33,False,00000000-0000-0000-0000-0000000008ee,36
2287,user_2287,2020-04-05,3313.47,False,00000000-0000-0000-0000-0000000008ef,38
2288,user_2288,2020-04-05,4820.41,True,00000000-0000-0000-0000-0000000008f0,83
2289,user_2289,2020-04-05,1960.98,True,00000000-0000-0000-0000-0000000008f1,73
2290,user_2290,2020-04-05,6107.8,False,00000000-0000-0000-0000-0000000008f2,73
2291,user_2291,2020-04-05,2806.83,True,00000000-0000-0000-0000-0000000008f3,89
2292,user_2292,2020-04-05,2069.93,False,00000000-0000-0000-0000-0000000008f4,88
2293,user_2293,2020-04-05,5165.73,True,00000000-0000-0000-0000-0000000008f5,52
2294,user_2294,2020-04-05,55.06,False,00000000-0000-0000-0000-0000000008f6,27
2295,user_2295,2020-04-05,76.64,True,00000000-0000-0000-0000-0000000008f7,76
2296,user_2296,2020-04-05,2190.69,False,00000000-0000-0000-0000-0000000008f8,14
2297,user_2297,2020-04-05,367.21,True,00000000-0000-0000-0000-0000000008f9,59
2298,user_2298,2020-04-05,1080.26,True,00000000-0000-0000-0000-0000000008fa,59
2299,user_2299,2020-04-05,3388.61,True,00000000-0000-0000-0000-0000000008fb,5
2300,user_2300,2020-04-05,8025.86,True,00000000-0000-0000-0000-0000000008fc,51
2301,user_2301,2020-04-05,5720.49,False,00000000-0000-0000-0000-0000000008fd,11
2302,user_2302,2020-04-05,5126.68,False,00000000-0000-0000-0000-0000000008fe,18
2303,user_2303,2020-04-05,2934.89,True,00000000-0000-0000-0000-0000000008ff,95
2304,user_2304,2020-04-06,9317.54,False,00000000-0000-0000-0000-000000000900,74
2305,user_2305,2020-04-06,3970.15,True,00000000-0000-0000-0000-000000000901,96
2306,user_2306,2020-04-06,870.93,False,00000000-0000-0000-0000-000000000902,1
2307,user_2307,2020-04-06,6170.67,True,00000000-0000-0000-0000-000000000903,54
2308,user_2308,2020-04-06,1138.38,False,00000000-0000-0000-0000-000000000904,14
2309,user_2309,2020-04-06,3452.23,False,00000000-0000-0000-0000-000000000905,63
2310,user_2310,2020-04-06,5074.12,True,00000000-0000-0000-0000-000000000906,99
2311,user_2311,2020-04-06,8742.23,True,00000000-0000-0000-0000-000000000907,68
2312,user_2312,2020-04-06,4935.47,True,00000000-0000-0000-0000-000000000908,14
2313,user_2313,2020-04-06,7022.59,True,00000000-0000-0000-0000-000000000909,42
2314,user_2314,2020-04-06,9928.17,True,00000000-0000-0000-0000-00000000090a,73
2315,user_2315,2020-04-06,1314.89,False,00000000-0000-0000-0000-00000000090b,16
2316,user_2316,2020-04-06,2747.32,True,00000000-0000-0000-0000-00000000090c,97
2317,user_2317,2020-04-06,3945.76,False,00000000-0000-0000-0000-00000000090d,23
2318,user_2318,2020-04-06,4218.28,True,00000000-0000-0000-0000-00000000090e,73
2319,user_2319,2020-04-06,4110.21,False,00000000-0000-0000-0000-00000000090f,29
2320,user_2320,2020-04-06,9076.11,False,00000000-0000-0000-0000-000000000910,66
2321,user_2321,2020-04-06,7140.33,True,00000000-0000-0000-0000-000000000911,50
2322,user_2322,2020-04-06,6079.05,True,00000000-0000-0000-0000-000000000912,59
2323,user_2323,2020-04-06,3093.73,False,00000000-0000-0000-0000-000000000913,2
2324,user_2324,2020-04-06,8237.9,False,00000000-0000-0000-0000-000000000914,4
2325,user_2325,2020-04-06,9550.61,True,00000000-0000-0000-0000-000000000915,27
2326,user_2326,2020-04-06,8211.98,False,00000000-0000-0000-0000-000000000916,77
2327,user_2327,2020-04-06,15.65,False,00000000-0000-0000-0000-000000000917,10
2328,user_2328,2020-04-07,6364.01,False,00000000-0000-0000-0000-000000000918,71
2329,user_2329,2020-04-07,511.35,False,00000000-0000-0000-0000-000000000919,71
2330,user_2330,2020-04-07,2576.07,False,00000000-0000-0000-0000-00000000091a,75
2331,user_2331,2020-04-07,595.25,False,00000000-0000-0000-0000-00000000091b,14
2332,user_2332,2020-04-07,6037.95,True,00000000-0000-0000-0000-00000000091c,82
2333,user_2333,2020-04-07,6865.9,True,00000000-0000-0000-0000-00000000091d,47
2334,user_2334,2020-04-07,1144.88,True,00000000-0000-0000-0000-00000000091e,45
2335,user_2335,2020-04-07,3838.39,True,00000000-0000-0000-0000-00000000091f,27
2336,user_2336,2020-04-07,4562.37,False,00000000-0000-0000-0000-000000000920,6
2337,user_2337,2020-04-07,3690.53,True,00000000-0000-0000-0000-000000000921,70
2338,user_2338,2020-04-07,1210.25,False,00000000-0000-0000-0000-000000000922,93
2339,user_2339,2020-04-07,4189.48,False,00000000-0000-0000-0000-000000000923,81
2340,user_2340,2020-04-07,7511.78,True,00000000-0000-0000-0000-000000000924,87
2341,user_2341,2020-04-07,710.08,True,00000000-0000-0000-0000-000000000925,5
2342,user_2342,2020-04-07,801.8,False,00000000-0000-0000-0000-000000000926,57
2343,user_2343,2020-04-07,3547.71,True,00000000-0000-0000-0000-000000000927,67
2344,user_2344,2020-04-07,9417.26,True,00000000-0000-0000-0000-000000000928,54
2345,user_2345,2020-04-07,6685.73,False,00000000-0000-0000-0000-000000000929,66
2346,user_2346,2020-04-07,6786.7,False,00000000-0000-0000-0000-00000000092a,48
2347,user_2347,2020-04-07,3619.2,False,00000000-0000-0000-0000-00000000092b,50
2348,user_2348,2020-04-07,5936.61,False,00000000-0000-0000-0000-00000000092c,58
2349,user_2349,2020-04-07,101.31,False,00000000-0000-0000-0000-00000000092d,5
2350,user_2350,2020-04-07,6360.96,False,00000000-0000-0000-0000-00000000092e,89
2351,user_2351,2020-04-07,9132.87,True,00000000-0000-0000-0000-00000000092f,50
2352,user_2352,2020-04-08,6125.73,True,00000000-0000-0000-0000-000000000930,37
2353,user_2353,2020-04-08,8736.99,True,00000000-0000-0000-0000-000000000931,10
2354,user_2354,2020-04-08,7239.73,False,00000000-0000-0000-0000-000000000932,51
2355,user_2355,2020-04-08,1205.58,False,00000000-0000-0000-0000-000000000933,92
2356,user_2356,2020-04-08,9024.53,True,00000000-0000-0000-0000-000000000934,19
2357,user_2357,2020-04-08,664.44,True,00000000-0000-0000-0000-000000000935,9
2358,user_2358,2020-04-08,5339.67,True,00000000-0000-0000-0000-000000000936,25
2359,user_2359,2020-04-08,1421.37,False,00000000-0000-0000-0000-000000000937,47
2360,user_2360,2020-04-08,117.07,True,00000000-0000-0000-0000-000000000938,90
2361,user_2361,2020-04-08,4220.34,True,00000000-0000-0000-0000-000000000939,13
2362,user_2362,2020-04-08,2950.41,True,00000000-0000-0000-0000-00000000093a,99
2363,user_2363,2020-04-08,4860.0,False,00000000-0000-0000-0000-00000000093b,58
2364,user_2364,2020-04-08,5772.0,True,00000000-0000-0000-0000-00000000093c,11
2365,user_2365,2020-04-08,437.39,True,00000000-0000-0000-0000-00000000093d,22
2366,user_2366,2020-04-08,1230.03,False,00000000-0000-0000-0000-00000000093e,84
2367,user_2367,2020-04-08,5586.42,False,00000000-0000-0000-0000-00000000093f,71
2368,user_2368,2020-04-08,3431.67,False,00000000-0000-0000-0000-000000000940,38
2369,user_2369,2020-04-08,7291.73,False,00000000-0000-0000-0000-000000000941,8
2370,user_2370,2020-04-08,6522.92,False,00000000-0000-0000-0000-000000000942,87
2371,user_2371,2020-04-08,8456.04,True,00000000-0000-0000-0000-000000000943,94
2372,user_2372,2020-04-08,6924.93,True,00000000-0000-0000-0000-000000000944,24
2373,user_2373,2020-04-08,4299.31,False,00000000-0000-0000-0000-000000000945,16
2374,user_2374,2020-04-08,6729.67,False,00000000-0000-0000-0000-000000000946,41
2375,user_2375,2020-04-08,2753.81,False,00000000-0000-0000-0000-000000000947,28
2376,user_2376,2020-04-09,3063.13,False,00000000-0000-0000-0000-000000000948,59
2377,user_2377,2020-04-09,7889.85,True,00000000-0000-0000-0000-000000000949,66
2378,user_2378,2020-04-09,4464.2,True,00000000-0000-0000-0000-00000000094a,84
2379,user_2379,2020-04-09,7983.8,False,00000000-0000-0000-0000-00000000094b,56
2380,user_2380,2020-04-09,8224.22,False,00000000-0000-0000-0000-00000000094c,71
2381,user_2381,2020-04-09,8575.62,False,00000000-0000-0000-0000-00000000094d,13
2382,user_2382,2020-04-09,9166.35,False,00000000-0000-0000-0000-00000000094e,38
2383,user_2383,2020-04-09,4309.85,True,00000000-0000-0000-0000-00000000094f,15
2384,user_2384,2020-04-09,3188.67,False,00000000-0000-0000-0000-000000000950,17
2385,user_2385,2020-04-09,5821.99,False,00000000-0000-0000-0000-000000000951,94
2386,user_2386,2020-04-09,3711.72,True,00000000-0000-0000-0000-000000000952,74
2387,user_2387,2020-04-09,6010.74,False,00000000-0000-0000-0000-000000000953,19
2388,user_2388,2020-04-09,7055.86,True,00000000-0000-0000-0000-000000000954,45
2389,user_2389,2020-04-09,6884.05,False,00000000-0000-0000-0000-000000000955,44
2390,user_2390,2020-04-09,3745.53,False,00000000-0000-0000-0000-000000000956,3
2391,user_2391,2020-04-09,1668.6,True,00000000-0000-0000-0000-000000000957,83
2392,user_2392,2020-04-09,4305.29,False,00000000-0000-0000-0000-000000000958,94
2393,user_2393,2020-04-09,1425.94,True,00000000-0000-0000-0000-000000000959,19
2394,user_2394,2020-04-09,8900.97,True,00000000-0000-0000-0000-00000000095a,10
2395,user_2395,2020-04-09,3458.77,True,00000000-0000-0000-0000-00000000095b,64
2396,user_2396,2020-04-09,1544.6,False,00000000-0000-0000-0000-00000000095c,17
2397,user_2397,2020-04-09,254.48,False,00000000-0000-0000-0000-00000000095d,38
2398,user_2398,2020-04-09,6458.22,True,00000000-0000-0000-0000-00000000095e,43
2399,user_2399,2020-04-09,6369.02,False,00000000-0000-0000-0000-00000000095f,96
2400,user_2400,2020-04-10,3406.04,False,00000000-0000-0000-0000-000000000960,99
2401,user_2401,2020-04-10,717.12,False,00000000-0000-0000-0000-000000000961,17
2402,user_2402,2020-04-10,4096.29,True,00000000-0000-0000-0000-000000000962,46
2403,user_2403,2020-04-10,3112.17,True,00000000-0000-0000-0000-000000000963,30
2404,user_2404,2020-04-10,6771.21,False,00000000-0000-0000-0000-000000000964,98
2405,user_2405,2020-04-10,6057.79,True,00000000-0000-0000-0000-000000000965,38
2406,user_2406,2020-04-10,3645.94,False,00000000-0000-0000-0000-000000000966,37
2407,user_2407,2020-04-10,2178.93,False,00000000-0000-0000-0000-000000000967,78
2408,user_2408,2020-04-10,9880.36,False,00000000-0000-0000-0000-000000000968,46
2409,user_2409,2020-04-10,4540.02,True,00000000-0000-0000-0000-000000000969,69
2410,user_2410,2020-04-10,6882.74,True,00000000-0000-0000-0000-00000000096a,7
2411,user_2411,2020-04-10,1405.53,False,00000000-0000-0000-0000-00000000096b,85
2412,user_2412,2020-04-10,4855.9,True,00000000-0000-0000-0000-00000000096c,64
2413,user_2413,2020-04-10,275.37,False,00000000-0000-0000-0000-00000000096d,12
2414,user_2414,2020-04-10,5054.55,True,00000000-0000-0000-0000-00000000096e,54
2415,user_2415,2020-04-10,9640.17,True,00000000-0000-0000-0000-00000000096f,87
2416,user_2416,2020-04-10,3842.07,True,00000000-0000-0000-0000-000000000970,84
2417,user_2417,2020-04-10,389.96,False,00000000-0000-0000-0000-000000000971,42
2418,user_2418,2020-04-10,309.56,False,00000000-0000-0000-0000-000000000972,3
2419,user_2419,2020-04-10,3879.87,False,00000000-0000-0000-0000-000000000973,70
2420,user_2420,2020-04-10,1600.25,True,00000000-0000-0000-0000-000000000974,59
2421,user_2421,2020-04-10,233.52,False,00000000-0000-0000-0000-000000000975,11
2422,user_2422,2020-04-10,7562.14,False,00000000-0000-0000-0000-000000000976,58
2423,user_2423,2020-04-10,4585.23,False,00000000-0000-0000-0000-000000000977,76
2424,user_2424,2020-04-11,2892.45,False,00000000-0000-0000-0000-000000000978,53
2425,user_2425,2020-04-11,9000.83,True,00000000-0000-0000-0000-000000000979,43
2426,user_2426,2020-04-11,1161.39,True,00000000-0000-0000-0000-00000000097a,15
2427,user_2427,2020-04-11,9559.19,False,00000000-0000-0000-0000-00000000097b,5
2428,user_2428,2020-04-11,3139.67,True,00000000-0000-0000-0000-00000000097c,13
2429,user_2429,2020-04-11,8884.04,True,00000000-0000-0000-0000-00000000097d,57
2430,user_2430,2020-04-11,6029.43,True,00000000-0000-0000-0000-00000000097e,30
2431,user_2431,2020-04-11,8267.07,True,00000000-0000-0000-0000-00000000097f,99
2432,user_2432,2020-04-11,9840.13,True,00000000-0000-0000-0000-000000000980,40
2433,user_2433,2020-04-11,2884.05,False,00000000-0000-0000-0000-000000000981,34
2434,user_2434,2020-04-11,9611.35,True,00000000-0000-0000-0000-000000000982,9
2435,user_2435,2020-04-11,3894.82,False,00000000-0000-0000-0000-000000000983,80
2436,user_2436,2020-04-11,3855.12,False,00000000-0000-0000-0000-000000000984,29
2437,user_2437,2020-04-11,3403.87,False,00000000-0000-0000-0000-000000000985,43
2438,user_2438,2020-04-11,5414.08,True,00000000-0000-0000-0000-000000000986,54
2439,user_2439,2020-04-11,1541.45,True,00000000-0000-0000-0000-000000000987,70
2440,user_2440,2020-04-11,5537.11,True,00000000-0000-0000-0000-000000000988,17
2441,user_2441,2020-04-11,5417.05,True,00000000-0000-0000-0000-000000000989,82
2442,user_2442,2020-04-11,7619.02,False,00000000-0000-0000-0000-00000000098a,78
2443,user_2443,2020-04-11,8336.5,False,00000000-0000-0000-0000-00000000098b,85
2444,user_2444,2020-04-11,4404.41,False,00000000-0000-0000-0000-00000000098c,38
2445,user_2445,2020-04-11,3023.33,True,00000000-0000-0000-0000-00000000098d,41
2446,user_2446,2020-04-11,2593.35,False,00000000-0000-0000-0000-00000000098e,53
2447,user_2447,2020-04-11,1946.24,False,00000000-0000-0000-0000-00000000098f,29
2448,user_2448,2020-04-12,576.48,False,00000000-0000-0000-0000-000000000990,19
2449,user_2449,2020-04-12,3424.48,True,00000000-0000-0000-0000-000000000991,95
2450,user_2450,2020-04-12,2702.48,False,00000000-0000-0000-0000-000000000992,41
2451,user_2451,2020-04-12,9664.17,False,00000000-0000-0000-0000-000000000993,88
2452,user_2452,2020-04-12,5577.09,True,00000000-0000-0000-0000-000000000994,86
2453,user_2453,2020-04-12,3472.77,False,00000000-0000-0000-0000-000000000995,4
2454,user_2454,2020-04-12,5804.68,True,00000000-0000-0000-0000-000000000996,49
2455,user_2455,2020-04-12,1391.97,False,00000000-0000-0000-0000-000000000997,40
2456,user_2456,2020-04-12,4440.44,True,00000000-0000-0000-0000-000000000998,93
2457,user_2457,2020-04-12,6262.34,True,00000000-0000-0000-0000-000000000999,38
2458,user_2458,2020-04-12,4888.98,True,00000000-0000-0000-0000-00000000099a,56
2459,user_2459,2020-04-12,4017.79,False,00000000-0000-0000-0000-00000000099b,90
2460,user_2460,2020-04-12,9938.48,False,00000000-0000-0000-0000-00000000099c,56
2461,user_2461,2020-04-12,8803.15,True,00000000-0000-0000-0000-00000000099d,36
2462,user_2462,2020-04-12,6234.06,True,00000000-0000-0000-0000-00000000099e,6
2463,user_2463,2020-04-12,5693.77,True,00000000-0000-0000-0000-00000000099f,4
2464,user_2464,2020-04-12,6206.6,True,00000000-0000-0000-0000-0000000009a0,78
2465,user_2465,2020-04-12,2013.12,True,00000000-0000-0000-0000-0000000009a1,50
2466,user_2466,2020-04-12,3951.38,True,00000000-0000-0000-0000-0000000009a2,7
2467,user_2467,2020-04-12,394.6,True,00000000-0000-0000-0000-0000000009a3,55
2468,user_2468,2020-04-12,4755.46,True,00000000-0000-0000-0000-0000000009a4,72
2469,user_2469,2020-04-12,5430.25,True,00000000-0000-0000-0000-0000000009a5,10
2470,user_2470,2020-04-12,2277.5,True,00000000-0000-0000-0000-0000000009a6,21
2471,user_2471,2020-04-12,9640.29,True,00000000-0000-0000-0000-0000000009a7,97
2472,user_2472,2020-04-13,9094.55,True,00000000-0000-0000-0000-0000000009a8,98
2473,user_2473,2020-04-13,7221.43,False,00000000-0000-0000-0000-0000000009a9,76
2474,user_2474,2020-04-13,5333.87,True,00000000-0000-0000-0000-0000000009aa,10
2475,user_2475,2020-04-13,8699.69,False,00000000-0000-0000-0000-0000000009ab,59
2476,user_2476,2020-04-13,1306.52,False,00000000-0000-0000-0000-0000000009ac,95
2477,user_2477,2020-04-13,7905.1,False,00000000-0000-0000-0000-0000000009ad,14
2478,user_2478,2020-04-13,1248.21,True,00000000-0000-0000-0000-0000000009ae,37
2479,user_2479,2020-04-13,7942.11,False,00000000-0000-0000-0000-0000000009af,0
2480,user_2480,2020-04-13,2757.68,True,00000000-0000-0000-0000-0000000009b0,45
2481,user_2481,2020-04-13,8770.91,False,00000000-0000-0000-0000-0000000009b1,87
2482,user_2482,2020-04-13,9440.42,True,00000000-0000-0000-0000-0000000009b2,42
2483,user_2483,2020-04-13,1487.96,True,00000000-0000-0000-0000-0000000009b3,21
2484,user_2484,2020-04-13,4626.76,False,00000000-0000-0000-0000-0000000009b4,2
2485,user_2485,2020-04-13,9809.87,False,00000000-0000-0000-0000-0000000009b5,13
2486,user_2486,2020-04-13,4834.07,True,00000000-0000-0000-0000-0000000009b6,1
2487,user_2487,2020-04-13,8635.48,False,00000000-0000-0000-0000-0000000009b7,60
2488,user_2488,2020-04-13,5887.32,True,00000000-0000-0000-0000-0000000009b8,31
2489,user_2489,2020-04-13,3753.3,True,00000000-0000-0000-0000-0000000009b9,37
2490,user_2490,2020-04-13,2857.84,True,00000000-0000-0000-0000-0000000009ba,96
2491,user_2491,2020-04-13,2032.23,False,00000000-0000-0000-0000-0000000009bb,45
2492,user_2492,2020-04-13,7617.98,True,00000000-0000-0000-0000-0000000009bc,41
2493,user_2493,2020-04-13,3865.41,True,00000000-0000-0000-0000-0000000009bd,5
2494,user_2494,2020-04-13,5112.75,True,00000000-0000-0000-0000-0000000009be,40
2495,user_2495,2020-04-13,4923.25,True,00000000-0000-0000-0000-0000000009bf,24
2496,user_2496,2020-04-14,5772.79,False,00000000-0000-0000-0000-0000000009c0,97
2497,user_2497,2020-04-14,8655.77,False,00000000-0000-0000-0000-0000000009c1,10
2498,user_2498,2020-04-14,9807.39,False,00000000-0000-0000-0000-0000000009c2,40
2499,user_2499,2020-04-14,4075.84,False,00000000-0000-0000-0000-0000000009c3,70
2500,user_2500,2020-04-14,8275.19,True,00000000-0000-0000-0000-0000000009c4,56
2501,user_2501,2020-04-14,7645.28,True,00000000-0000-0000-0000-0000000009c5,45
2502,user_2502,2020-04-14,5735.29,True,00000000-0000-0000-0000-0000000009c6,85
2503,user_2503,2020-04-14,9560.47,True,00000000-0000-0000-0000-0000000009c7,47
2504,user_2504,2020-04-14,2004.75,True,00000000-0000-0000-0000-0000000009c8,62
2505,user_2505,2020-04-14,1092.64,True,00000000-0000-0000-0000-0000000009c9,38
2506,user_2506,2020-04-14,8539.62,False,00000000-0000-0000-0000-0000000009ca,9
2507,user_2507,2020-04-14,4391.5,True,00000000-0000-0000-0000-0000000009cb,84
2508,user_2508,2020-04-14,8469.69,True,00000000-0000-0000-0000-0000000009cc,69
2509,user_2509,2020-04-14,8930.9,True,00000000-0000-0000-0000-0000000009cd,64
2510,user_2510,2020-04-14,624.58,False,00000000-0000-0000-0000-0000000009ce,97
2511,user_2511,2020-04-14,8834.65,True,00000000-0000-0000-0000-0000000009cf,58
2512,user_2512,2020-04-14,4483.19,True,00000000-0000-0000-0000-0000000009d0,77
2513,user_2513,2020-04-14,5104.32,True,00000000-0000-0000-0000-0000000009d1,35
2514,user_2514,2020-04-14,6265.93,False,00000000-0000-0000-0000-0000000009d2,26
2515,user_2515,2020-04-14,9263.83,True,00000000-0000-0000-0000-0000000009d3,72
2516,user_2516,2020-04-14,191.16,True,00000000-0000-0000-0000-0000000009d4,54
2517,user_2517,2020-04-14,4768.43,False,00000000-0000-0000-0000-0000000009d5,69
2518,user_2518,2020-04-14,6877.22,True,00000000-0000-0000-0000-0000000009d6,94
2519,user_2519,2020-04-14,7227.07,False,00000000-0000-0000-0000-0000000009d7,80
2520,user_2520,2020-04-15,6925.32,True,00000000-0000-0000-0000-0000000009d8,52
2521,user_2521,2020-04-15,1344.35,False,00000000-0000-0000-0000-0000000009d9,59
2522,user_2522,2020-04-15,2993.96,True,00000000-0000-0000-0000-0000000009da,60
2523,user_2523,2020-04-15,3587.16,True,00000000-0000-0000-0000-0000000009db,35
2524,user_2524,2020-04-15,8044.37,False,00000000-0000-0000-0000-0000000009dc,84
2525,user_2525,2020-04-15,2787.6,True,00000000-0000-0000-0000-0000000009dd,26
2526,user_2526,2020-04-15,2107.05,True,00000000-0000-0000-0000-0000000009de,40
2527,user_2527,2020-04-15,9574.48,False,00000000-0000-0000-0000-0000000009df,27
2528,user_2528,2020-04-15,88.63,True,00000000-0000-0000-0000-0000000009e0,15
2529,user_2529,2020-04-15,9978.21,False,00000000-0000-0000-0000-0000000009e1,34
2530,user_2530,2020-04-15,6768.21,True,00000000-0000-0000-0000-0000000009e2,35
2531,user_2531,2020-04-15,8284.69,False,00000000-0000-0000-0000-0000000009e3,55
2532,user_2532,2020-04-15,2946.19,True,00000000-0000-0000-0000-0000000009e4,98
2533,user_2533,2020-04-15,143.15,True,00000000-0000-0000-0000-0000000009e5,18
2534,user_2534,2020-04-15,7378.7,False,00000000-0000-0000-0000-0000000009e6,56
2535,user_2535,2020-04-15,8341.45,True,00000000-0000-0000-0000-0000000009e7,84
2536,user_2536,2020-04-15,7404.76,False,00000000-0000-0000-0000-0000000009e8,32
2537,user_2537,2020-04-15,1428.5,False,00000000-0000-0000-0000-0000000009e9,22
2538,user_2538,2020-04-15,7534.28,False,00000000-0000-0000-0000-0000000009ea,62
2539,user_2539,2020-04-15,7689.23,True,00000000-0000-0000-0000-0000000009eb,69
2540,user_2540,2020-04-15,6585.41,True,00000000-0000-0000-0000-0000000009ec,95
2541,user_2541,2020-04-15,7661.16,True,00000000-0000-0000-0000-0000000009ed,21
2542,user_2542,2020-04-15,8459.21,False,00000000-0000-0000-0000-0000000009ee,66
2543,user_2543,2020-04-15,6136.04,False,00000000-0000-0000-0000-0000000009ef,98
2544,user_2544,2020-04-16,886.05,False,00000000-0000-0000-0000-0000000009f0,79
2545,user_2545,2020-04-16,4876.28,True,00000000-0000-0000-0000-0000000009f1,58
2546,user_2546,2020-04-16,776.49,False,00000000-0000-0000-0000-0000000009f2,24
2547,user_2547,2020-04-16,4075.43,True,00000000-0000-0000-0000-0000000009f3,16
2548,user_2548,2020-04-16,4071.06,True,00000000-0000-0000-0000-0000000009f4,38
2549,user_2549,2020-04-16,660.1,True,00000000-0000-0000-0000-0000000009f5,76
2550,user_2550,2020-04-16,3488.21,True,00000000-0000-0000-0000-0000000009f6,91
2551,user_2551,2020-04-16,1109.98,True,00000000-0000-0000-0000-0000000009f7,74
2552,user_2552,2020-04-16,8082.35,True,00000000-0000-0000-0000-0000000009f8,73
2553,user_2553,2020-04-16,9476.88,True,00000000-0000-0000-0000-0000000009f9,38
2554,user_2554,2020-04-16,723.16,True,00000000-0000-0000-0000-0000000009fa,23
2555,user_2555,2020-04-16,9551.15,False,00000000-0000-0000-0000-0000000009fb,37
2556,user_2556,2020-04-16,5225.77,True,00000000-0000-0000-0000-0000000009fc,87
2557,user_2557,2020-04-16,2995.66,True,00000000-0000-0000-0000-0000000009fd,96
2558,user_2558,2020-04-16,768.62,False,00000000-0000-0000-0000-0000000009fe,80
2559,user_2559,2020-04-16,5006.24,False,00000000-0000-0000-0000-0000000009ff,56
2560,user_2560,2020-04-16,7945.16,False,00000000-0000-0000-0000-000000000a00,43
2561,user_2561,2020-04-16,7070.86,False,00000000-0000-0000-0000-000000000a01,35
2562,user_2562,2020-04-16,502.26,True,00000000-0000-0000-0000-000000000a02,98
2563,user_2563,2020-04-16,729.02,False,00000000-0000-0000-0000-000000000a03,69
2564,user_2564,2020-04-16,4028.73,False,00000000-0000-0000-0000-000000000a04,79
2565,user_2565,2020-04-16,2952.9,False,00000000-0000-0000-0000-000000000a05,44
2566,user_2566,2020-04-16,2323.84,False,00000000-0000-0000-0000-000000000a06,91
2567,user_2567,2020-04-16,2810.04,True,00000000-0000-0000-0000-000000000a07,95
2568,user_2568,2020-04-17,8034.83,False,00000000-0000-0000-0000-000000000a08,25
2569,user_2569,2020-04-17,9292.28,False,00000000-0000-0000-0000-000000000a09,10
2570,user_2570,2020-04-17,4051.03,False,00000000-0000-0000-0000-000000000a0a,51
2571,user_2571,2020-04-17,9061.11,False,00000000-0000-0000-0000-000000000a0b,24
2572,user_2572,2020-04-17,3214.96,True,00000000-0000-0000-0000-000000000a0c,30
2573,user_2573,2020-04-17,4764.37,False,00000000-0000-0000-0000-000000000a0d,84
2574,user_2574,2020-04-17,2260.29,False,00000000-0000-0000-0000-000000000a0e,44
2575,user_2575,2020-04-17,6404.76,False,00000000-0000-0000-0000-000000000a0f,66
2576,user_2576,2020-04-17,9789.81,True,00000000-0000-0000-0000-000000000a10,75
2577,user_2577,2020-04-17,6034.93,False,00000000-0000-0000-0000-000000000a11,39
2578,user_2578,2020-04-17,3578.14,False,00000000-0000-0000-0000-000000000a12,45
2579,user_2579,2020-04-17,6478.17,True,00000000-0000-0000-0000-000000000a13,53
2580,user_2580,2020-04-17,1229.21,False,00000000-0000-0000-0000-000000000a14,40
2581,user_2581,2020-04-17,8886.59,True,00000000-0000-0000-0000-000000000a15,88
2582,user_2582,2020-04-17,5030.84,True,00000000-0000-0000-0000-000000000a16,80
2583,user_2583,2020-04-17,4493.5,False,00000000-0000-0000-0000-000000000a17,37
2584,user_2584,2020-04-17,5858.65,False,00000000-0000-0000-0000-000000000a18,99
2585,user_2585,2020-04-17,6247.84,True,00000000-0000-0000-0000-000000000a19,35
2586,user_2586,2020-04-17,717.76,True,00000000-0000-0000-0000-000000000a1a,82
2587,user_2587,2020-04-17,6826.17,False,00000000-0000-0000-0000-000000000a1b,43
2588,user_2588,2020-04-17,2419.32,True,00000000-0000-0000-0000-000000000a1c,56
2589,user_2589,2020-04-17,7139.53,True,00000000-0000-0000-0000-000000000a1d,65
2590,user_2590,2020-04-17,8225.35,False,00000000-0000-0000-0000-000000000a1e,80
2591,user_2591,2020-04-17,8039.59,True,00000000-0000-0000-0000-000000000a1f,29
2592,user_2592,2020-04-18,5525.01,True,00000000-0000-0000-0000-000000000a20,9
2593,user_2593,2020-04-18,5201.7,True,00000000-0000-0000-0000-000000000a21,98
2594,user_2594,2020-04-18,1428.76,True,00000000-0000-0000-0000-000000000a22,60
2595,user_2595,2020-04-18,7753.46,True,00000000-0000-0000-0000-000000000a23,62
2596,user_2596,2020-04-18,2714.09,True,00000000-0000-0000-0000-000000000a24,35
2597,user_2597,2020-04-18,4966.95,False,00000000-0000-0000-0000-000000000a25,53
2598,user_2598,2020-04-18,2842.74,True,00000000-0000-0000-0000-000000000a26,96
2599,user_2599,2020-04-18,1338.28,False,00000000-0000-0000-0000-000000000a27,64
2600,user_2600,2020-04-18,6295.58,False,00000000-0000-0000-0000-000000000a28,81
2601,user_2601,2020-04-18,543.32,False,00000000-0000-0000-0000-000000000a29,3
2602,user_2602,2020-04-18,7486.45,False,00000000-0000-0000-0000-000000000a2a,54
2603,user_2603,2020-04-18,3175.87,False,00000000-0000-0000-0000-000000000a2b,53
2604,user_2604,2020-04-18,1.35,False,00000000-0000-0000-0000-000000000a2c,90
2605,user_2605,2020-04-18,5111.29,False,00000000-0000-0000-0000-000000000a2d,88
2606,user_2606,2020-04-18,468.52,False,00000000-0000-0000-0000-000000000a2e,63
2607,user_2607,2020-04-18,2761.7,True,00000000-0000-0000-0000-000000000a2f,91
2608,user_2608,2020-04-18,7069.76,False,00000000-0000-0000-0000-000000000a30,21
2609,user_2609,2020-04-18,626.9,False,00000000-0000-0000-0000-000000000a31,24
2610,user_2610,2020-04-18,8393.38,False,00000000-0000-0000-0000-000000000a32,80
2611,user_2611,2020-04-18,38.2,True,00000000-0000-0000-0000-000000000a33,58
2612,user_2612,2020-04-18,2468.24,False,00000000-0000-0000-0000-000000000a34,56
2613,user_2613,2020-04-18,7409.04,True,00000000-0000-0000-0000-000000000a35,53
2614,user_2614,2020-04-18,3162.7,False,00000000-0000-0000-0000-000000000a36,43
2615,user_2615,2020-04-18,1018.92,False,00000000-0000-0000-0000-000000000a37,51
2616,user_2616,2020-04-19,3602.34,True,00000000-0000-0000-0000-000000000a38,75
2617,user_2617,2020-04-19,2703.93,False,00000000-0000-0000-0000-000000000a39,15
2618,user_2618,2020-04-19,8427.12,True,00000000-0000-0000-0000-000000000a3a,15
2619,user_2619,2020-04-19,3133.48,True,00000000-0000-0000-0000-000000000a3b,80
2620,user_2620,2020-04-19,7889.32,False,00000000-0000-0000-0000-000000000a3c,54
2621,user_2621,2020-04-19,8918.72,False,00000000-0000-0000-0000-000000000a3d,60
2622,user_2622,2020-04-19,4338.17,True,00000000-0000-0000-0000-000000000a3e,94
2623,user_2623,2020-04-19,9099.43,True,00000000-0000-0000-0000-000000000a3f,78
2624,user_2624,2020-04-19,3773.18,False,00000000-0000-0000-0000-000000000a40,76
2625,user_2625,2020-04-19,9640.78,False,00000000-0000-0000-0000-000000000a41,39
2626,user_2626,2020-04-19,892.9,False,00000000-0000-0000-0000-000000000a42,90
2627,user_2627,2020-04-19,6870.19,True,00000000-0000-0000-0000-000000000a43,20
2628,user_2628,2020-04-19,4938.14,False,00000000-0000-0000-0000-000000000a44,65
2629,user_2629,2020-04-19,3876.49,True,00000000-0000-0000-0000-000000000a45,7
2630,user_2630,2020-04-19,6327.12,False,00000000-0000-0000-0000-000000000a46,70
2631,user_2631,2020-04-19,7038.57,True,00000000-0000-0000-0000-000000000a47,9
2632,user_2632,2020-04-19,43.63,True,00000000-0000-0000-0000-000000000a48,56
2633,user_2633,2020-04-19,1669.53,False,00000000-0000-0000-0000-000000000a49,3
2634,user_2634,2020-04-19,7130.46,True,00000000-0000-0000-0000-000000000a4a,42
2635,user_2635,2020-04-19,6663.85,True,00000000-0000-0000-0000-000000000a4b,99
2636,user_2636,2020-04-19,9660.48,True,00000000-0000-0000-0000-000000000a4c,98
2637,user_2637,2020-04-19,7610.38,True,00000000-0000-0000-0000-000000000a4d,62
2638,user_2638,2020-04-19,9507.73,True,00000000-0000-0000-0000-000000000a4e,42
2639,user_2639,2020-04-19,7025.41,False,00000000-0000-0000-0000-000000000a4f,66
2640,user_2640,2020-04-20,2980.52,False,00000000-0000-0000-0000-000000000a50,81
2641,user_2641,2020-04-20,1053.65,True,00000000-0000-0000-0000-000000000a51,50
2642,user_2642,2020-04-20,7818.24,False,00000000-0000-0000-0000-000000000a52,55
2643,user_2643,2020-04-20,6441.49,True,00000000-0000-0000-0000-000000000a53,42
2644,user_2644,2020-04-20,481.86,True,00000000-0000-0000-0000-000000000a54,23
2645,user_2645,2020-04-20,3600.5,False,00000000-0000-0000-0000-000000000a55,95
2646,user_2646,2020-04-20,9568.0,True,00000000-0000-0000-0000-000000000a56,33
2647,user_2647,2020-04-20,5004.01,True,00000000-0000-0000-0000-000000000a57,58
2648,user_2648,2020-04-20,4327.29,True,00000000-0000-0000-0000-000000000a58,1
2649,user_2649,2020-04-20,4577.0,False,00000000-0000-0000-0000-000000000a59,1
2650,user_2650,2020-04-20,2088.83,False,00000000-0000-0000-0000-000000000a5a,9
2651,user_2651,2020-04-20,3687.07,True,00000000-0000-0000-0000-000000000a5b,22
2652,user_2652,2020-04-20,3698.13,True,00000000-0000-0000-0000-000000000a5c,14
2653,user_2653,2020-04-20,523.55,True,00000000-0000-0000-0000-000000000a5d,75
2654,user_2654,2020-04-20,7675.68,True,00000000-0000-0000-0000-000000000a5e,16
2655,user_2655,2020-04-20,4165.04,True,00000000-0000-0000-0000-000000000a5f,81
2656,user_2656,2020-04-20,8221.8,False,00000000-0000-0000-0000-000000000a60,13
2657,user_2657,2020-04-20,8503.48,False,00000000-0000-0000-0000-000000000a61,80
2658,user_2658,2020-04-20,2119.94,False,00000000-0000-0000-0000-000000000a62,78
2659,user_2659,2020-04-20,6573.53,False,00000000-0000-0000-0000-000000000a63,75
2660,user_2660,2020-04-20,4722.82,True,00000000-0000-0000-0000-000000000a64,15
2661,user_2661,2020-04-20,8801.57,True,00000000-0000-0000-0000-000000000a65,31
2662,user_2662,2020-04-20,2157.41,False,00000000-0000-0000-0000-000000000a66,22
2663,user_2663,2020-04-20,6778.13,False,00000000-0000-0000-0000-000000000a67,33
2664,user_2664,2020-04-21,6077.52,True,00000000-0000-0000-0000-000000000a68,97
2665,user_2665,2020-04-21,2953.01,False,00000000-0000-0000-0000-000000000a69,15
2666,user_2666,2020-04-21,1366.01,True,00000000-0000-0000-0000-000000000a6a,33
2667,user_2667,2020-04-21,6516.4,True,00000000-0000-0000-0000-000000000a6b,70
2668,user_2668,2020-04-21,7385.97,True,00000000-0000-0000-0000-000000000a6c,32
2669,user_2669,2020-04-21,3156.27,False,00000000-0000-0000-0000-000000000a6d,67
2670,user_2670,2020-04-21,6448.33,False,00000000-0000-0000-0000-000000000a6e,42
2671,user_2671,2020-04-21,3951.31,False,00000000-0000-0000-0000-000000000a6f,63
2672,user_2672,2020-04-21,7132.07,False,00000000-0000-0000-0000-000000000a70,70
2673,user_2673,2020-04-21,1992.15,False,00000000-0000-0000-0000-000000000a71,17
2674,user_2674,2020-04-21,8902.15,True,00000000-0000-0000-0000-000000000a72,67
2675,user_2675,2020-04-21,2874.1,False,00000000-0000-0000-0000-000000000a73,60
2676,user_2676,2020-04-21,3677.86,True,00000000-0000-0000-0000-000000000a74,74
2677,user_2677,2020-04-21,580.92,True,00000000-0000-0000-0000-000000000a75,19
2678,user_2678,2020-04-21,1115.12,True,00000000-0000-0000-0000-000000000a76,10
2679,user_2679,2020-04-21,5158.62,False,00000000-0000-0000-0000-000000000a77,78
2680,user_2680,2020-04-21,2675.93,False,00000000-0000-0000-0000-000000000a78,45
2681,user_2681,2020-04-21,8354.8,False,00000000-0000-0000-0000-000000000a79,63
2682,user_2682,2020-04-21,146.93,False,00000000-0000-0000-0000-000000000a7a,80
2683,user_2683,2020-04-21,3790.94,False,00000000-0000-0000-0000-000000000a7b,97
2684,user_2684,2020-04-21,3373.46,False,00000000-0000-0000-0000-000000000a7c,75
2685,user_2685,2020-04-21,193.28,False,00000000-0000-0000-0000-000000000a7d,27
2686,user_2686,2020-04-21,1243.68,False,00000000-0000-0000-0000-000000000a7e,47
2687,user_2687,2020-04-21,4136.43,True,00000000-0000-0000-0000-000000000a7f,34
2688,user_2688,2020-04-22,4928.65,False,00000000-0000-0000-0000-000000000a80,7
2689,user_2689,2020-04-22,4042.9,True,00000000-0000-0000-0000-000000000a81,90
2690,user_2690,2020-04-22,5309.38,True,00000000-0000-0000-0000-000000000a82,21
2691,user_2691,2020-04-22,5951.32,True,00000000-0000-0000-0000-000000000a83,23
2692,user_2692,2020-04-22,99.24,True,00000000-0000-0000-0000-000000000a84,65
2693,user_2693,2020-04-22,4640.95,False,00000000-0000-0000-0000-000000000a85,94
2694,user_2694,2020-04-22,9634.99,False,00000000-0000-0000-0000-000000000a86,85
2695,user_2695,2020-04-22,5190.32,True,00000000-0000-0000-0000-000000000a87,63
2696,user_2696,2020-04-22,6775.42,True,00000000-0000-0000-0000-000000000a88,64
2697,user_2697,2020-04-22,3118.64,True,00000000-0000-0000-0000-000000000a89,13
2698,user_2698,2020-04-22,7739.91,False,00000000-0000-0000-0000-000000000a8a,24
2699,user_2699,2020-04-22,7729.21,True,00000000-0000-0000-0000-000000000a8b,99
2700,user_2700,2020-04-22,5212.96,True,00000000-0000-0000-0000-000000000a8c,99
2701,user_2701,2020-04-22,9760.14,False,00000000-0000-0000-0000-000000000a8d,2
2702,user_2702,2020-04-22,1255.5,True,00000000-0000-0000-0000-000000000a8e,4
2703,user_2703,2020-04-22,169.48,False,00000000-0000-0000-0000-000000000a8f,64
2704,user_2704,2020-04-22,7701.58,False,00000000-0000-0000-0000-000000000a90,53
2705,user_2705,2020-04-22,8071.56,True,00000000-0000-0000-0000-000000000a91,18
2706,user_2706,2020-04-22,1202.07,True,00000000-0000-0000-0000-000000000a92,96
2707,user_2707,2020-04-22,2655.83,True,00000000-0000-0000-0000-000000000a93,53
2708,user_2708,2020-04-22,175.52,False,00000000-0000-0000-0000-000000000a94,93
2709,user_2709,2020-04-22,2933.09,False,00000000-0000-0000-0000-000000000a95,75
2710,user_2710,2020-04-22,7731.42,False,00000000-0000-0000-0000-000000000a96,9
2711,user_2711,2020-04-22,5179.61,True,00000000-0000-0000-0000-000000000a97,97
2712,user_2712,2020-04-23,3480.96,True,00000000-0000-0000-0000-000000000a98,15
2713,user_2713,2020-04-23,3717.39,True,00000000-0000-0000-0000-000000000a99,45
2714,user_2714,2020-04-23,13.54,True,00000000-0000-0000-0000-000000000a9a,28
2715,user_2715,2020-04-23,2998.01,True,00000000-0000-0000-0000-000000000a9b,14
2716,user_2716,2020-04-23,6464.59,True,00000000-0000-0000-0000-000000000a9c,47
2717,user_2717,2020-04-23,9741.94,False,00000000-0000-0000-0000-000000000a9d,10
2718,user_2718,2020-04-23,8470.61,False,00000000-0000-0000-0000-000000000a9e,33
2719,user_2719,2020-04-23,235.95,False,00000000-0000-0000-0000-000000000a9f,35
2720,user_2720,2020-04-23,8985.61,True,00000000-0000-0000-0000-000000000aa0,29
2721,user_2721,2020-04-23,7831.98,False,00000000-0000-0000-0000-000000000aa1,98
2722,user_2722,2020-04-23,7803.76,False,00000000-0000-0000-0000-000000000aa2,72
2723,user_2723,2020-04-23,4579.96,False,00000000-0000-0000-0000-000000000aa3,81
2724,user_2724,2020-04-23,3980.05,True,00000000-0000-0000-0000-000000000aa4,18
2725,user_2725,2020-04-23,3029.16,True,00000000-0000-0000-0000-000000000aa5,67
2726,user_2726,2020-04-23,656.95,False,00000000-0000-0000-0000-000000000aa6,69
2727,user_2727,2020-04-23,2282.35,True,00000000-0000-0000-0000-000000000aa7,32
2728,user_2728,2020-04-23,2466.04,True,00000000-0000-0000-0000-000000000aa8,95
2729,user_2729,2020-04-23,4840.77,True,00000000-0000-0000-0000-000000000aa9,79
2730,user_2730,2020-04-23,7474.44,True,00000000-0000-0000-0000-000000000aaa,74
2731,user_2731,2020-04-23,4738.1,False,00000000-0000-0000-0000-000000000aab,21
2732,user_2732,2020-04-23,578.44,True,00000000-0000-0000-0000-000000000aac,35
2733,user_2733,2020-04-23,9577.9,False,00000000-0000-0000-0000-000000000aad,22
2734,user_2734,2020-04-23,9427.24,False,00000000-0000-0000-0000-000000000aae,62
2735,user_2735,2020-04-23,7851.9,True,00000000-0000-0000-0000-000000000aaf,25
2736,user_2736,2020-04-24,9913.28,True,00000000-0000-0000-0000-000000000ab0,59
2737,user_2737,2020-04-24,5444.82,True,00000000-0000-0000-0000-000000000ab1,94
2738,user_2738,2020-04-24,9627.68,False,00000000-0000-0000-0000-000000000ab2,92
2739,user_2739,2020-04-24,756.05,False,00000000-0000-0000-0000-000000000ab3,4
2740,user_2740,2020-04-24,3656.81,False,00000000-0000-0000-0000-000000000ab4,53
2741,user_2741,2020-04-24,2253.81,False,00000000-0000-0000-0000-000000000ab5,37
2742,user_2742,2020-04-24,1958.33,False,00000000-0000-0000-0000-000000000ab6,61
2743,user_2743,2020-04-24,1408.03,False,00000000-0000-0000-0000-000000000ab7,24
2744,user_2744,2020-04-24,6224.14,False,00000000-0000-0000-0000-000000000ab8,97
2745,user_2745,2020-04-24,7813.22,True,00000000-0000-0000-0000-000000000ab9,11
2746,user_2746,2020-04-24,5782.98,False,00000000-0000-0000-0000-000000000aba,21
2747,user_2747,2020-04-24,1469.63,False,00000000-0000-0000-0000-000000000abb,8
2748,user_2748,2020-04-24,8111.24,False,00000000-0000-0000-0000-000000000abc,83
2749,user_2749,2020-04-24,6359.55,False,00000000-0000-0000-0000-000000000abd,28
2750,user_2750,2020-04-24,3881.66,True,00000000-0000-0000-0000-000000000abe,43
2751,user_2751,2020-04-24,6741.3,False,00000000-0000-0000-0000-000000000abf,92
2752,user_2752,2020-04-24,2599.05,False,00000000-0000-0000-0000-000000000ac0,26
2753,user_2753,2020-04-24,3451.92,True,00000000-0000-0000-0000-000000000ac1,54
2754,user_2754,2020-04-24,9174.86,True,00000000-0000-0000-0000-000000000ac2,80
2755,user_2755,2020-04-24,2905.05,False,00000000-0000-0000-0000-000000000ac3,4
2756,user_2756,2020-04-24,4699.88,False,00000000-0000-0000-0000-000000000ac4,51
2757,user_2757,2020-04-24,8901.41,False,00000000-0000-0000-0000-000000000ac5,12
2758,user_2758,2020-04-24,7077.21,False,00000000-0000-0000-0000-000000000ac6,41
2759,user_2759,2020-04-24,622.03,False,00000000-0000-0000-0000-000000000ac7,14
2760,user_2760,2020-04-25,1473.03,False,00000000-0000-0000-0000-000000000ac8,78
2761,user_2761,2020-04-25,78.42,True,00000000-0000-0000-0000-000000000ac9,17
2762,user_2762,2020-04-25,6309.22,True,00000000-0000-0000-0000-000000000aca,49
2763,user_2763,2020-04-25,4476.73,False,00000000-0000-0000-0000-000000000acb,1
2764,user_2764,2020-04-25,1342.75,False,00000000-0000-0000-0000-000000000acc,86
2765,user_2765,2020-04-25,9579.34,False,00000000-0000-0000-0000-000000000acd,12
2766,user_2766,2020-04-25,5296.6,True,00000000-0000-0000-0000-000000000ace,67
2767,user_2767,2020-04-25,2418.93,False,00000000-0000-0000-0000-000000000acf,46
2768,user_2768,2020-04-25,5006.04,True,00000000-0000-0000-0000-000000000ad0,88
2769,user_2769,2020-04-25,6796.2,True,00000000-0000-0000-0000-000000000ad1,74
2770,user_2770,2020-04-25,762.39,False,00000000-0000-0000-0000-000000000ad2,49
2771,user_2771,2020-04-25,2747.04,True,00000000-0000-0000-0000-000000000ad3,11
2772,user_2772,2020-04-25,8069.65,False,00000000-0000-0000-0000-000000000ad4,12
2773,user_2773,2020-04-25,4596.65,True,00000000-0000-0000-0000-000000000ad5,8
2774,user_2774,2020-04-25,5465.77,False,00000000-0000-0000-0000-000000000ad6,58
2775,user_2775,2020-04-25,4328.16,False,00000000-0000-0000-0000-000000000ad7,44
2776,user_2776,2020-04-25,439.0,True,00000000-0000-0000-0000-000000000ad8,69
2777,user_2777,2020-04-25,1657.5,True,00000000-0000-0000-0000-000000000ad9,42
2778,user_2778,2020-04-25,4455.42,True,00000000-0000-0000-0000-000000000ada,73
2779,user_2779,2020-04-25,2091.85,False,00000000-0000-0000-0000-000000000adb,22
2780,user_2780,2020-04-25,499.79,True,00000000-0000-0000-0000-000000000adc,78
2781,user_2781,2020-04-25,8436.5,True,00000000-0000-0000-0000-000000000add,44
2782,user_2782,2020-04-25,9811.93,False,00000000-0000-0000-0000-000000000ade,22
2783,user_2783,2020-04-25,7931.43,False,00000000-0000-0000-0000-000000000adf,33
2784,user_2784,2020-04-26,8537.85,True,00000000-0000-0000-0000-000000000ae0,15
2785,user_2785,2020-04-26,2419.77,True,00000000-0000-0000-0000-000000000ae1,62
2786,user_2786,2020-04-26,9606.27,True,00000000-0000-0000-0000-000000000ae2,50
2787,user_2787,2020-04-26,1969.26,False,00000000-0000-0000-0000-000000000ae3,31
2788,user_2788,2020-04-26,9514.3,False,00000000-0000-0000-0000-000000000ae4,37
2789,user_2789,2020-04-26,9948.19,True,00000000-0000-0000-0000-000000000ae5,55
2790,user_2790,2020-04-26,7117.23,False,00000000-0000-0000-0000-000000000ae6,68
2791,user_2791,2020-04-26,9811.44,True,00000000-0000-0000-0000-000000000ae7,16
2792,user_2792,2020-04-26,5695.4,True,00000000-0000-0000-0000-000000000ae8,85
2793,user_2793,2020-04-26,2595.42,False,00000000-0000-0000-0000-000000000ae9,38
2794,user_2794,2020-04-26,4369.96,True,00000000-0000-0000-0000-000000000aea,40
2795,user_2795,2020-04-26,5935.61,True,00000000-0000-0000-0000-000000000aeb,47
2796,user_2796,2020-04-26,730.82,False,00000000-0000-0000-0000-000000000aec,81
2797,user_2797,2020-04-26,6223.43,True,00000000-0000-0000-0000-000000000aed,27
2798,user_2798,2020-04-26,9811.78,True,00000000-0000-0000-0000-000000000aee,76
2799,user_2799,2020-04-26,1901.08,False,00000000-0000-0000-0000-000000000aef,49
2800,user_2800,2020-04-26,7925.95,True,00000000-0000-0000-0000-000000000af0,0
2801,user_2801,2020-04-26,9078.99,True,00000000-0000-0000-0000-000000000af1,49
2802,user_2802,2020-04-26,9437.02,False,00000000-0000-0000-0000-000000000af2,18
2803,user_2803,2020-04-26,9601.36,False,00000000-0000-0000-0000-000000000af3,97
2804,user_2804,2020-04-26,5214.6,False,00000000-0000-0000-0000-000000000af4,58
2805,user_2805,2020-04-26,9773.08,True,00000000-0000-0000-0000-000000000af5,67
2806,user_2806,2020-04-26,7573.1,False,00000000-0000-0000-0000-000000000af6,66
2807,user_2807,2020-04-26,1616.71,True,00000000-0000-0000-0000-000000000af7,40
2808,user_2808,2020-04-27,4769.0,False,00000000-0000-0000-0000-000000000af8,9
2809,user_2809,2020-04-27,7183.31,True,00000000-0000-0000-0000-000000000af9,27
2810,user_2810,2020-04-27,2473.4,True,00000000-0000-0000-0000-000000000afa,33
2811,user_2811,2020-04-27,6406.15,False,00000000-0000-0000-0000-000000000afb,38
2812,user_2812,2020-04-27,6666.0,True,00000000-0000-0000-0000-000000000afc,82
2813,user_2813,2020-04-27,1627.0,True,00000000-0000-0000-0000-000000000afd,55
2814,user_2814,2020-04-27,5650.85,False,00000000-0000-0000-0000-000000000afe,51
2815,user_2815,2020-04-27,7716.27,True,00000000-0000-0000-0000-000000000aff,99
2816,user_2816,2020-04-27,4988.96,True,00000000-0000-0000-0000-000000000b00,2
2817,user_2817,2020-04-27,121.03,True,00000000-0000-0000-0000-000000000b01,22
2818,user_2818,2020-04-27,90.38,False,00000000-0000-0000-0000-000000000b02,16
2819,user_2819,2020-04-27,3570.29,False,00000000-0000-0000-0000-000000000b03,70
2820,user_2820,2020-04-27,9261.94,False,00000000-0000-0000-0000-000000000b04,25
2821,user_2821,2020-04-27,2286.77,False,00000000-0000-0000-0000-000000000b05,17
2822,user_2822,2020-04-27,6343.64,False,00000000-0000-0000-0000-000000000b06,45
2823,user_2823,2020-04-27,2220.76,False,00000000-0000-0000-0000-000000000b07,69
2824,user_2824,2020-04-27,3216.7,False,00000000-0000-0000-0000-000000000b08,30
2825,user_2825,2020-04-27,8480.42,False,00000000-0000-0000-0000-000000000b09,92
2826,user_2826,2020-04-27,7288.61,True,00000000-0000-0000-0000-000000000b0a,8
2827,user_2827,2020-04-27,953.99,True,00000000-0000-0000-0000-000000000b0b,34
2828,user_2828,2020-04-27,4287.02,True,00000000-0000-0000-0000-000000000b0c,80
2829,user_2829,2020-04-27,291.7,True,00000000-0000-0000-0000-000000000b0d,59
2830,user_2830,2020-04-27,4808.9,False,00000000-0000-0000-0000-000000000b0e,75
2831,user_2831,2020-04-27,6624.34,True,00000000-0000-0000-0000-000000000b0f,62
2832,user_2832,2020-04-28,1185.03,True,00000000-0000-0000-0000-000000000b10,99
2833,user_2833,2020-04-28,2888.85,True,00000000-0000-0000-0000-000000000b11,51
2834,user_2834,2020-04-28,3978.37,True,00000000-0000-0000-0000-000000000b12,47
2835,user_2835,2020-04-28,9195.31,True,00000000-0000-0000-0000-000000000b13,60
2836,user_2836,2020-04-28,9932.55,False,00000000-0000-0000-0000-000000000b14,23
2837,user_2837,2020-04-28,449.11,False,00000000-0000-0000-0000-000000000b15,73
2838,user_2838,2020-04-28,7610.08,True,00000000-0000-0000-0000-000000000b16,57
2839,user_2839,2020-04-28,3717.24,True,00000000-0000-0000-0000-000000000b17,63
2840,user_2840,2020-04-28,3924.58,True,00000000-0000-0000-0000-000000000b18,29
2841,user_2841,2020-04-28,7542.65,True,00000000-0000-0000-0000-000000000b19,28
2842,user_2842,2020-04-28,9184.26,False,00000000-0000-0000-0000-000000000b1a,9
2843,user_2843,2020-04-28,9509.29,True,00000000-0000-0000-0000-000000000b1b,38
2844,user_2844,2020-04-28,5771.23,False,00000000-0000-0000-0000-000000000b1c,54
2845,user_2845,2020-04-28,3571.21,True,00000000-0000-0000-0000-000000000b1d,27
2846,user_2846,2020-04-28,7875.49,False,00000000-0000-0000-0000-000000000b1e,17
2847,user_2847,2020-04-28,2510.01,False,00000000-0000-0000-0000-000000000b1f,40
2848,user_2848,2020-04-28,5640.74,False,00000000-0000-0000-0000-000000000b20,80
2849,user_2849,2020-04-28,3585.78,True,00000000-0000-0000-0000-000000000b21,74
2850,user_2850,2020-04-28,6566.31,True,00000000-0000-0000-0000-000000000b22,64
2851,user_2851,2020-04-28,2403.99,False,00000000-0000-0000-0000-000000000b23,80
2852,user_2852,2020-04-28,1915.93,True,00000000-0000-0000-0000-000000000b24,99
2853,user_2853,2020-04-28,9182.39,True,00000000-0000-0000-0000-000000000b25,99
2854,user_2854,2020-04-28,1018.04,False,00000000-0000-0000-0000-000000000b26,45
2855,user_2855,2020-04-28,5059.58,True,00000000-0000-0000-0000-000000000b27,59
2856,user_2856,2020-04-29,2208.53,False,00000000-0000-0000-0000-000000000b28,8
2857,user_2857,2020-04-29,389.3,True,00000000-0000-0000-0000-000000000b29,44
2858,user_2858,2020-04-29,360.19,True,00000000-0000-0000-0000-000000000b2a,59
2859,user_2859,2020-04-29,1752.22,False,00000000-0000-0000-0000-000000000b2b,27
2860,user_2860,2020-04-29,8667.7,False,00000000-0000-0000-0000-000000000b2c,96
2861,user_2861,2020-04-29,2824.79,False,00000000-0000-0000-0000-000000000b2d,2
2862,user_2862,2020-04-29,9504.59,False,00000000-0000-0000-0000-000000000b2e,50
2863,user_2863,2020-04-29,5816.22,True,00000000-0000-0000-0000-000000000b2f,7
2864,user_2864,2020-04-29,4366.14,True,00000000-0000-0000-0000-000000000b30,69
2865,user_2865,2020-04-29,5800.89,True,00000000-0000-0000-0000-000000000b31,58
2866,user_2866,2020-04-29,5166.98,False,00000000-0000-0000-0000-000000000b32,60
2867,user_2867,2020-04-29,7587.76,True,00000000-0000-0000-0000-000000000b33,57
2868,user_2868,2020-04-29,2824.96,True,00000000-0000-0000-0000-000000000b34,69
2869,user_2869,2020-04-29,3530.5,True,00000000-0000-0000-0000-000000000b35,92
2870,user_2870,2020-04-29,8940.94,False,00000000-0000-0000-0000-000000000b36,11
2871,user_2871,2020-04-29,9464.57,False,00000000-0000-0000-0000-000000000b37,8
2872,user_2872,2020-04-29,8925.58,True,00000000-0000-0000-0000-000000000b38,48
2873,user_2873,2020-04-29,4194.48,True,00000000-0000-0000-0000-000000000b39,82
2874,user_2874,2020-04-29,7803.66,False,00000000-0000-0000-0000-000000000b3a,16
2875,user_2875,2020-04-29,4763.36,False,00000000-0000-0000-0000-000000000b3b,53
2876,user_2876,2020-04-29,4975.4,False,00000000-0000-0000-0000-000000000b3c,43
2877,user_2877,2020-04-29,2046.8,False,00000000-0000-0000-0000-000000000b3d,31
2878,user_2878,2020-04-29,5911.3,True,00000000-0000-0000-0000-000000000b3e,34
2879,user_2879,2020-04-29,1861.36,False,00000000-0000-0000-0000-000000000b3f,77
2880,user_2880,2020-04-30,3315.65,True,00000000-0000-0000-0000-000000000b40,48
2881,user_2881,2020-04-30,8550.3,False,00000000-0000-0000-0000-000000000b41,53
2882,user_2882,2020-04-30,2070.76,True,00000000-0000-0000-0000-000000000b42,15
2883,user_2883,2020-04-30,711.58,True,00000000-0000-0000-0000-000000000b43,84
2884,user_2884,2020-04-30,690.08,False,00000000-0000-0000-0000-000000000b44,11
2885,user_2885,2020-04-30,9407.85,True,00000000-0000-0000-0000-000000000b45,87
2886,user_2886,2020-04-30,5069.2,True,00000000-0000-0000-0000-000000000b46,97
2887,user_2887,2020-04-30,4094.12,True,00000000-0000-0000-0000-000000000b47,7
2888,user_2888,2020-04-30,8108.79,False,00000000-0000-0000-0000-000000000b48,20
2889,user_2889,2020-04-30,8358.26,False,00000000-0000-0000-0000-000000000b49,47
2890,user_2890,2020-04-30,3321.91,False,00000000-0000-0000-0000-000000000b4a,7
2891,user_2891,2020-04-30,6936.18,True,00000000-0000-0000-0000-000000000b4b,27
2892,user_2892,2020-04-30,7711.23,True,00000000-0000-0000-0000-000000000b4c,79
2893,user_2893,2020-04-30,6546.51,True,00000000-0000-0000-0000-000000000b4d,9
2894,user_2894,2020-04-30,1515.95,True,00000000-0000-0000-0000-000000000b4e,51
2895,user_2895,2020-04-30,8758.83,False,00000000-0000-0000-0000-000000000b4f,14
2896,user_2896,2020-04-30,5390.95,True,00000000-0000-0000-0000-000000000b50,3
2897,user_2897,2020-04-30,2824.72,True,00000000-0000-0000-0000-000000000b51,89
2898,user_2898,2020-04-30,4252.28,True,00000000-0000-0000-0000-000000000b52,78
2899,user_2899,2020-04-30,375.71,False,00000000-0000-0000-0000-000000000b53,99
2900,user_2900,2020-04-30,1278.67,True,00000000-0000-0000-0000-000000000b54,95
2901,user_2901,2020-04-30,7655.47,False,00000000-0000-0000-0000-000000000b55,61
2902,user_2902,2020-04-30,0.12,False,00000000-0000-0000-0000-000000000b56,3
2903,user_2903,2020-04-30,4165.66,True,00000000-0000-0000-0000-000000000b57,40
2904,user_2904,2020-05-01,5225.1,True,00000000-0000-0000-0000-000000000b58,72
2905,user_2905,2020-05-01,546.34,True,00000000-0000-0000-0000-000000000b59,98
2906,user_2906,2020-05-01,9730.78,True,00000000-0000-0000-0000-000000000b5a,54
2907,user_2907,2020-05-01,2261.25,False,00000000-0000-0000-0000-000000000b5b,27
2908,user_2908,2020-05-01,3041.99,False,00000000-0000-0000-0000-000000000b5c,46
2909,user_2909,2020-05-01,3039.43,False,00000000-0000-0000-0000-000000000b5d,8
2910,user_2910,2020-05-01,2304.17,False,00000000-0000-0000-0000-000000000b5e,1
2911,user_2911,2020-05-01,14.74,False,00000000-0000-0000-0000-000000000b5f,66
2912,user_2912,2020-05-01,7293.45,False,00000000-0000-0000-0000-000000000b60,47
2913,user_2913,2020-05-01,9668.45,False,00000000-0000-0000-0000-000000000b61,68
2914,user_2914,2020-05-01,2242.93,False,00000000-0000-0000-0000-000000000b62,73
2915,user_2915,2020-05-01,6630.47,False,00000000-0000-0000-0000-000000000b63,27
2916,user_2916,2020-05-01,7418.96,False,00000000-0000-0000-0000-000000000b64,78
2917,user_2917,2020-05-01,8484.25,True,00000000-0000-0000-0000-000000000b65,13
2918,user_2918,2020-05-01,4226.29,True,00000000-0000-0000-0000-000000000b66,45
2919,user_2919,2020-05-01,3029.31,True,00000000-0000-0000-0000-000000000b67,86
2920,user_2920,2020-05-01,3252.95,False,00000000-0000-0000-0000-000000000b68,12
2921,user_2921,2020-05-01,7126.21,True,00000000-0000-0000-0000-000000000b69,15
2922,user_2922,2020-05-01,8167.79,False,00000000-0000-0000-0000-000000000b6a,93
2923,user_2923,2020-05-01,1816.14,False,00000000-0000-0000-0000-000000000b6b,39
2924,user_2924,2020-05-01,3709.41,True,00000000-0000-0000-0000-000000000b6c,71
2925,user_2925,2020-05-01,9019.4,False,00000000-0000-0000-0000-000000000b6d,80
2926,user_2926,2020-05-01,8066.94,True,00000000-0000-0000-0000-000000000b6e,29
2927,user_2927,2020-05-01,9848.58,False,00000000-0000-0000-0000-000000000b6f,80
2928,user_2928,2020-05-02,7542.48,False,00000000-0000-0000-0000-000000000b70,98
2929,user_2929,2020-05-02,3931.95,True,00000000-0000-0000-0000-000000000b71,64
2930,user_2930,2020-05-02,5906.38,True,00000000-0000-0000-0000-000000000b72,57
2931,user_2931,2020-05-02,6610.14,True,00000000-0000-0000-0000-000000000b73,87
2932,user_2932,2020-05-02,784.56,True,00000000-0000-0000-0000-000000000b74,47
2933,user_2933,2020-05-02,5444.97,True,00000000-0000-0000-0000-000000000b75,48
2934,user_2934,2020-05-02,7093.21,True,00000000-0000-0000-0000-000000000b76,88
2935,user_2935,2020-05-02,1673.21,False,00000000-0000-0000-0000-000000000b77,1
2936,user_2936,2020-05-02,7806.32,False,00000000-0000-0000-0000-000000000b78,88
2937,user_2937,2020-05-02,5837.73,False,00000000-0000-0000-0000-000000000b79,13
2938,user_2938,2020-05-02,9522.22,False,00000000-0000-0000-0000-000000000b7a,96
2939,user_2939,2020-05-02,424.22,True,00000000-0000-0000-0000-000000000b7b,16
2940,user_2940,2020-05-02,2653.26,False,00000000-0000-0000-0000-000000000b7c,30
2941,user_2941,2020-05-02,6015.54,False,00000000-0000-0000-0000-000000000b7d,9
2942,user_2942,2020-05-02,2965.6,True,00000000-0000-0000-0000-000000000b7e,69
2943,user_2943,2020-05-02,7144.24,False,00000000-0000-0000-0000-000000000b7f,88
2944,user_2944,2020-05-02,7590.05,True,00000000-0000-0000-0000-000000000b80,36
2945,user_2945,2020-05-02,1025.16,True,00000000-0000-0000-0000-000000000b81,63
2946,user_2946,2020-05-02,5138.54,True,00000000-0000-0000-0000-000000000b82,29
2947,user_2947,2020-05-02,5088.91,False,00000000-0000-0000-0000-000000000b83,33
2948,user_2948,2020-05-02,3692.81,True,00000000-0000-0000-0000-000000000b84,17
2949,user_2949,2020-05-02,9329.25,False,00000000-0000-0000-0000-000000000b85,87
2950,user_2950,2020-05-02,8275.06,False,00000000-0000-0000-0000-000000000b86,62
2951,user_2951,2020-05-02,6972.09,False,00000000-0000-0000-0000-000000000b87,48
2952,user_2952,2020-05-03,7143.27,True,00000000-0000-0000-0000-000000000b88,55
2953,user_2953,2020-05-03,4617.16,True,00000000-0000-0000-0000-000000000b89,90
2954,user_2954,2020-05-03,9209.95,True,00000000-0000-0000-0000-000000000b8a,57
2955,user_2955,2020-05-03,6945.95,False,00000000-0000-0000-0000-000000000b8b,26
2956,user_2956,2020-05-03,7289.81,False,00000000-0000-0000-0000-000000000b8c,54
2957,user_2957,2020-05-03,8616.91,True,00000000-0000-0000-0000-000000000b8d,84
2958,user_2958,2020-05-03,2740.72,False,00000000-0000-0000-0000-000000000b8e,18
2959,user_2959,2020-05-03,8070.71,True,00000000-0000-0000-0000-000000000b8f,22
2960,user_2960,2020-05-03,1952.41,True,00000000-0000-0000-0000-000000000b90,46
2961,user_2961,2020-05-03,3453.42,False,00000000-0000-0000-0000-000000000b91,78
2962,user_2962,2020-05-03,3356.1,False,00000000-0000-0000-0000-000000000b92,65
2963,user_2963,2020-05-03,9785.25,True,00000000-0000-0000-0000-000000000b93,98
2964,user_2964,2020-05-03,8565.37,False,00000000-0000-0000-0000-000000000b94,50
2965,user_2965,2020-05-03,7011.7,True,00000000-0000-0000-0000-000000000b95,83
2966,user_2966,2020-05-03,7270.57,True,00000000-0000-0000-0000-000000000b96,27
2967,user_2967,2020-05-03,5620.73,False,00000000-0000-0000-0000-000000000b97,56
2968,user_2968,2020-05-03,9470.91,True,00000000-0000-0000-0000-000000000b98,57
2969,user_2969,2020-05-03,4962.59,False,00000000-0000-0000-0000-000000000b99,14
2970,user_2970,2020-05-03,3805.18,True,00000000-0000-0000-0000-000000000b9a,15
2971,user_2971,2020-05-03,1630.35,False,00000000-0000-0000-0000-000000000b9b,96
2972,user_2972,2020-05-03,7862.06,False,00000000-0000-0000-0000-000000000b9c,46
2973,user_2973,2020-05-03,7344.44,True,00000000-0000-0000-0000-000000000b9d,62
2974,user_2974,2020-05-03,3843.55,False,00000000-0000-0000-0000-000000000b9e,11
2975,user_2975,2020-05-03,251.93,False,00000000-0000-0000-0000-000000000b9f,42
2976,user_2976,2020-05-04,8389.97,True,00000000-0000-0000-0000-000000000ba0,83
2977,user_2977,2020-05-04,114.18,False,00000000-0000-0000-0000-000000000ba1,28
2978,user_2978,2020-05-04,7037.0,True,00000000-0000-0000-0000-000000000ba2,48
2979,user_2979,2020-05-04,9702.57,False,00000000-0000-0000-0000-000000000ba3,2
2980,user_2980,2020-05-04,4376.61,True,00000000-0000-0000-0000-000000000ba4,68
2981,user_2981,2020-05-04,2349.73,True,00000000-0000-0000-0000-000000000ba5,59
2982,user_2982,2020-05-04,7048.71,True,00000000-0000-0000-0000-000000000ba6,65
2983,user_2983,2020-05-04,8171.28,True,00000000-0000-0000-0000-000000000ba7,86
2984,user_2984,2020-05-04,5464.3,False,00000000-0000-0000-0000-000000000ba8,89
2985,user_2985,2020-05-04,9670.35,True,00000000-0000-0000-0000-000000000ba9,25
2986,user_2986,2020-05-04,516.69,False,00000000-0000-0000-0000-000000000baa,70
2987,user_2987,2020-05-04,5047.96,True,00000000-0000-0000-0000-000000000bab,73
2988,user_2988,2020-05-04,7184.54,False,00000000-0000-0000-0000-000000000bac,68
2989,user_2989,2020-05-04,8626.4,True,00000000-0000-0000-0000-000000000bad,46
2990,user_2990,2020-05-04,1792.56,False,00000000-0000-0000-0000-000000000bae,75
2991,user_2991,2020-05-04,8000.03,False,00000000-0000-0000-0000-000000000baf,95
2992,user_2992,2020-05-04,5527.07,True,00000000-0000-0000-0000-000000000bb0,41
2993,user_2993,2020-05-04,3965.54,True,00000000-0000-0000-0000-000000000bb1,30
2994,user_2994,2020-05-04,1317.15,True,00000000-0000-0000-0000-000000000bb2,21
2995,user_2995,2020-05-04,8652.96,False,00000000-0000-0000-0000-000000000bb3,16
2996,user_2996,2020-05-04,1572.73,False,00000000-0000-0000-0000-000000000bb4,83
2997,user_2997,2020-05-04,3097.88,False,00000000-0000-0000-0000-000000000bb5,19
2998,user_2998,2020-05-04,2900.46,False,00000000-0000-0000-0000-000000000bb6,7
2999,user_2999,2020-05-04,8714.14,True,00000000-0000-0000-0000-000000000bb7,97
3000,user_3000,2020-05-05,6727.03,True,00000000-0000-0000-0000-000000000bb8,48
3001,user_3001,2020-05-05,7966.81,True,00000000-0000-0000-0000-000000000bb9,86
3002,user_3002,2020-05-05,2504.68,True,00000000-0000-0000-0000-000000000bba,37
3003,user_3003,2020-05-05,6248.74,False,00000000-0000-0000-0000-000000000bbb,52
3004,user_3004,2020-05-05,5717.46,False,00000000-0000-0000-0000-000000000bbc,27
3005,user_3005,2020-05-05,8328.3,True,00000000-0000-0000-0000-000000000bbd,76
3006,user_3006,2020-05-05,9060.87,False,00000000-0000-0000-0000-000000000bbe,28
3007,user_3007,2020-05-05,121.57,True,00000000-0000-0000-0000-000000000bbf,71
3008,user_3008,2020-05-05,6740.2,False,00000000-0000-0000-0000-000000000bc0,10
3009,user_3009,2020-05-05,518.36,False,00000000-0000-0000-0000-000000000bc1,46
3010,user_3010,2020-05-05,5488.59,False,00000000-0000-0000-0000-000000000bc2,44
3011,user_3011,2020-05-05,2876.33,False,00000000-0000-0000-0000-000000000bc3,17
3012,user_3012,2020-05-05,3067.77,False,00000000-0000-0000-0000-000000000bc4,49
3013,user_3013,2020-05-05,3529.59,False,00000000-0000-0000-0000-000000000bc5,88
3014,user_3014,2020-05-05,6212.92,True,00000000-0000-0000-0000-000000000bc6,48
3015,user_3015,2020-05-05,3340.5,False,00000000-0000-0000-0000-000000000bc7,21
3016,user_3016,2020-05-05,7326.99,True,00000000-0000-0000-0000-000000000bc8,44
3017,user_3017,2020-05-05,4045.27,True,00000000-0000-0000-0000-000000000bc9,60
3018,user_3018,2020-05-05,683.53,True,00000000-0000-0000-0000-000000000bca,98
3019,user_3019,2020-05-05,7837.6,True,00000000-0000-0000-0000-000000000bcb,92
3020,user_3020,2020-05-05,2857.58,True,00000000-0000-0000-0000-000000000bcc,20
3021,user_3021,2020-05-05,4327.67,True,00000000-0000-0000-0000-000000000bcd,70
3022,user_3022,2020-05-05,6854.44,False,00000000-0000-0000-0000-000000000bce,60
3023,user_3023,2020-05-05,3324.56,False,00000000-0000-0000-0000-000000000bcf,75
3024,user_3024,2020-05-06,565.86,False,00000000-0000-0000-0000-000000000bd0,35
3025,user_3025,2020-05-06,3739.21,True,00000000-0000-0000-0000-000000000bd1,23
3026,user_3026,2020-05-06,9444.49,True,00000000-0000-0000-0000-000000000bd2,31
3027,user_3027,2020-05-06,6417.34,True,00000000-0000-0000-0000-000000000bd3,90
3028,user_3028,2020-05-06,6714.79,False,00000000-0000-0000-0000-000000000bd4,95
3029,user_3029,2020-05-06,6322.82,False,00000000-0000-0000-0000-000000000bd5,58
3030,user_3030,2020-05-06,1989.92,False,00000000-0000-0000-0000-000000000bd6,95
3031,user_3031,2020-05-06,4183.34,True,00000000-0000-0000-0000-000000000bd7,95
3032,user_3032,2020-05-06,7509.4,True,00000000-0000-0000-0000-000000000bd8,89
3033,user_3033,2020-05-06,1013.73,True,00000000-0000-0000-0000-000000000bd9,74
3034,user_3034,2020-05-06,2778.53,False,00000000-0000-0000-0000-000000000bda,81
3035,user_3035,2020-05-06,2763.19,True,00000000-0000-0000-0000-000000000bdb,4
3036,user_3036,2020-05-06,4320.19,True,00000000-0000-0000-0000-000000000bdc,15
3037,user_3037,2020-05-06,9803.69,True,00000000-0000-0000-0000-000000000bdd,10
3038,user_3038,2020-05-06,675.03,True,00000000-0000-0000-0000-000000000bde,34
3039,user_3039,2020-05-06,5187.01,False,00000000-0000-0000-0000-000000000bdf,74
3040,user_3040,2020-05-06,1793.65,False,00000000-0000-0000-0000-000000000be0,41
3041,user_3041,2020-05-06,9706.77,True,00000000-0000-0000-0000-000000000be1,86
3042,user_3042,2020-05-06,1133.04,True,00000000-0000-0000-0000-000000000be2,97
3043,user_3043,2020-05-06,4036.01,False,00000000-0000-0000-0000-000000000be3,80
3044,user_3044,2020-05-06,7378.85,False,00000000-0000-0000-0000-000000000be4,9
3045,user_3045,2020-05-06,7045.54,True,00000000-0000-0000-0000-000000000be5,81
3046,user_3046,2020-05-06,4227.29,False,00000000-0000-0000-0000-000000000be6,7
3047,user_3047,2020-05-06,3465.24,False,00000000-0000-0000-0000-000000000be7,25
3048,user_3048,2020-05-07,3976.12,True,00000000-0000-0000-0000-000000000be8,2
3049,user_3049,2020-05-07,2642.76,False,00000000-0000-0000-0000-000000000be9,58
3050,user_3050,2020-05-07,2053.33,False,00000000-0000-0000-0000-000000000bea,87
3051,user_3051,2020-05-07,4830.4,False,00000000-0000-0000-0000-000000000beb,2
3052,user_3052,2020-05-07,2685.34,False,00000000-0000-0000-0000-000000000bec,37
3053,user_3053,2020-05-07,2874.62,True,00000000-0000-0000-0000-000000000bed,1
3054,user_3054,2020-05-07,6567.56,False,00000000-0000-0000-0000-000000000bee,98
3055,user_3055,2020-05-07,9685.37,False,00000000-0000-0000-0000-000000000bef,16
3056,user_3056,2020-05-07,6036.37,True,00000000-0000-0000-0000-000000000bf0,72
3057,user_3057,2020-05-07,769.79,False,00000000-0000-0000-0000-000000000bf1,35
3058,user_3058,2020-05-07,755.84,True,00000000-0000-0000-0000-000000000bf2,85
3059,user_3059,2020-05-07,9514.23,True,00000000-0000-0000-0000-000000000bf3,94
3060,user_3060,2020-05-07,2972.91,False,00000000-0000-0000-0000-000000000bf4,97
3061,user_3061,2020-05-07,920.67,False,00000000-0000-0000-0000-000000000bf5,87
3062,user_3062,2020-05-07,5990.45,False,00000000-0000-0000-0000-000000000bf6,72
3063,user_3063,2020-05-07,6236.49,False,00000000-0000-0000-0000-000000000bf7,1
3064,user_3064,2020-05-07,6485.05,False,00000000-0000-0000-0000-000000000bf8,84
3065,user_3065,2020-05-07,2674.02,True,00000000-0000-0000-0000-000000000bf9,33
3066,user_3066,2020-05-07,151.11,False,00000000-0000-0000-0000-000000000bfa,26
3067,user_3067,2020-05-07,9650.15,True,00000000-0000-0000-0000-000000000bfb,36
3068,user_3068,2020-05-07,2508.93,False,00000000-0000-0000-0000-000000000bfc,70
3069,user_3069,2020-05-07,6760.26,True,00000000-0000-0000-0000-000000000bfd,21
3070,user_3070,2020-05-07,7066.3,False,00000000-0000-0000-0000-000000000bfe,67
3071,user_3071,2020-05-07,6100.07,False,00000000-0000-0000-0000-000000000bff,13
3072,user_3072,2020-05-08,3129.07,False,00000000-0000-0000-0000-000000000c00,97
3073,user_3073,2020-05-08,2710.96,False,00000000-0000-0000-0000-000000000c01,22
3074,user_3074,2020-05-08,5976.68,False,00000000-0000-0000-0000-000000000c02,43
3075,user_3075,2020-05-08,8660.96,True,00000000-0000-0000-0000-000000000c03,88
3076,user_3076,2020-05-08,9467.34,False,00000000-0000-0000-0000-000000000c04,64
3077,user_3077,2020-05-08,1059.06,False,00000000-0000-0000-0000-000000000c05,78
3078,user_3078,2020-05-08,1548.29,False,00000000-0000-0000-0000-000000000c06,95
3079,user_3079,2020-05-08,9447.36,True,00000000-0000-0000-0000-000000000c07,77
3080,user_3080,2020-05-08,7365.35,False,00000000-0000-0000-0000-000000000c08,60
3081,user_3081,2020-05-08,8829.94,True,00000000-0000-0000-0000-000000000c09,84
3082,user_3082,2020-05-08,2026.33,False,00000000-0000-0000-0000-000000000c0a,54
3083,user_3083,2020-05-08,5875.86,True,00000000-0000-0000-0000-000000000c0b,70
3084,user_3084,2020-05-08,7011.4,False,00000000-0000-0000-0000-000000000c0c,99
3085,user_3085,2020-05-08,6801.12,False,00000000-0000-0000-0000-000000000c0d,84
3086,user_3086,2020-05-08,4081.52,True,00000000-0000-0000-0000-000000000c0e,49
3087,user_3087,2020-05-08,153.95,False,00000000-0000-0000-0000-000000000c0f,11
3088,user_3088,2020-05-08,5829.26,True,00000000-0000-0000-0000-000000000c10,78
3089,user_3089,2020-05-08,2531.02,False,00000000-0000-0000-0000-000000000c11,14
3090,user_3090,2020-05-08,4502.54,False,00000000-0000-0000-0000-000000000c12,16
3091,user_3091,2020-05-08,9575.81,True,00000000-0000-0000-0000-000000000c13,33
3092,user_3092,2020-05-08,3990.35,False,00000000-0000-0000-0000-000000000c14,34
3093,user_3093,2020-05-08,8398.02,True,00000000-0000-0000-0000-000000000c15,38
3094,user_3094,2020-05-08,1885.41,True,00000000-0000-0000-0000-000000000c16,77
3095,user_3095,2020-05-08,6724.6,False,00000000-0000-0000-0000-000000000c17,54
3096,user_3096,2020-05-09,9770.07,False,00000000-0000-0000-0000-000000000c18,58
3097,user_3097,2020-05-09,1018.93,False,00000000-0000-0000-0000-000000000c19,4
3098,user_3098,2020-05-09,83.2,True,00000000-0000-0000-0000-000000000c1a,29
3099,user_3099,2020-05-09,4335.83,True,00000000-0000-0000-0000-000000000c1b,3
3100,user_3100,2020-05-09,926.25,False,00000000-0000-0000-0000-000000000c1c,14
3101,user_3101,2020-05-09,7483.84,True,00000000-0000-0000-0000-000000000c1d,34
3102,user_3102,2020-05-09,9145.49,True,00000000-0000-0000-0000-000000000c1e,73
3103,user_3103,2020-05-09,4340.21,True,00000000-0000-0000-0000-000000000c1f,54
3104,user_3104,2020-05-09,2587.12,True,00000000-0000-0000-0000-000000000c20,65
3105,user_3105,2020-05-09,4344.03,False,00000000-0000-0000-0000-000000000c21,59
3106,user_3106,2020-05-09,7234.48,False,00000000-0000-0000-0000-000000000c22,23
3107,user_3107,2020-05-09,90.54,False,00000000-0000-0000-0000-000000000c23,91
3108,user_3108,2020-05-09,5894.54,True,00000000-0000-0000-0000-000000000c24,21
3109,user_3109,2020-05-09,6132.92,True,00000000-0000-0000-0000-000000000c25,43
3110,user_3110,2020-05-09,6376.88,True,00000000-0000-0000-0000-000000000c26,31
3111,user_3111,2020-05-09,2420.22,True,00000000-0000-0000-0000-000000000c27,94
3112,user_3112,2020-05-09,7140.53,False,00000000-0000-0000-0000-000000000c28,82
3113,user_3113,2020-05-09,913.91,True,00000000-0000-0000-0000-000000000c29,50
3114,user_3114,2020-05-09,1992.7,True,00000000-0000-0000-0000-000000000c2a,84
3115,user_3115,2020-05-09,8774.7,False,00000000-0000-0000-0000-000000000c2b,2
3116,user_3116,2020-05-09,7387.23,False,00000000-0000-0000-0000-000000000c2c,69
3117,user_3117,2020-05-09,137.46,False,00000000-0000-0000-0000-000000000c2d,31
3118,user_3118,2020-05-09,2483.76,True,00000000-0000-0000-0000-000000000c2e,1
3119,user_3119,2020-05-09,2144.06,True,00000000-0000-0000-0000-000000000c2f,87
3120,user_3120,2020-05-10,2708.06,True,00000000-0000-0000-0000-000000000c30,58
3121,user_3121,2020-05-10,2475.6,True,00000000-0000-0000-0000-000000000c31,90
3122,user_3122,2020-05-10,625.26,True,00000000-0000-0000-0000-000000000c32,72
3123,user_3123,2020-05-10,4589.41,True,00000000-0000-0000-0000-000000000c33,76
3124,user_3124,2020-05-10,7327.33,False,00000000-0000-0000-0000-000000000c34,13
3125,user_3125,2020-05-10,6067.32,True,00000000-0000-0000-0000-000000000c35,50
3126,user_3126,2020-05-10,6728.72,False,00000000-0000-0000-0000-000000000c36,10
3127,user_3127,2020-05-10,811.49,False,00000000-0000-0000-0000-000000000c37,77
3128,user_3128,2020-05-10,9514.91,False,00000000-0000-0000-0000-000000000c38,79
3129,user_3129,2020-05-10,8384.92,True,00000000-0000-0000-0000-000000000c39,9
3130,user_3130,2020-05-10,8050.9,True,00000000-0000-0000-0000-000000000c3a,83
3131,user_3131,2020-05-10,8229.84,False,00000000-0000-0000-0000-000000000c3b,79
3132,user_3132,2020-05-10,9327.11,True,00000000-0000-0000-0000-000000000c3c,57
3133,user_3133,2020-05-10,5442.54,True,00000000-0000-0000-0000-000000000c3d,33
3134,user_3134,2020-05-10,2002.82,False,00000000-0000-0000-0000-000000000c3e,79
3135,user_3135,2020-05-10,6167.84,True,00000000-0000-0000-0000-000000000c3f,77
3136,user_3136,2020-05-10,7428.81,True,00000000-0000-0000-0000-000000000c40,52
3137,user_3137,2020-05-10,7379.17,True,00000000-0000-0000-0000-000000000c41,27
3138,user_3138,2020-05-10,5214.49,True,00000000-0000-0000-0000-000000000c42,17
3139,user_3139,2020-05-10,684.59,False,00000000-0000-0000-0000-000000000c43,25
3140,user_3140,2020-05-10,3711.13,False,00000000-0000-0000-0000-000000000c44,6
3141,user_3141,2020-05-10,9207.67,True,00000000-0000-0000-0000-000000000c45,44
3142,user_3142,2020-05-10,5844.49,True,00000000-0000-0000-0000-000000000c46,97
3143,user_3143,2020-05-10,5383.32,True,00000000-0000-0000-0000-000000000c47,44
3144,user_3144,2020-05-11,2688.54,False,00000000-0000-0000-0000-000000000c48,70
3145,user_3145,2020-05-11,3684.49,True,00000000-0000-0000-0000-000000000c49,96
3146,user_3146,2020-05-11,8953.46,True,00000000-0000-0000-0000-000000000c4a,34
3147,user_3147,2020-05-11,6664.63,False,00000000-0000-0000-0000-000000000c4b,51
3148,user_3148,2020-05-11,7873.87,True,00000000-0000-0000-0000-000000000c4c,20
3149,user_3149,2020-05-11,4543.45,False,00000000-0000-0000-0000-000000000c4d,27
3150,user_3150,2020-05-11,6302.47,True,00000000-0000-0000-0000-000000000c4e,95
3151,user_3151,2020-05-11,2483.84,False,00000000-0000-0000-0000-000000000c4f,43
3152,user_3152,2020-05-11,7054.61,True,00000000-0000-0000-0000-000000000c50,79
3153,user_3153,2020-05-11,4276.01,True,00000000-0000-0000-0000-000000000c51,55
3154,user_3154,2020-05-11,4425.46,False,00000000-0000-0000-0000-000000000c52,9
3155,user_3155,2020-05-11,6493.22,False,00000000-0000-0000-0000-000000000c53,22
3156,user_3156,2020-05-11,9362.81,False,00000000-0000-0000-0000-000000000c54,47
3157,user_3157,2020-05-11,640.06,False,00000000-0000-0000-0000-000000000c55,51
3158,user_3158,2020-05-11,8247.43,False,00000000-0000-0000-0000-000000000c56,14
3159,user_3159,2020-05-11,2923.83,True,00000000-0000-0000-0000-000000000c57,54
3160,user_3160,2020-05-11,4439.19,False,00000000-0000-0000-0000-000000000c58,42
3161,user_3161,2020-05-11,219.13,False,00000000-0000-0000-0000-000000000c59,49
3162,user_3162,2020-05-11,3010.46,False,00000000-0000-0000-0000-000000000c5a,5
3163,user_3163,2020-05-11,5026.31,False,00000000-0000-0000-0000-000000000c5b,32
3164,user_3164,2020-05-11,561.76,True,00000000-0000-0000-0000-000000000c5c,61
3165,user_3165,2020-05-11,4910.96,True,00000000-0000-0000-0000-000000000c5d,54
3166,user_3166,2020-05-11,9271.11,True,00000000-0000-0000-0000-000000000c5e,38
3167,user_3167,2020-05-11,1053.93,True,00000000-0000-0000-0000-000000000c5f,11
3168,user_3168,2020-05-12,7644.41,True,00000000-0000-0000-0000-000000000c60,99
3169,user_3169,2020-05-12,4096.71,False,00000000-0000-0000-0000-000000000c61,30
3170,user_3170,2020-05-12,6551.74,True,00000000-0000-0000-0000-000000000c62,73
3171,user_3171,2020-05-12,2602.37,True,00000000-0000-0000-0000-000000000c63,52
3172,user_3172,2020-05-12,1594.92,False,00000000-0000-0000-0000-000000000c64,33
3173,user_3173,2020-05-12,1604.63,False,00000000-0000-0000-0000-000000000c65,40
3174,user_3174,2020-05-12,704.92,True,00000000-0000-0000-0000-000000000c66,9
3175,user_3175,2020-05-12,1856.47,True,00000000-0000-0000-0000-000000000c67,51
3176,user_3176,2020-05-12,6642.19,False,00000000-0000-0000-0000-000000000c68,74
3177,user_3177,2020-05-12,8816.91,True,00000000-0000-0000-0000-000000000c69,56
3178,user_3178,2020-05-12,8141.26,False,00000000-0000-0000-0000-000000000c6a,77
3179,user_3179,2020-05-12,6851.34,False,00000000-0000-0000-0000-000000000c6b,2
3180,user_3180,2020-05-12,1104.32,True,00000000-0000-0000-0000-000000000c6c,56
3181,user_3181,2020-05-12,2891.87,True,00000000-0000-0000-0000-000000000c6d,32
3182,user_3182,2020-05-12,3098.07,True,00000000-0000-0000-0000-000000000c6e,6
3183,user_3183,2020-05-12,2499.57,False,00000000-0000-0000-0000-000000000c6f,3
3184,user_3184,2020-05-12,5150.06,False,00000000-0000-0000-0000-000000000c70,38
3185,user_3185,2020-05-12,5355.54,True,00000000-0000-0000-0000-000000000c71,47
3186,user_3186,2020-05-12,3568.86,True,00000000-0000-0000-0000-000000000c72,73
3187,user_3187,2020-05-12,3537.89,True,00000000-0000-0000-0000-000000000c73,78
3188,user_3188,2020-05-12,8285.56,False,00000000-0000-0000-0000-000000000c74,15
3189,user_3189,2020-05-12,7892.93,False,00000000-0000-0000-0000-000000000c75,37
3190,user_3190,2020-05-12,3077.96,False,00000000-0000-0000-0000-000000000c76,3
3191,user_3191,2020-05-12,9137.88,True,00000000-0000-0000-0000-000000000c77,3
3192,user_3192,2020-05-13,9528.15,False,00000000-0000-0000-0000-000000000c78,99
3193,user_3193,2020-05-13,3267.43,False,00000000-0000-0000-0000-000000000c79,26
3194,user_3194,2020-05-13,3544.25,True,00000000-0000-0000-0000-000000000c7a,85
3195,user_3195,2020-05-13,5056.34,False,00000000-0000-0000-0000-000000000c7b,85
3196,user_3196,2020-05-13,9411.21,True,00000000-0000-0000-0000-000000000c7c,16
3197,user_3197,2020-05-13,8763.19,False,00000000-0000-0000-0000-000000000c7d,97
3198,user_3198,2020-05-13,1025.68,True,00000000-0000-0000-0000-000000000c7e,95
3199,user_3199,2020-05-13,3927.31,True,00000000-0000-0000-0000-000000000c7f,69
3200,user_3200,2020-05-13,5533.71,False,00000000-0000-0000-0000-000000000c80,53
3201,user_3201,2020-05-13,5031.32,True,00000000-0000-0000-0000-000000000c81,96
3202,user_3202,2020-05-13,1938.63,False,00000000-0000-0000-0000-000000000c82,7
3203,user_3203,2020-05-13,8588.17,True,00000000-0000-0000-0000-000000000c83,52
3204,user_3204,2020-05-13,6769.41,True,00000000-0000-0000-0000-000000000c84,99
3205,user_3205,2020-05-13,8379.08,True,00000000-0000-0000-0000-000000000c85,4
3206,user_3206,2020-05-13,8587.64,False,00000000-0000-0000-0000-000000000c86,68
3207,user_3207,2020-05-13,7483.56,True,00000000-0000-0000-0000-000000000c87,46
3208,user_3208,2020-05-13,4392.11,True,00000000-0000-0000-0000-000000000c88,73
3209,user_3209,2020-05-13,6105.47,False,00000000-0000-0000-0000-000000000c89,39
3210,user_3210,2020-05-13,1603.65,True,00000000-0000-0000-0000-000000000c8a,6
3211,user_3211,2020-05-13,6736.45,True,00000000-0000-0000-0000-000000000c8b,11
3212,user_3212,2020-05-13,1792.53,True,00000000-0000-0000-0000-000000000c8c,93
3213,user_3213,2020-05-13,6939.5,True,00000000-0000-0000-0000-000000000c8d,24
3214,user_3214,2020-05-13,2295.98,False,00000000-0000-0000-0000-000000000c8e,27
3215,user_3215,2020-05-13,1175.51,True,00000000-0000-0000-0000-000000000c8f,42
3216,user_3216,2020-05-14,1652.84,True,00000000-0000-0000-0000-000000000c90,76
3217,user_3217,2020-05-14,19.92,False,00000000-0000-0000-0000-000000000c91,46
3218,user_3218,2020-05-14,7187.4,True,00000000-0000-0000-0000-000000000c92,48
3219,user_3219,2020-05-14,7324.01,True,00000000-0000-0000-0000-000000000c93,85
3220,user_3220,2020-05-14,5149.33,False,00000000-0000-0000-0000-000000000c94,53
3221,user_3221,2020-05-14,1613.63,False,00000000-0000-0000-0000-000000000c95,17
3222,user_3222,2020-05-14,835.54,False,00000000-0000-0000-0000-000000000c96,26
3223,user_3223,2020-05-14,191.29,False,00000000-0000-0000-0000-000000000c97,71
3224,user_3224,2020-05-14,1657.48,True,00000000-0000-0000-0000-000000000c98,5
3225,user_3225,2020-05-14,8908.56,False,00000000-0000-0000-0000-000000000c99,74
3226,user_3226,2020-05-14,2415.37,True,00000000-0000-0000-0000-000000000c9a,92
3227,user_3227,2020-05-14,3542.71,False,00000000-0000-0000-0000-000000000c9b,68
3228,user_3228,2020-05-14,1053.45,True,00000000-0000-0000-0000-000000000c9c,70
3229,user_3229,2020-05-14,2223.61,False,00000000-0000-0000-0000-000000000c9d,21
3230,user_3230,2020-05-14,5192.25,False,00000000-0000-0000-0000-000000000c9e,58
3231,user_3231,2020-05-14,6077.53,True,00000000-0000-0000-0000-000000000c9f,46
3232,user_3232,2020-05-14,2453.52,False,00000000-0000-0000-0000-000000000ca0,67
3233,user_3233,2020-05-14,577.32,False,00000000-0000-0000-0000-000000000ca1,31
3234,user_3234,2020-05-14,3910.33,False,00000000-0000-0000-0000-000000000ca2,82
3235,user_3235,2020-05-14,2342.03,True,00000000-0000-0000-0000-000000000ca3,96
3236,user_3236,2020-05-14,2195.54,False,00000000-0000-0000-0000-000000000ca4,0
3237,user_3237,2020-05-14,9598.63,False,00000000-0000-0000-0000-000000000ca5,53
3238,user_3238,2020-05-14,6163.0,True,00000000-0000-0000-0000-000000000ca6,45
3239,user_3239,2020-05-14,5568.78,True,00000000-0000-0000-0000-000000000ca7,40
3240,user_3240,2020-05-15,4157.75,False,00000000-0000-0000-0000-000000000ca8,40
3241,user_3241,2020-05-15,4289.44,True,00000000-0000-0000-0000-000000000ca9,7
3242,user_3242,2020-05-15,5409.05,True,00000000-0000-0000-0000-000000000caa,31
3243,user_3243,2020-05-15,6964.3,True,00000000-0000-0000-0000-000000000cab,29
3244,user_3244,2020-05-15,7021.46,False,00000000-0000-0000-0000-000000000cac,45
3245,user_3245,2020-05-15,1716.94,False,00000000-0000-0000-0000-000000000cad,91
3246,user_3246,2020-05-15,5001.13,True,00000000-0000-0000-0000-000000000cae,51
3247,user_3247,2020-05-15,4119.58,False,00000000-0000-0000-0000-000000000caf,95
3248,user_3248,2020-05-15,8705.27,True,00000000-0000-0000-0000-000000000cb0,88
3249,user_3249,2020-05-15,6314.19,False,00000000-0000-0000-0000-000000000cb1,97
3250,user_3250,2020-05-15,5325.04,True,00000000-0000-0000-0000-000000000cb2,60
3251,user_3251,2020-05-15,1153.95,False,00000000-0000-0000-0000-000000000cb3,96
3252,user_3252,2020-05-15,6056.38,True,00000000-0000-0000-0000-000000000cb4,12
3253,user_3253,2020-05-15,1172.04,False,00000000-0000-0000-0000-000000000cb5,88
3254,user_3254,2020-05-15,3372.07,False,00000000-0000-0000-0000-000000000cb6,39
3255,user_3255,2020-05-15,1428.42,True,00000000-0000-0000-0000-000000000cb7,60
3256,user_3256,2020-05-15,6920.74,False,00000000-0000-0000-0000-000000000cb8,43
3257,user_3257,2020-05-15,2062.52,False,00000000-0000-0000-0000-000000000cb9,61
3258,user_3258,2020-05-15,3918.59,False,00000000-0000-0000-0000-000000000cba,43
3259,user_3259,2020-05-15,8956.75,False,00000000-0000-0000-0000-000000000cbb,47
3260,user_3260,2020-05-15,2043.16,False,00000000-0000-0000-0000-000000000cbc,73
3261,user_3261,2020-05-15,5078.05,False,00000000-0000-0000-0000-000000000cbd,58
3262,user_3262,2020-05-15,4192.72,False,00000000-0000-0000-0000-000000000cbe,56
3263,user_3263,2020-05-15,181.24,False,00000000-0000-0000-0000-000000000cbf,94
3264,user_3264,2020-05-16,7927.58,True,00000000-0000-0000-0000-000000000cc0,10
3265,user_3265,2020-05-16,690.46,False,00000000-0000-0000-0000-000000000cc1,24
3266,user_3266,2020-05-16,4742.55,True,00000000-0000-0000-0000-000000000cc2,60
3267,user_3267,2020-05-16,5606.78,False,00000000-0000-0000-0000-000000000cc3,45
3268,user_3268,2020-05-16,6284.26,True,00000000-0000-0000-0000-000000000cc4,53
3269,user_3269,2020-05-16,6886.32,False,00000000-0000-0000-0000-000000000cc5,33
3270,user_3270,2020-05-16,2532.72,True,00000000-0000-0000-0000-000000000cc6,83
3271,user_3271,2020-05-16,99.79,True,00000000-0000-0000-0000-000000000cc7,6
3272,user_3272,2020-05-16,7234.44,False,00000000-0000-0000-0000-000000000cc8,96
3273,user_3273,2020-05-16,5356.57,True,00000000-0000-0000-0000-000000000cc9,61
3274,user_3274,2020-05-16,8361.18,False,00000000-0000-0000-0000-000000000cca,56
3275,user_3275,2020-05-16,8213.88,False,00000000-0000-0000-0000-000000000ccb,98
3276,user_3276,2020-05-16,8433.26,True,00000000-0000-0000-0000-000000000ccc,92
3277,user_3277,2020-05-16,4850.95,False,00000000-0000-0000-0000-000000000ccd,75
3278,user_3278,2020-05-16,3336.28,True,00000000-0000-0000-0000-000000000cce,4
3279,user_3279,2020-05-16,7915.58,True,00000000-0000-0000-0000-000000000ccf,75
3280,user_3280,2020-05-16,4512.94,False,00000000-0000-0000-0000-000000000cd0,92
3281,user_3281,2020-05-16,1834.42,False,00000000-0000-0000-0000-000000000cd1,34
3282,user_3282,2020-05-16,8549.74,False,00000000-0000-0000-0000-000000000cd2,83
3283,user_3283,2020-05-16,8825.6,False,00000000-0000-0000-0000-000000000cd3,36
3284,user_3284,2020-05-16,4663.1,False,00000000-0000-0000-0000-000000000cd4,59
3285,user_3285,2020-05-16,757.0,True,00000000-0000-0000-0000-000000000cd5,64
3286,user_3286,2020-05-16,3878.26,True,00000000-0000-0000-0000-000000000cd6,15
3287,user_3287,2020-05-16,8035.38,False,00000000-0000-0000-0000-000000000cd7,29
3288,user_3288,2020-05-17,9017.74,False,00000000-0000-0000-0000-000000000cd8,72
3289,user_3289,2020-05-17,2034.73,False,00000000-0000-0000-0000-000000000cd9,41
3290,user_3290,2020-05-17,669.74,True,00000000-0000-0000-0000-000000000cda,60
3291,user_3291,2020-05-17,8773.5,True,00000000-0000-0000-0000-000000000cdb,73
3292,user_3292,2020-05-17,3894.05,True,00000000-0000-0000-0000-000000000cdc,76
3293,user_3293,2020-05-17,5417.61,False,00000000-0000-0000-0000-000000000cdd,47
3294,user_3294,2020-05-17,9680.66,False,00000000-0000-0000-0000-000000000cde,61
3295,user_3295,2020-05-17,665.65,True,00000000-0000-0000-0000-000000000cdf,83
3296,user_3296,2020-05-17,6483.18,False,00000000-0000-0000-0000-000000000ce0,92
3297,user_3297,2020-05-17,741.05,False,00000000-0000-0000-0000-000000000ce1,63
3298,user_3298,2020-05-17,3754.69,True,00000000-0000-0000-0000-000000000ce2,56
3299,user_3299,2020-05-17,8038.15,True,00000000-0000-0000-0000-000000000ce3,67
3300,user_3300,2020-05-17,4334.72,False,00000000-0000-0000-0000-000000000ce4,45
3301,user_3301,2020-05-17,9971.82,True,00000000-0000-0000-0000-000000000ce5,27
3302,user_3302,2020-05-17,5590.59,False,00000000-0000-0000-0000-000000000ce6,76
3303,user_3303,2020-05-17,3211.62,True,00000000-0000-0000-0000-000000000ce7,2
3304,user_3304,2020-05-17,2201.11,True,00000000-0000-0000-0000-000000000ce8,36
3305,user_3305,2020-05-17,3505.21,False,00000000-0000-0000-0000-000000000ce9,47
3306,user_3306,2020-05-17,3725.33,False,00000000-0000-0000-0000-000000000cea,18
3307,user_3307,2020-05-17,687.14,True,00000000-0000-0000-0000-000000000ceb,91
3308,user_3308,2020-05-17,3695.74,False,00000000-0000-0000-0000-000000000cec,82
3309,user_3309,2020-05-17,4642.39,True,00000000-0000-0000-0000-000000000ced,16
3310,user_3310,2020-05-17,7227.38,False,00000000-0000-0000-0000-000000000cee,81
3311,user_3311,2020-05-17,6567.29,True,00000000-0000-0000-0000-000000000cef,81
3312,user_3312,2020-05-18,7087.66,True,00000000-0000-0000-0000-000000000cf0,86
3313,user_3313,2020-05-18,83.64,True,00000000-0000-0000-0000-000000000cf1,39
3314,user_3314,2020-05-18,2176.67,False,00000000-0000-0000-0000-000000000cf2,49
3315,user_3315,2020-05-18,6616.84,True,00000000-0000-0000-0000-000000000cf3,72
3316,user_3316,2020-05-18,4839.89,True,00000000-0000-0000-0000-000000000cf4,28
3317,user_3317,2020-05-18,53.13,True,00000000-0000-0000-0000-000000000cf5,50
3318,user_3318,2020-05-18,8044.95,True,00000000-0000-0000-0000-000000000cf6,41
3319,user_3319,2020-05-18,7728.1,False,00000000-0000-0000-0000-000000000cf7,28
3320,user_3320,2020-05-18,5484.19,False,00000000-0000-0000-0000-000000000cf8,65
3321,user_3321,2020-05-18,664.63,True,00000000-0000-0000-0000-000000000cf9,16
3322,user_3322,2020-05-18,7665.15,True,00000000-0000-0000-0000-000000000cfa,30
3323,user_3323,2020-05-18,5837.14,False,00000000-0000-0000-0000-000000000cfb,91
3324,user_3324,2020-05-18,7819.6,True,00000000-0000-0000-0000-000000000cfc,51
3325,user_3325,2020-05-18,7517.47,False,00000000-0000-0000-0000-000000000cfd,38
3326,user_3326,2020-05-18,8030.02,True,00000000-0000-0000-0000-000000000cfe,59
3327,user_3327,2020-05-18,5180.08,False,00000000-0000-0000-0000-000000000cff,93
3328,user_3328,2020-05-18,1403.25,True,00000000-0000-0000-0000-000000000d00,98
3329,user_3329,2020-05-18,6711.57,False,00000000-0000-0000-0000-000000000d01,50
3330,user_3330,2020-05-18,6204.74,False,00000000-0000-0000-0000-000000000d02,83
3331,user_3331,2020-05-18,7422.53,False,00000000-0000-0000-0000-000000000d03,15
3332,user_3332,2020-05-18,1698.81,True,00000000-0000-0000-0000-000000000d04,97
3333,user_3333,2020-05-18,1949.75,False,00000000-0000-0000-0000-000000000d05,13
3334,user_3334,2020-05-18,8904.1,False,00000000-0000-0000-0000-000000000d06,89
3335,user_3335,2020-05-18,7499.78,True,00000000-0000-0000-0000-000000000d07,83
3336,user_3336,2020-05-19,9082.28,True,00000000-0000-0000-0000-000000000d08,41
3337,user_3337,2020-05-19,7587.15,True,00000000-0000-0000-0000-000000000d09,50
3338,user_3338,2020-05-19,5971.55,True,00000000-0000-0000-0000-000000000d0a,23
3339,user_3339,2020-05-19,6541.33,False,00000000-0000-0000-0000-000000000d0b,81
3340,user_3340,2020-05-19,8891.28,True,00000000-0000-0000-0000-000000000d0c,42
3341,user_3341,2020-05-19,5788.07,True,00000000-0000-0000-0000-000000000d0d,72
3342,user_3342,2020-05-19,6323.91,True,00000000-0000-0000-0000-000000000d0e,18
3343,user_3343,2020-05-19,1564.77,True,00000000-0000-0000-0000-000000000d0f,83
3344,user_3344,2020-05-19,4739.21,True,00000000-0000-0000-0000-000000000d10,60
3345,user_3345,2020-05-19,7163.97,True,00000000-0000-0000-0000-000000000d11,93
3346,user_3346,2020-05-19,2709.43,True,00000000-0000-0000-0000-000000000d12,62
3347,user_3347,2020-05-19,2022.54,False,00000000-0000-0000-0000-000000000d13,25
3348,user_3348,2020-05-19,3138.27,False,00000000-0000-0000-0000-000000000d14,94
3349,user_3349,2020-05-19,2415.01,False,00000000-0000-0000-0000-000000000d15,34
3350,user_3350,2020-05-19,2149.13,False,00000000-0000-0000-0000-000000000d16,66
3351,user_3351,2020-05-19,4248.51,False,00000000-0000-0000-0000-000000000d17,55
3352,user_3352,2020-05-19,9078.39,True,00000000-0000-0000-0000-000000000d18,39
3353,user_3353,2020-05-19,5070.6,True,00000000-0000-0000-0000-000000000d19,28
3354,user_3354,2020-05-19,1879.2,True,00000000-0000-0000-0000-000000000d1a,5
3355,user_3355,2020-05-19,769.72,True,00000000-0000-0000-0000-000000000d1b,51
3356,user_3356,2020-05-19,6961.56,False,00000000-0000-0000-0000-000000000d1c,0
3357,user_3357,2020-05-19,3827.99,False,00000000-0000-0000-0000-000000000d1d,51
3358,user_3358,2020-05-19,8218.31,True,00000000-0000-0000-0000-000000000d1e,23
3359,user_3359,2020-05-19,6595.11,True,00000000-0000-0000-0000-000000000d1f,33
3360,user_3360,2020-05-20,7962.41,False,00000000-0000-0000-0000-000000000d20,6
3361,user_3361,2020-05-20,2719.46,False,00000000-0000-0000-0000-000000000d21,74
3362,user_3362,2020-05-20,6923.59,False,00000000-0000-0000-0000-000000000d22,10
3363,user_3363,2020-05-20,2640.62,True,00000000-0000-0000-0000-000000000d23,35
3364,user_3364,2020-05-20,9390.68,True,00000000-0000-0000-0000-000000000d24,19
3365,user_3365,2020-05-20,6363.74,False,00000000-0000-0000-0000-000000000d25,62
3366,user_3366,2020-05-20,3245.12,False,00000000-0000-0000-0000-000000000d26,79
3367,user_3367,2020-05-20,2695.12,True,00000000-0000-0000-0000-000000000d27,62
3368,user_3368,2020-05-20,1909.27,True,00000000-0000-0000-0000-000000000d28,68
3369,user_3369,2020-05-20,6946.41,True,00000000-0000-0000-0000-000000000d29,87
3370,user_3370,2020-05-20,2187.16,True,00000000-0000-0000-0000-000000000d2a,29
3371,user_3371,2020-05-20,5953.03,False,00000000-0000-0000-0000-000000000d2b,29
3372,user_3372,2020-05-20,2646.35,False,00000000-0000-0000-0000-000000000d2c,96
3373,user_3373,2020-05-20,6619.69,False,00000000-0000-0000-0000-000000000d2d,83
3374,user_3374,2020-05-20,8149.4,True,00000000-0000-0000-0000-000000000d2e,21
3375,user_3375,2020-05-20,7780.25,True,00000000-0000-0000-0000-000000000d2f,60
3376,user_3376,2020-05-20,7608.51,True,00000000-0000-0000-0000-000000000d30,20
3377,user_3377,2020-05-20,1877.22,False,00000000-0000-0000-0000-000000000d31,36
3378,user_3378,2020-05-20,883.85,False,00000000-0000-0000-0000-000000000d32,26
3379,user_3379,2020-05-20,6989.49,False,00000000-0000-0000-0000-000000000d33,34
3380,user_3380,2020-05-20,3683.47,True,00000000-0000-0000-0000-000000000d34,37
3381,user_3381,2020-05-20,4323.46,True,00000000-0000-0000-0000-000000000d35,59
3382,user_3382,2020-05-20,311.49,False,00000000-0000-0000-0000-000000000d36,69
3383,user_3383,2020-05-20,2595.76,True,00000000-0000-0000-0000-000000000d37,31
3384,user_3384,2020-05-21,336.76,False,00000000-0000-0000-0000-000000000d38,79
3385,user_3385,2020-05-21,8791.86,False,00000000-0000-0000-0000-000000000d39,91
3386,user_3386,2020-05-21,2433.97,False,00000000-0000-0000-0000-000000000d3a,79
3387,user_3387,2020-05-21,5573.37,False,00000000-0000-0000-0000-000000000d3b,26
3388,user_3388,2020-05-21,389.79,True,00000000-0000-0000-0000-000000000d3c,2
3389,user_3389,2020-05-21,6668.47,True,00000000-0000-0000-0000-000000000d3d,48
3390,user_3390,2020-05-21,3230.27,True,00000000-0000-0000-0000-000000000d3e,84
3391,user_3391,2020-05-21,8979.19,True,00000000-0000-0000-0000-000000000d3f,29
3392,user_3392,2020-05-21,8881.18,True,00000000-0000-0000-0000-000000000d40,21
3393,user_3393,2020-05-21,3252.91,True,00000000-0000-0000-0000-000000000d41,18
3394,user_3394,2020-05-21,9009.61,False,00000000-0000-0000-0000-000000000d42,30
3395,user_3395,2020-05-21,9961.58,True,00000000-0000-0000-0000-000000000d43,19
3396,user_3396,2020-05-21,8254.16,True,00000000-0000-0000-0000-000000000d44,18
3397,user_3397,2020-05-21,8448.71,True,00000000-0000-0000-0000-000000000d45,1
3398,user_3398,2020-05-21,2490.09,False,00000000-0000-0000-0000-000000000d46,39
3399,user_3399,2020-05-21,5767.02,True,00000000-0000-0000-0000-000000000d47,38
3400,user_3400,2020-05-21,672.56,False,00000000-0000-0000-0000-000000000d48,90
3401,user_3401,2020-05-21,949.18,True,00000000-0000-0000-0000-000000000d49,71
3402,user_3402,2020-05-21,9988.93,True,00000000-0000-0000-0000-000000000d4a,53
3403,user_3403,2020-05-21,3266.39,True,00000000-0000-0000-0000-000000000d4b,26
3404,user_3404,2020-05-21,7481.84,False,00000000-0000-0000-0000-000000000d4c,78
3405,user_3405,2020-05-21,8066.65,False,00000000-0000-0000-0000-000000000d4d,11
3406,user_3406,2020-05-21,8580.23,True,00000000-0000-0000-0000-000000000d4e,77
3407,user_3407,2020-05-21,9976.28,True,00000000-0000-0000-0000-000000000d4f,70
3408,user_3408,2020-05-22,2414.96,True,00000000-0000-0000-0000-000000000d50,16
3409,user_3409,2020-05-22,403.51,False,00000000-0000-0000-0000-000000000d51,89
3410,user_3410,2020-05-22,4111.92,False,00000000-0000-0000-0000-000000000d52,83
3411,user_3411,2020-05-22,1300.81,True,00000000-0000-0000-0000-000000000d53,9
3412,user_3412,2020-05-22,224.26,False,00000000-0000-0000-0000-000000000d54,18
3413,user_3413,2020-05-22,3604.27,False,00000000-0000-0000-0000-000000000d55,81
3414,user_3414,2020-05-22,7837.38,False,00000000-0000-0000-0000-000000000d56,29
3415,user_3415,2020-05-22,5661.81,False,00000000-0000-0000-0000-000000000d57,29
3416,user_3416,2020-05-22,3127.78,True,00000000-0000-0000-0000-000000000d58,24
3417,user_3417,2020-05-22,6543.42,True,00000000-0000-0000-0000-000000000d59,87
3418,user_3418,2020-05-22,2320.18,False,00000000-0000-0000-0000-000000000d5a,73
3419,user_3419,2020-05-22,143.81,False,00000000-0000-0000-0000-000000000d5b,65
3420,user_3420,2020-05-22,7643.53,False,00000000-0000-0000-0000-000000000d5c,95
3421,user_3421,2020-05-22,6237.43,True,00000000-0000-0000-0000-000000000d5d,34
3422,user_3422,2020-05-22,7623.03,True,00000000-0000-0000-0000-000000000d5e,50
3423,user_3423,2020-05-22,389.38,False,00000000-0000-0000-0000-000000000d5f,70
3424,user_3424,2020-05-22,8371.2,False,00000000-0000-0000-0000-000000000d60,70
3425,user_3425,2020-05-22,6195.26,False,00000000-0000-0000-0000-000000000d61,26
3426,user_3426,2020-05-22,5633.95,False,00000000-0000-0000-0000-000000000d62,9
3427,user_3427,2020-05-22,6246.14,True,00000000-0000-0000-0000-000000000d63,96
3428,user_3428,2020-05-22,8644.33,True,00000000-0000-0000-0000-000000000d64,42
3429,user_3429,2020-05-22,5869.37,True,00000000-0000-0000-0000-000000000d65,54
3430,user_3430,2020-05-22,5809.5,True,00000000-0000-0000-0000-000000000d66,70
3431,user_3431,2020-05-22,9906.79,True,00000000-0000-0000-0000-000000000d67,5
3432,user_3432,2020-05-23,7567.3,True,00000000-0000-0000-0000-000000000d68,5
3433,user_3433,2020-05-23,4422.94,False,00000000-0000-0000-0000-000000000d69,76
3434,user_3434,2020-05-23,7073.97,False,00000000-0000-0000-0000-000000000d6a,47
3435,user_3435,2020-05-23,3892.3,True,00000000-0000-0000-0000-000000000d6b,76
3436,user_3436,2020-05-23,2288.75,True,00000000-0000-0000-0000-000000000d6c,1
3437,user_3437,2020-05-23,5968.52,True,00000000-0000-0000-0000-000000000d6d,82
3438,user_3438,2020-05-23,9281.82,False,00000000-0000-0000-0000-000000000d6e,50
3439,user_3439,2020-05-23,9291.4,False,00000000-0000-0000-0000-000000000d6f,60
3440,user_3440,2020-05-23,3419.05,False,00000000-0000-0000-0000-000000000d70,18
3441,user_3441,2020-05-23,5276.77,False,00000000-0000-0000-0000-000000000d71,1
3442,user_3442,2020-05-23,2116.36,True,00000000-0000-0000-0000-000000000d72,50
3443,user_3443,2020-05-23,9956.31,False,00000000-0000-0000-0000-000000000d73,25
3444,user_3444,2020-05-23,9811.18,True,00000000-0000-0000-0000-000000000d74,69
3445,user_3445,2020-05-23,6495.09,False,00000000-0000-0000-0000-000000000d75,19
3446,user_3446,2020-05-23,8044.14,False,00000000-0000-0000-0000-000000000d76,22
3447,user_3447,2020-05-23,7151.0,False,00000000-0000-0000-0000-000000000d77,53
3448,user_3448,2020-05-23,5931.58,False,00000000-0000-0000-0000-000000000d78,14
3449,user_3449,2020-05-23,533.48,True,00000000-0000-0000-0000-000000000d79,5
3450,user_3450,2020-05-23,4547.64,True,00000000-0000-0000-0000-000000000d7a,91
3451,user_3451,2020-05-23,6747.86,True,00000000-0000-0000-0000-000000000d7b,34
3452,user_3452,2020-05-23,6775.32,True,00000000-0000-0000-0000-000000000d7c,74
3453,user_3453,2020-05-23,3731.23,True,00000000-0000-0000-0000-000000000d7d,7
3454,user_3454,2020-05-23,9416.92,True,00000000-0000-0000-0000-000000000d7e,56
3455,user_3455,2020-05-23,1673.57,True,00000000-0000-0000-0000-000000000d7f,49
3456,user_3456,2020-05-24,5003.59,False,00000000-0000-0000-0000-000000000d80,48
3457,user_3457,2020-05-24,6908.84,True,00000000-0000-0000-0000-000000000d81,87
3458,user_3458,2020-05-24,6971.36,False,00000000-0000-0000-0000-000000000d82,20
3459,user_3459,2020-05-24,6486.39,True,00000000-0000-0000-0000-000000000d83,35
3460,user_3460,2020-05-24,2752.88,False,00000000-0000-0000-0000-000000000d84,70
3461,user_3461,2020-05-24,1562.07,True,00000000-0000-0000-0000-000000000d85,68
3462,user_3462,2020-05-24,6359.4,False,00000000-0000-0000-0000-000000000d86,57
3463,user_3463,2020-05-24,5993.02,True,00000000-0000-0000-0000-000000000d87,62
3464,user_3464,2020-05-24,1793.56,True,00000000-0000-0000-0000-000000000d88,92
3465,user_3465,2020-05-24,7051.39,True,00000000-0000-0000-0000-000000000d89,15
3466,user_3466,2020-05-24,4551.72,True,00000000-0000-0000-0000-000000000d8a,5
3467,user_3467,2020-05-24,6677.61,False,00000000-0000-0000-0000-000000000d8b,77
3468,user_3468,2020-05-24,8373.67,True,00000000-0000-0000-0000-000000000d8c,51
3469,user_3469,2020-05-24,1697.28,True,00000000-0000-0000-0000-000000000d8d,1
3470,user_3470,2020-05-24,191.45,False,00000000-0000-0000-0000-000000000d8e,88
3471,user_3471,2020-05-24,7791.03,True,00000000-0000-0000-0000-000000000d8f,94
3472,user_3472,2020-05-24,6096.97,False,00000000-0000-0000-0000-000000000d90,76
3473,user_3473,2020-05-24,6996.4,False,00000000-0000-0000-0000-000000000d91,17
3474,user_3474,2020-05-24,8381.55,True,00000000-0000-0000-0000-000000000d92,80
3475,user_3475,2020-05-24,8028.11,True,00000000-0000-0000-0000-000000000d93,91
3476,user_3476,2020-05-24,9609.2,False,00000000-0000-0000-0000-000000000d94,75
3477,user_3477,2020-05-24,5359.35,True,00000000-0000-0000-0000-000000000d95,34
3478,user_3478,2020-05-24,4884.96,False,00000000-0000-0000-0000-000000000d96,85
3479,user_3479,2020-05-24,4018.87,True,00000000-0000-0000-0000-000000000d97,38
3480,user_3480,2020-05-25,1536.91,True,00000000-0000-0000-0000-000000000d98,0
3481,user_3481,2020-05-25,5726.07,False,00000000-0000-0000-0000-000000000d99,36
3482,user_3482,2020-05-25,2770.13,True,00000000-0000-0000-0000-000000000d9a,20
3483,user_3483,2020-05-25,9213.08,True,00000000-0000-0000-0000-000000000d9b,0
3484,user_3484,2020-05-25,5831.91,True,00000000-0000-0000-0000-000000000d9c,3
3485,user_3485,2020-05-25,5928.4,False,00000000-0000-0000-0000-000000000d9d,95
3486,user_3486,2020-05-25,3549.25,True,00000000-0000-0000-0000-000000000d9e,57
3487,user_3487,2020-05-25,519.89,False,00000000-0000-0000-0000-000000000d9f,0
3488,user_3488,2020-05-25,317.44,True,00000000-0000-0000-0000-000000000da0,12
3489,user_3489,2020-05-25,4233.35,False,00000000-0000-0000-0000-000000000da1,45
3490,user_3490,2020-05-25,845.65,True,00000000-0000-0000-0000-000000000da2,46
3491,user_3491,2020-05-25,6068.47,True,00000000-0000-0000-0000-000000000da3,80
3492,user_3492,2020-05-25,8809.73,False,00000000-0000-0000-0000-000000000da4,75
3493,user_3493,2020-05-25,8829.15,True,00000000-0000-0000-0000-000000000da5,6
3494,user_3494,2020-05-25,6590.45,False,00000000-0000-0000-0000-000000000da6,50
3495,user_3495,2020-05-25,2112.32,True,00000000-0000-0000-0000-000000000da7,2
3496,user_3496,2020-05-25,8629.97,False,00000000-0000-0000-0000-000000000da8,49
3497,user_3497,2020-05-25,8860.93,True,00000000-0000-0000-0000-000000000da9,25
3498,user_3498,2020-05-25,1966.54,False,00000000-0000-0000-0000-000000000daa,30
3499,user_3499,2020-05-25,7374.26,True,00000000-0000-0000-0000-000000000dab,99
3500,user_3500,2020-05-25,2865.2,False,00000000-0000-0000-0000-000000000dac,61
3501,user_3501,2020-05-25,8026.4,False,00000000-0000-0000-0000-000000000dad,25
3502,user_3502,2020-05-25,9972.38,True,00000000-0000-0000-0000-000000000dae,66
3503,user_3503,2020-05-25,300.26,False,00000000-0000-0000-0000-000000000daf,54
3504,user_3504,2020-05-26,8973.66,False,00000000-0000-0000-0000-000000000db0,27
3505,user_3505,2020-05-26,6226.31,True,00000000-0000-0000-0000-000000000db1,43
3506,user_3506,2020-05-26,9733.83,True,00000000-0000-0000-0000-000000000db2,80
3507,user_3507,2020-05-26,4650.1,True,00000000-0000-0000-0000-000000000db3,37
3508,user_3508,2020-05-26,8473.88,True,00000000-0000-0000-0000-000000000db4,29
3509,user_3509,2020-05-26,623.94,True,00000000-0000-0000-0000-000000000db5,65
3510,user_3510,2020-05-26,3352.79,True,00000000-0000-0000-0000-000000000db6,7
3511,user_3511,2020-05-26,670.17,False,00000000-0000-0000-0000-000000000db7,13
3512,user_3512,2020-05-26,9753.43,False,00000000-0000-0000-0000-000000000db8,98
3513,user_3513,2020-05-26,8169.74,False,00000000-0000-0000-0000-000000000db9,61
3514,user_3514,2020-05-26,8525.47,True,00000000-0000-0000-0000-000000000dba,74
3515,user_3515,2020-05-26,9379.65,True,00000000-0000-0000-0000-000000000dbb,62
3516,user_3516,2020-05-26,851.03,False,00000000-0000-0000-0000-000000000dbc,78
3517,user_3517,2020-05-26,3855.98,False,00000000-0000-0000-0000-000000000dbd,65
3518,user_3518,2020-05-26,710.35,True,00000000-0000-0000-0000-000000000dbe,95
3519,user_3519,2020-05-26,2107.93,False,00000000-0000-0000-0000-000000000dbf,39
3520,user_3520,2020-05-26,2293.66,True,00000000-0000-0000-0000-000000000dc0,12
3521,user_3521,2020-05-26,4691.07,True,00000000-0000-0000-0000-000000000dc1,16
3522,user_3522,2020-05-26,2685.62,False,00000000-0000-0000-0000-000000000dc2,14
3523,user_3523,2020-05-26,1009.78,True,00000000-0000-0000-0000-000000000dc3,32
3524,user_3524,2020-05-26,1674.91,True,00000000-0000-0000-0000-000000000dc4,15
3525,user_3525,2020-05-26,1472.76,True,00000000-0000-0000-0000-000000000dc5,12
3526,user_3526,2020-05-26,9730.77,True,00000000-0000-0000-0000-000000000dc6,85
3527,user_3527,2020-05-26,7592.93,False,00000000-0000-0000-0000-000000000dc7,22
3528,user_3528,2020-05-27,9677.61,True,00000000-0000-0000-0000-000000000dc8,35
3529,user_3529,2020-05-27,4397.4,True,00000000-0000-0000-0000-000000000dc9,42
3530,user_3530,2020-05-27,2783.68,False,00000000-0000-0000-0000-000000000dca,49
3531,user_3531,2020-05-27,7982.93,True,00000000-0000-0000-0000-000000000dcb,73
3532,user_3532,2020-05-27,3262.54,True,00000000-0000-0000-0000-000000000dcc,80
3533,user_3533,2020-05-27,2993.83,False,00000000-0000-0000-0000-000000000dcd,93
3534,user_3534,2020-05-27,2325.06,False,00000000-0000-0000-0000-000000000dce,12
3535,user_3535,2020-05-27,1296.79,True,00000000-0000-0000-0000-000000000dcf,29
3536,user_3536,2020-05-27,2564.63,True,00000000-0000-0000-0000-000000000dd0,56
3537,user_3537,2020-05-27,3553.2,False,00000000-0000-0000-0000-000000000dd1,29
3538,user_3538,2020-05-27,6739.94,True,00000000-0000-0000-0000-000000000dd2,70
3539,user_3539,2020-05-27,625.65,True,00000000-0000-0000-0000-000000000dd3,9
3540,user_3540,2020-05-27,2105.07,True,00000000-0000-0000-0000-000000000dd4,98
3541,user_3541,2020-05-27,8090.24,False,00000000-0000-0000-0000-000000000dd5,65
3542,user_3542,2020-05-27,1469.22,True,00000000-0000-0000-0000-000000000dd6,93
3543,user_3543,2020-05-27,3426.45,False,00000000-0000-0000-0000-000000000dd7,82
3544,user_3544,2020-05-27,8646.59,False,00000000-0000-0000-0000-000000000dd8,38
3545,user_3545,2020-05-27,1549.25,False,00000000-0000-0000-0000-000000000dd9,36
3546,user_3546,2020-05-27,827.37,False,00000000-0000-0000-0000-000000000dda,2
3547,user_3547,2020-05-27,4845.38,True,00000000-0000-0000-0000-000000000ddb,88
3548,user_3548,2020-05-27,3024.2,False,00000000-0000-0000-0000-000000000ddc,33
3549,user_3549,2020-05-27,5634.08,True,00000000-0000-0000-0000-000000000ddd,85
3550,user_3550,2020-05-27,8038.05,False,00000000-0000-0000-0000-000000000dde,37
3551,user_3551,2020-05-27,1371.48,False,00000000-0000-0000-0000-000000000ddf,13
3552,user_3552,2020-05-28,5806.99,True,00000000-0000-0000-0000-000000000de0,63
3553,user_3553,2020-05-28,5055.09,False,00000000-0000-0000-0000-000000000de1,38
3554,user_3554,2020-05-28,1440.79,False,00000000-0000-0000-0000-000000000de2,53
3555,user_3555,2020-05-28,6239.98,True,00000000-0000-0000-0000-000000000de3,1
3556,user_3556,2020-05-28,2736.4,False,00000000-0000-0000-0000-000000000de4,95
3557,user_3557,2020-05-28,4878.34,False,00000000-0000-0000-0000-000000000de5,42
3558,user_3558,2020-05-28,822.72,False,00000000-0000-0000-0000-000000000de6,52
3559,user_3559,2020-05-28,4595.84,True,00000000-0000-0000-0000-000000000de7,2
3560,user_3560,2020-05-28,3064.63,False,00000000-0000-0000-0000-000000000de8,40
3561,user_3561,2020-05-28,8223.81,True,00000000-0000-0000-0000-000000000de9,7
3562,user_3562,2020-05-28,569.79,True,00000000-0000-0000-0000-000000000dea,89
3563,user_3563,2020-05-28,4186.07,True,00000000-0000-0000-0000-000000000deb,95
3564,user_3564,2020-05-28,4584.31,False,00000000-0000-0000-0000-000000000dec,74
3565,user_3565,2020-05-28,7250.06,False,00000000-0000-0000-0000-000000000ded,62
3566,user_3566,2020-05-28,5742.88,False,00000000-0000-0000-0000-000000000dee,64
3567,user_3567,2020-05-28,6672.12,False,00000000-0000-0000-0000-000000000def,78
3568,user_3568,2020-05-28,7770.49,True,00000000-0000-0000-0000-000000000df0,3
3569,user_3569,2020-05-28,8622.03,True,00000000-0000-0000-0000-000000000df1,67
3570,user_3570,2020-05-28,3138.75,False,00000000-0000-0000-0000-000000000df2,91
3571,user_3571,2020-05-28,5380.23,False,00000000-0000-0000-0000-000000000df3,9
3572,user_3572,2020-05-28,8401.08,True,00000000-0000-0000-0000-000000000df4,74
3573,user_3573,2020-05-28,9894.51,False,00000000-0000-0000-0000-000000000df5,49
3574,user_3574,2020-05-28,8895.19,False,00000000-0000-0000-0000-000000000df6,22
3575,user_3575,2020-05-28,3714.67,False,00000000-0000-0000-0000-000000000df7,60
3576,user_3576,2020-05-29,1951.67,False,00000000-0000-0000-0000-000000000df8,46
3577,user_3577,2020-05-29,4893.93,False,00000000-0000-0000-0000-000000000df9,2
3578,user_3578,2020-05-29,7416.41,False,00000000-0000-0000-0000-000000000dfa,16
3579,user_3579,2020-05-29,4925.69,True,00000000-0000-0000-0000-000000000dfb,21
3580,user_3580,2020-05-29,4831.81,True,00000000-0000-0000-0000-000000000dfc,90
3581,user_3581,2020-05-29,8382.3,True,00000000-0000-0000-0000-000000000dfd,15
3582,user_3582,2020-05-29,3614.04,True,00000000-0000-0000-0000-000000000dfe,79
3583,user_3583,2020-05-29,8597.95,False,00000000-0000-0000-0000-000000000dff,2
3584,user_3584,2020-05-29,4068.05,False,00000000-0000-0000-0000-000000000e00,51
3585,user_3585,2020-05-29,3282.33,True,00000000-0000-0000-0000-000000000e01,32
3586,user_3586,2020-05-29,4539.9,True,00000000-0000-0000-0000-000000000e02,41
3587,user_3587,2020-05-29,7624.47,True,00000000-0000-0000-0000-000000000e03,1
3588,user_3588,2020-05-29,1260.02,True,00000000-0000-0000-0000-000000000e04,38
3589,user_3589,2020-05-29,1964.19,True,00000000-0000-0000-0000-000000000e05,45
3590,user_3590,2020-05-29,9514.45,False,00000000-0000-0000-0000-000000000e06,47
3591,user_3591,2020-05-29,1754.92,False,00000000-0000-0000-0000-000000000e07,26
3592,user_3592,2020-05-29,5677.27,True,00000000-0000-0000-0000-000000000e08,14
3593,user_3593,2020-05-29,5793.14,True,00000000-0000-0000-0000-000000000e09,6
3594,user_3594,2020-05-29,4896.24,False,00000000-0000-0000-0000-000000000e0a,56
3595,user_3595,2020-05-29,6447.45,False,00000000-0000-0000-0000-000000000e0b,41
3596,user_3596,2020-05-29,2298.27,False,00000000-0000-0000-0000-000000000e0c,8
3597,user_3597,2020-05-29,5526.62,True,00000000-0000-0000-0000-000000000e0d,5
3598,user_3598,2020-05-29,3721.73,False,00000000-0000-0000-0000-000000000e0e,56
3599,user_3599,2020-05-29,6616.67,True,00000000-0000-0000-0000-000000000e0f,75
3600,user_3600,2020-05-30,1412.24,True,00000000-0000-0000-0000-000000000e10,29
3601,user_3601,2020-05-30,5708.77,False,00000000-0000-0000-0000-000000000e11,54
3602,user_3602,2020-05-30,1852.7,False,00000000-0000-0000-0000-000000000e12,83
3603,user_3603,2020-05-30,2786.43,False,00000000-0000-0000-0000-000000000e13,83
3604,user_3604,2020-05-30,2187.1,True,00000000-0000-0000-0000-000000000e14,53
3605,user_3605,2020-05-30,1828.38,False,00000000-0000-0000-0000-000000000e15,26
3606,user_3606,2020-05-30,8257.11,False,00000000-0000-0000-0000-000000000e16,83
3607,user_3607,2020-05-30,2857.08,True,00000000-0000-0000-0000-000000000e17,58
3608,user_3608,2020-05-30,9271.24,False,00000000-0000-0000-0000-000000000e18,6
3609,user_3609,2020-05-30,9699.27,False,00000000-0000-0000-0000-000000000e19,39
3610,user_3610,2020-05-30,5712.6,True,00000000-0000-0000-0000-000000000e1a,93
3611,user_3611,2020-05-30,1430.01,True,00000000-0000-0000-0000-000000000e1b,71
3612,user_3612,2020-05-30,3745.48,True,00000000-0000-0000-0000-000000000e1c,1
3613,user_3613,2020-05-30,7977.32,True,00000000-0000-0000-0000-000000000e1d,13
3614,user_3614,2020-05-30,3673.91,True,00000000-0000-0000-0000-000000000e1e,9
3615,user_3615,2020-05-30,870.17,False,00000000-0000-0000-0000-000000000e1f,49
3616,user_3616,2020-05-30,5567.85,False,00000000-0000-0000-0000-000000000e20,17
3617,user_3617,2020-05-30,8451.21,True,00000000-0000-0000-0000-000000000e21,17
3618,user_3618,2020-05-30,7959.26,False,00000000-0000-0000-0000-000000000e22,15
3619,user_3619,2020-05-30,1751.23,False,00000000-0000-0000-0000-000000000e23,51
3620,user_3620,2020-05-30,6727.65,True,00000000-0000-0000-0000-000000000e24,68
3621,user_3621,2020-05-30,2205.04,True,00000000-0000-0000-0000-000000000e25,51
3622,user_3622,2020-05-30,2182.08,True,00000000-0000-0000-0000-000000000e26,30
3623,user_3623,2020-05-30,8740.72,False,00000000-0000-0000-0000-000000000e27,83
3624,user_3624,2020-05-31,2496.69,True,00000000-0000-0000-0000-000000000e28,22
3625,user_3625,2020-05-31,2632.47,False,00000000-0000-0000-0000-000000000e29,95
3626,user_3626,2020-05-31,6.53,False,00000000-0000-0000-0000-000000000e2a,41
3627,user_3627,2020-05-31,8706.69,False,00000000-0000-0000-0000-000000000e2b,80
3628,user_3628,2020-05-31,7925.95,False,00000000-0000-0000-0000-000000000e2c,61
3629,user_3629,2020-05-31,6273.29,True,00000000-0000-0000-0000-000000000e2d,76
3630,user_3630,2020-05-31,7502.66,False,00000000-0000-0000-0000-000000000e2e,49
3631,user_3631,2020-05-31,1520.49,True,00000000-0000-0000-0000-000000000e2f,76
3632,user_3632,2020-05-31,4583.24,False,00000000-0000-0000-0000-000000000e30,80
3633,user_3633,2020-05-31,3512.19,True,00000000-0000-0000-0000-000000000e31,14
3634,user_3634,2020-05-31,937.77,True,00000000-0000-0000-0000-000000000e32,89
3635,user_3635,2020-05-31,4861.3,True,00000000-0000-0000-0000-000000000e33,43
3636,user_3636,2020-05-31,9207.4,False,00000000-0000-0000-0000-000000000e34,91
3637,user_3637,2020-05-31,400.59,False,00000000-0000-0000-0000-000000000e35,41
3638,user_3638,2020-05-31,2914.61,False,00000000-0000-0000-0000-000000000e36,44
3639,user_3639,2020-05-31,2075.41,True,00000000-0000-0000-0000-000000000e37,93
3640,user_3640,2020-05-31,2381.47,False,00000000-0000-0000-0000-000000000e38,34
3641,user_3641,2020-05-31,9084.35,False,00000000-0000-0000-0000-000000000e39,21
3642,user_3642,2020-05-31,4680.69,False,00000000-0000-0000-0000-000000000e3a,73
3643,user_3643,2020-05-31,4662.99,True,00000000-0000-0000-0000-000000000e3b,74
3644,user_3644,2020-05-31,7605.76,False,00000000-0000-0000-0000-000000000e3c,37
3645,user_3645,2020-05-31,1544.92,False,00000000-0000-0000-0000-000000000e3d,96
3646,user_3646,2020-05-31,4872.65,True,00000000-0000-0000-0000-000000000e3e,69
3647,user_3647,2020-05-31,4299.85,True,00000000-0000-0000-0000-000000000e3f,63
3648,user_3648,2020-06-01,5969.11,True,00000000-0000-0000-0000-000000000e40,6
3649,user_3649,2020-06-01,9995.58,True,00000000-0000-0000-0000-000000000e41,43
3650,user_3650,2020-06-01,7694.49,True,00000000-0000-0000-0000-000000000e42,75
3651,user_3651,2020-06-01,3978.66,True,00000000-0000-0000-0000-000000000e43,6
3652,user_3652,2020-06-01,8275.53,False,00000000-0000-0000-0000-000000000e44,65
3653,user_3653,2020-06-01,1707.08,False,00000000-0000-0000-0000-000000000e45,59
3654,user_3654,2020-06-01,304.64,True,00000000-0000-0000-0000-000000000e46,0
3655,user_3655,2020-06-01,2044.48,False,00000000-0000-0000-0000-000000000e47,61
3656,user_3656,2020-06-01,3404.12,True,00000000-0000-0000-0000-000000000e48,86
3657,user_3657,2020-06-01,5105.81,False,00000000-0000-0000-0000-000000000e49,88
3658,user_3658,2020-06-01,6151.29,True,00000000-0000-0000-0000-000000000e4a,17
3659,user_3659,2020-06-01,9106.06,True,00000000-0000-0000-0000-000000000e4b,6
3660,user_3660,2020-06-01,5098.54,False,00000000-0000-0000-0000-000000000e4c,53
3661,user_3661,2020-06-01,5012.76,False,00000000-0000-0000-0000-000000000e4d,66
3662,user_3662,2020-06-01,502.43,False,00000000-0000-0000-0000-000000000e4e,92
3663,user_3663,2020-06-01,349.12,False,00000000-0000-0000-0000-000000000e4f,9
3664,user_3664,2020-06-01,5511.6,False,00000000-0000-0000-0000-000000000e50,60
3665,user_3665,2020-06-01,4381.79,False,00000000-0000-0000-0000-000000000e51,58
3666,user_3666,2020-06-01,8391.8,False,00000000-0000-0000-0000-000000000e52,58
3667,user_3667,2020-06-01,1606.8,False,00000000-0000-0000-0000-000000000e53,68
3668,user_3668,2020-06-01,249.72,True,00000000-0000-0000-0000-000000000e54,62
3669,user_3669,2020-06-01,4490.39,False,00000000-0000-0000-0000-000000000e55,97
3670,user_3670,2020-06-01,2374.79,False,00000000-0000-0000-0000-000000000e56,7
3671,user_3671,2020-06-01,496.14,True,00000000-0000-0000-0000-000000000e57,77
3672,user_3672,2020-06-02,7245.98,True,00000000-0000-0000-0000-000000000e58,54
3673,user_3673,2020-06-02,1115.93,True,00000000-0000-0000-0000-000000000e59,5
3674,user_3674,2020-06-02,6083.2,True,00000000-0000-0000-0000-000000000e5a,0
3675,user_3675,2020-06-02,2810.5,False,00000000-0000-0000-0000-000000000e5b,55
3676,user_3676,2020-06-02,1734.96,False,00000000-0000-0000-0000-000000000e5c,96
3677,user_3677,2020-06-02,3797.52,True,00000000-0000-0000-0000-000000000e5d,74
3678,user_3678,2020-06-02,8014.46,True,00000000-0000-0000-0000-000000000e5e,87
3679,user_3679,2020-06-02,3920.94,False,00000000-0000-0000-0000-000000000e5f,9
3680,user_3680,2020-06-02,7507.7,False,00000000-0000-0000-0000-000000000e60,22
3681,user_3681,2020-06-02,1254.86,False,00000000-0000-0000-0000-000000000e61,15
3682,user_3682,2020-06-02,7727.71,False,00000000-0000-0000-0000-000000000e62,15
3683,user_3683,2020-06-02,2369.33,True,00000000-0000-0000-0000-000000000e63,55
3684,user_3684,2020-06-02,6773.93,False,00000000-0000-0000-0000-000000000e64,94
3685,user_3685,2020-06-02,5657.82,True,00000000-0000-0000-0000-000000000e65,5
3686,user_3686,2020-06-02,9291.45,True,00000000-0000-0000-0000-000000000e66,29
3687,user_3687,2020-06-02,3873.23,True,00000000-0000-0000-0000-000000000e67,62
3688,user_3688,2020-06-02,661.65,False,00000000-0000-0000-0000-000000000e68,0
3689,user_3689,2020-06-02,191.55,True,00000000-0000-0000-0000-000000000e69,50
3690,user_3690,2020-06-02,8268.59,False,00000000-0000-0000-0000-000000000e6a,88
3691,user_3691,2020-06-02,5247.36,True,00000000-0000-0000-0000-000000000e6b,45
3692,user_3692,2020-06-02,7752.44,False,00000000-0000-0000-0000-000000000e6c,20
3693,user_3693,2020-06-02,2344.26,True,00000000-0000-0000-0000-000000000e6d,98
3694,user_3694,2020-06-02,3450.84,True,00000000-0000-0000-0000-000000000e6e,37
3695,user_3695,2020-06-02,301.04,False,00000000-0000-0000-0000-000000000e6f,68
3696,user_3696,2020-06-03,9614.92,False,00000000-0000-0000-0000-000000000e70,62
3697,user_3697,2020-06-03,6678.68,True,00000000-0000-0000-0000-000000000e71,49
3698,user_3698,2020-06-03,9332.05,True,00000000-0000-0000-0000-000000000e72,11
3699,user_3699,2020-06-03,2654.96,False,00000000-0000-0000-0000-000000000e73,68
3700,user_3700,2020-06-03,6114.64,True,00000000-0000-0000-0000-000000000e74,72
3701,user_3701,2020-06-03,6785.0,False,00000000-0000-0000-0000-000000000e75,43
3702,user_3702,2020-06-03,3175.5,False,00000000-0000-0000-0000-000000000e76,51
3703,user_3703,2020-06-03,8481.09,True,00000000-0000-0000-0000-000000000e77,8
3704,user_3704,2020-06-03,9471.61,False,00000000-0000-0000-0000-000000000e78,98
3705,user_3705,2020-06-03,8848.55,True,00000000-0000-0000-0000-000000000e79,64
3706,user_3706,2020-06-03,7390.67,False,00000000-0000-0000-0000-000000000e7a,9
3707,user_3707,2020-06-03,2774.65,False,00000000-0000-0000-0000-000000000e7b,45
3708,user_3708,2020-06-03,2816.16,True,00000000-0000-0000-0000-000000000e7c,99
3709,user_3709,2020-06-03,9633.6,False,00000000-0000-0000-0000-000000000e7d,57
3710,user_3710,2020-06-03,102.84,True,00000000-0000-0000-0000-000000000e7e,36
3711,user_3711,2020-06-03,7160.5,False,00000000-0000-0000-0000-000000000e7f,51
3712,user_3712,2020-06-03,7062.46,False,00000000-0000-0000-0000-000000000e80,98
3713,user_3713,2020-06-03,6226.9,False,00000000-0000-0000-0000-000000000e81,80
3714,user_3714,2020-06-03,9901.09,False,00000000-0000-0000-0000-000000000e82,12
3715,user_3715,2020-06-03,3118.79,True,00000000-0000-0000-0000-000000000e83,5
3716,user_3716,2020-06-03,3399.72,False,00000000-0000-0000-0000-000000000e84,57
3717,user_3717,2020-06-03,789.39,False,00000000-0000-0000-0000-000000000e85,47
3718,user_3718,2020-06-03,4427.98,False,00000000-0000-0000-0000-000000000e86,31
3719,user_3719,2020-06-03,2610.49,True,00000000-0000-0000-0000-000000000e87,10
3720,user_3720,2020-06-04,3433.87,True,00000000-0000-0000-0000-000000000e88,80
3721,user_3721,2020-06-04,8345.72,True,00000000-0000-0000-0000-000000000e89,4
3722,user_3722,2020-06-04,9354.85,True,00000000-0000-0000-0000-000000000e8a,5
3723,user_3723,2020-06-04,1857.33,False,00000000-0000-0000-0000-000000000e8b,73
3724,user_3724,2020-06-04,3725.09,False,00000000-0000-0000-0000-000000000e8c,96
3725,user_3725,2020-06-04,9286.31,False,00000000-0000-0000-0000-000000000e8d,93
3726,user_3726,2020-06-04,618.08,True,00000000-0000-0000-0000-000000000e8e,20
3727,user_3727,2020-06-04,923.61,True,00000000-0000-0000-0000-000000000e8f,41
3728,user_3728,2020-06-04,1627.91,False,00000000-0000-0000-0000-000000000e90,80
3729,user_3729,2020-06-04,5952.13,False,00000000-0000-0000-0000-000000000e91,26
3730,user_3730,2020-06-04,1504.72,False,00000000-0000-0000-0000-000000000e92,2
3731,user_3731,2020-06-04,9680.76,True,00000000-0000-0000-0000-000000000e93,59
3732,user_3732,2020-06-04,4467.15,False,00000000-0000-0000-0000-000000000e94,92
3733,user_3733,2020-06-04,5015.18,False,00000000-0000-0000-0000-000000000e95,65
3734,user_3734,2020-06-04,2466.59,True,00000000-0000-0000-0000-000000000e96,92
3735,user_3735,2020-06-04,4709.6,True,00000000-0000-0000-0000-000000000e97,48
3736,user_3736,2020-06-04,6619.14,False,00000000-0000-0000-0000-000000000e98,99
3737,user_3737,2020-06-04,7511.77,True,00000000-0000-0000-0000-000000000e99,33
3738,user_3738,2020-06-04,7538.68,False,00000000-0000-0000-0000-000000000e9a,36
3739,user_3739,2020-06-04,5778.91,False,00000000-0000-0000-0000-000000000e9b,41
3740,user_3740,2020-06-04,9043.6,False,00000000-0000-0000-0000-000000000e9c,64
3741,user_3741,2020-06-04,8174.08,False,00000000-0000-0000-0000-000000000e9d,59
3742,user_3742,2020-06-04,7570.48,True,00000000-0000-0000-0000-000000000e9e,89
3743,user_3743,2020-06-04,556.06,True,00000000-0000-0000-0000-000000000e9f,0
3744,user_3744,2020-06-05,68.78,True,00000000-0000-0000-0000-000000000ea0,58
3745,user_3745,2020-06-05,2124.47,False,00000000-0000-0000-0000-000000000ea1,3
3746,user_3746,2020-06-05,6635.24,False,00000000-0000-0000-0000-000000000ea2,13
3747,user_3747,2020-06-05,4111.97,False,00000000-0000-0000-0000-000000000ea3,17
3748,user_3748,2020-06-05,4024.06,True,00000000-0000-0000-0000-000000000ea4,33
3749,user_3749,2020-06-05,8845.87,True,00000000-0000-0000-0000-000000000ea5,0
3750,user_3750,2020-06-05,8955.63,False,00000000-0000-0000-0000-000000000ea6,52
3751,user_3751,2020-06-05,9091.75,True,00000000-0000-0000-0000-000000000ea7,21
3752,user_3752,2020-06-05,3138.78,True,00000000-0000-0000-0000-000000000ea8,79
3753,user_3753,2020-06-05,6910.56,True,00000000-0000-0000-0000-000000000ea9,60
3754,user_3754,2020-06-05,2716.33,True,00000000-0000-0000-0000-000000000eaa,21
3755,user_3755,2020-06-05,1906.1,False,00000000-0000-0000-0000-000000000eab,49
3756,user_3756,2020-06-05,1846.32,True,00000000-0000-0000-0000-000000000eac,15
3757,user_3757,2020-06-05,3421.08,False,00000000-0000-0000-0000-000000000ead,27
3758,user_3758,2020-06-05,4299.58,True,00000000-0000-0000-0000-000000000eae,91
3759,user_3759,2020-06-05,8309.49,False,00000000-0000-0000-0000-000000000eaf,85
3760,user_3760,2020-06-05,1198.91,False,00000000-0000-0000-0000-000000000eb0,69
3761,user_3761,2020-06-05,7349.26,True,00000000-0000-0000-0000-000000000eb1,88
3762,user_3762,2020-06-05,5314.55,False,00000000-0000-0000-0000-000000000eb2,41
3763,user_3763,2020-06-05,2879.45,False,00000000-0000-0000-0000-000000000eb3,65
3764,user_3764,2020-06-05,4928.2,True,00000000-0000-0000-0000-000000000eb4,70
3765,user_3765,2020-06-05,2999.42,False,00000000-0000-0000-0000-000000000eb5,80
3766,user_3766,2020-06-05,5960.82,True,00000000-0000-0000-0000-000000000eb6,34
3767,user_3767,2020-06-05,4338.44,False,00000000-0000-0000-0000-000000000eb7,19
3768,user_3768,2020-06-06,1644.06,True,00000000-0000-0000-0000-000000000eb8,1
3769,user_3769,2020-06-06,1165.83,True,00000000-0000-0000-0000-000000000eb9,6
3770,user_3770,2020-06-06,5466.96,True,00000000-0000-0000-0000-000000000eba,95
3771,user_3771,2020-06-06,9024.13,True,00000000-0000-0000-0000-000000000ebb,48
3772,user_3772,2020-06-06,3439.58,True,00000000-0000-0000-0000-000000000ebc,82
3773,user_3773,2020-06-06,7330.0,False,00000000-0000-0000-0000-000000000ebd,75
3774,user_3774,2020-06-06,6586.61,False,00000000-0000-0000-0000-000000000ebe,8
3775,user_3775,2020-06-06,9315.55,True,00000000-0000-0000-0000-000000000ebf,26
3776,user_3776,2020-06-06,8209.81,False,00000000-0000-0000-0000-000000000ec0,77
3777,user_3777,2020-06-06,5666.05,False,00000000-0000-0000-0000-000000000ec1,1
3778,user_3778,2020-06-06,6570.3,False,00000000-0000-0000-0000-000000000ec2,84
3779,user_3779,2020-06-06,8983.86,True,00000000-0000-0000-0000-000000000ec3,67
3780,user_3780,2020-06-06,3995.19,True,00000000-0000-0000-0000-000000000ec4,59
3781,user_3781,2020-06-06,3267.95,False,00000000-0000-0000-0000-000000000ec5,84
3782,user_3782,2020-06-06,108.11,True,00000000-0000-0000-0000-000000000ec6,85
3783,user_3783,2020-06-06,8265.51,True,00000000-0000-0000-0000-000000000ec7,48
3784,user_3784,2020-06-06,8009.81,False,00000000-0000-0000-0000-000000000ec8,1
3785,user_3785,2020-06-06,1044.55,True,00000000-0000-0000-0000-000000000ec9,16
3786,user_3786,2020-06-06,5768.57,True,00000000-0000-0000-0000-000000000eca,82
3787,user_3787,2020-06-06,4639.82,True,00000000-0000-0000-0000-000000000ecb,87
3788,user_3788,2020-06-06,1187.09,True,00000000-0000-0000-0000-000000000ecc,19
3789,user_3789,2020-06-06,9805.68,True,00000000-0000-0000-0000-000000000ecd,75
3790,user_3790,2020-06-06,2146.96,False,00000000-0000-0000-0000-000000000ece,88
3791,user_3791,2020-06-06,672.34,True,00000000-0000-0000-0000-000000000ecf,86
3792,user_3792,2020-06-07,5948.47,True,00000000-0000-0000-0000-000000000ed0,97
3793,user_3793,2020-06-07,7388.67,False,00000000-0000-0000-0000-000000000ed1,31
3794,user_3794,2020-06-07,324.43,False,00000000-0000-0000-0000-000000000ed2,50
3795,user_3795,2020-06-07,6587.18,True,00000000-0000-0000-0000-000000000ed3,87
3796,user_3796,2020-06-07,5322.92,False,00000000-0000-0000-0000-000000000ed4,41
3797,user_3797,2020-06-07,1032.65,True,00000000-0000-0000-0000-000000000ed5,62
3798,user_3798,2020-06-07,1725.24,False,00000000-0000-0000-0000-000000000ed6,88
3799,user_3799,2020-06-07,5679.74,True,00000000-0000-0000-0000-000000000ed7,60
3800,user_3800,2020-06-07,2963.58,False,00000000-0000-0000-0000-000000000ed8,61
3801,user_3801,2020-06-07,9383.16,True,00000000-0000-0000-0000-000000000ed9,2
3802,user_3802,2020-06-07,8187.4,False,00000000-0000-0000-0000-000000000eda,88
3803,user_3803,2020-06-07,9835.67,True,00000000-0000-0000-0000-000000000edb,91
3804,user_3804,2020-06-07,2596.71,True,00000000-0000-0000-0000-000000000edc,75
3805,user_3805,2020-06-07,9697.24,True,00000000-0000-0000-0000-000000000edd,25
3806,user_3806,2020-06-07,4312.34,False,00000000-0000-0000-0000-000000000ede,47
3807,user_3807,2020-06-07,3475.19,False,00000000-0000-0000-0000-000000000edf,7
3808,user_3808,2020-06-07,503.5,True,00000000-0000-0000-0000-000000000ee0,4
3809,user_3809,2020-06-07,527.65,True,00000000-0000-0000-0000-000000000ee1,10
3810,user_3810,2020-06-07,6920.11,True,00000000-0000-0000-0000-000000000ee2,41
3811,user_3811,2020-06-07,4579.29,True,00000000-0000-0000-0000-000000000ee3,98
3812,user_3812,2020-06-07,2265.22,False,00000000-0000-0000-0000-000000000ee4,90
3813,user_3813,2020-06-07,6139.7,False,00000000-0000-0000-0000-000000000ee5,40
3814,user_3814,2020-06-07,2528.58,False,00000000-0000-0000-0000-000000000ee6,18
3815,user_3815,2020-06-07,5776.32,True,00000000-0000-0000-0000-000000000ee7,47
3816,user_3816,2020-06-08,3592.09,True,00000000-0000-0000-0000-000000000ee8,52
3817,user_3817,2020-06-08,8235.52,False,00000000-0000-0000-0000-000000000ee9,54
3818,user_3818,2020-06-08,8206.96,False,00000000-0000-0000-0000-000000000eea,60
3819,user_3819,2020-06-08,4773.5,False,00000000-0000-0000-0000-000000000eeb,31
3820,user_3820,2020-06-08,3508.19,False,00000000-0000-0000-0000-000000000eec,45
3821,user_3821,2020-06-08,3625.6,True,00000000-0000-0000-0000-000000000eed,91
3822,user_3822,2020-06-08,8057.15,True,00000000-0000-0000-0000-000000000eee,35
3823,user_3823,2020-06-08,3281.79,True,00000000-0000-0000-0000-000000000eef,17
3824,user_3824,2020-06-08,2090.59,False,00000000-0000-0000-0000-000000000ef0,73
3825,user_3825,2020-06-08,846.88,True,00000000-0000-0000-0000-000000000ef1,95
3826,user_3826,2020-06-08,4666.93,False,00000000-0000-0000-0000-000000000ef2,17
3827,user_3827,2020-06-08,4821.32,False,00000000-0000-0000-0000-000000000ef3,11
3828,user_3828,2020-06-08,8409.09,False,00000000-0000-0000-0000-000000000ef4,71
3829,user_3829,2020-06-08,2212.39,False,00000000-0000-0000-0000-000000000ef5,96
3830,user_3830,2020-06-08,3809.91,False,00000000-0000-0000-0000-000000000ef6,45
3831,user_3831,2020-06-08,8084.06,True,00000000-0000-0000-0000-000000000ef7,54
3832,user_3832,2020-06-08,8236.24,True,00000000-0000-0000-0000-000000000ef8,37
3833,user_3833,2020-06-08,3846.11,True,00000000-0000-0000-0000-000000000ef9,77
3834,user_3834,2020-06-08,4591.24,False,00000000-0000-0000-0000-000000000efa,1
3835,user_3835,2020-06-08,3032.86,True,00000000-0000-0000-0000-000000000efb,8
3836,user_3836,2020-06-08,9325.55,False,00000000-0000-0000-0000-000000000efc,4
3837,user_3837,2020-06-08,1186.44,True,00000000-0000-0000-0000-000000000efd,97
3838,user_3838,2020-06-08,9337.49,False,00000000-0000-0000-0000-000000000efe,18
3839,user_3839,2020-06-08,6838.66,False,00000000-0000-0000-0000-000000000eff,70
3840,user_3840,2020-06-09,5315.72,True,00000000-0000-0000-0000-000000000f00,38
3841,user_3841,2020-06-09,326.59,False,00000000-0000-0000-0000-000000000f01,41
3842,user_3842,2020-06-09,4755.96,True,00000000-0000-0000-0000-000000000f02,16
3843,user_3843,2020-06-09,4077.48,True,00000000-0000-0000-0000-000000000f03,62
3844,user_3844,2020-06-09,1612.19,True,00000000-0000-0000-0000-000000000f04,89
3845,user_3845,2020-06-09,6564.1,False,00000000-0000-0000-0000-000000000f05,45
3846,user_3846,2020-06-09,9711.51,False,00000000-0000-0000-0000-000000000f06,90
3847,user_3847,2020-06-09,5621.89,False,00000000-0000-0000-0000-000000000f07,91
3848,user_3848,2020-06-09,7147.53,False,00000000-0000-0000-0000-000000000f08,19
3849,user_3849,2020-06-09,684.5,True,00000000-0000-0000-0000-000000000f09,69
3850,user_3850,2020-06-09,4176.67,False,00000000-0000-0000-0000-000000000f0a,7
3851,user_3851,2020-06-09,1163.58,True,00000000-0000-0000-0000-000000000f0b,95
3852,user_3852,2020-06-09,6127.96,True,00000000-0000-0000-0000-000000000f0c,18
3853,user_3853,2020-06-09,9384.82,False,00000000-0000-0000-0000-000000000f0d,31
3854,user_3854,2020-06-09,6617.78,False,00000000-0000-0000-0000-000000000f0e,18
3855,user_3855,2020-06-09,768.03,True,00000000-0000-0000-0000-000000000f0f,23
3856,user_3856,2020-06-09,3546.66,False,00000000-0000-0000-0000-000000000f10,23
3857,user_3857,2020-06-09,5506.63,True,00000000-0000-0000-0000-000000000f11,55
3858,user_3858,2020-06-09,4032.08,False,00000000-0000-0000-0000-000000000f12,80
3859,user_3859,2020-06-09,8336.44,False,00000000-0000-0000-0000-000000000f13,17
3860,user_3860,2020-06-09,8146.71,True,00000000-0000-0000-0000-000000000f14,11
3861,user_3861,2020-06-09,6118.31,True,00000000-0000-0000-0000-000000000f15,40
3862,user_3862,2020-06-09,3734.58,True,00000000-0000-0000-0000-000000000f16,86
3863,user_3863,2020-06-09,2553.36,False,00000000-0000-0000-0000-000000000f17,47
3864,user_3864,2020-06-10,1058.74,False,00000000-0000-0000-0000-000000000f18,81
3865,user_3865,2020-06-10,3548.98,False,00000000-0000-0000-0000-000000000f19,63
3866,user_3866,2020-06-10,4131.73,True,00000000-0000-0000-0000-000000000f1a,15
3867,user_3867,2020-06-10,6758.23,True,00000000-0000-0000-0000-000000000f1b,79
3868,user_3868,2020-06-10,6581.6,False,00000000-0000-0000-0000-000000000f1c,99
3869,user_3869,2020-06-10,701.08,True,00000000-0000-0000-0000-000000000f1d,22
3870,user_3870,2020-06-10,3952.59,False,00000000-0000-0000-0000-000000000f1e,85
3871,user_3871,2020-06-10,1817.79,True,00000000-0000-0000-0000-000000000f1f,38
3872,user_3872,2020-06-10,1568.13,False,00000000-0000-0000-0000-000000000f20,32
3873,user_3873,2020-06-10,8273.02,False,00000000-0000-0000-0000-000000000f21,23
3874,user_3874,2020-06-10,419.15,False,00000000-0000-0000-0000-000000000f22,60
3875,user_3875,2020-06-10,4191.83,True,00000000-0000-0000-0000-000000000f23,54
3876,user_3876,2020-06-10,1682.04,True,00000000-0000-0000-0000-000000000f24,60
3877,user_3877,2020-06-10,8793.3,False,00000000-0000-0000-0000-000000000f25,83
3878,user_3878,2020-06-10,5570.41,False,00000000-0000-0000-0000-000000000f26,96
3879,user_3879,2020-06-10,2313.81,False,00000000-0000-0000-0000-000000000f27,94
3880,user_3880,2020-06-10,5024.27,False,00000000-0000-0000-0000-000000000f28,39
3881,user_3881,2020-06-10,7314.86,False,00000000-0000-0000-0000-000000000f29,57
3882,user_3882,2020-06-10,9581.18,False,00000000-0000-0000-0000-000000000f2a,71
3883,user_3883,2020-06-10,2204.46,True,00000000-0000-0000-0000-000000000f2b,73
3884,user_3884,2020-06-10,8861.82,True,00000000-0000-0000-0000-000000000f2c,0
3885,user_3885,2020-06-10,9343.04,True,00000000-0000-0000-0000-000000000f2d,84
3886,user_3886,2020-06-10,9164.21,True,00000000-0000-0000-0000-000000000f2e,24
3887,user_3887,2020-06-10,6354.14,False,00000000-0000-0000-0000-000000000f2f,95
3888,user_3888,2020-06-11,6298.21,False,00000000-0000-0000-0000-000000000f30,52
3889,user_3889,2020-06-11,4032.11,False,00000000-0000-0000-0000-000000000f31,60
3890,user_3890,2020-06-11,7523.98,True,00000000-0000-0000-0000-000000000f32,45
3891,user_3891,2020-06-11,5312.94,True,00000000-0000-0000-0000-000000000f33,73
3892,user_3892,2020-06-11,6774.38,False,00000000-0000-0000-0000-000000000f34,59
3893,user_3893,2020-06-11,4284.58,True,00000000-0000-0000-0000-000000000f35,50
3894,user_3894,2020-06-11,7314.96,True,00000000-0000-0000-0000-000000000f36,72
3895,user_3895,2020-06-11,8244.72,False,00000000-0000-0000-0000-000000000f37,83
3896,user_3896,2020-06-11,1464.36,False,00000000-0000-0000-0000-000000000f38,47
3897,user_3897,2020-06-11,8329.3,False,00000000-0000-0000-0000-000000000f39,83
3898,user_3898,2020-06-11,5402.97,True,00000000-0000-0000-0000-000000000f3a,39
3899,user_3899,2020-06-11,8446.66,False,00000000-0000-0000-0000-000000000f3b,6
3900,user_3900,2020-06-11,4313.02,False,00000000-0000-0000-0000-000000000f3c,74
3901,user_3901,2020-06-11,3790.4,False,00000000-0000-0000-0000-000000000f3d,84
3902,user_3902,2020-06-11,9150.61,True,00000000-0000-0000-0000-000000000f3e,18
3903,user_3903,2020-06-11,2511.69,True,00000000-0000-0000-0000-000000000f3f,14
3904,user_3904,2020-06-11,8442.12,False,00000000-0000-0000-0000-000000000f40,69
3905,user_3905,2020-06-11,4840.21,False,00000000-0000-0000-0000-000000000f41,60
3906,user_3906,2020-06-11,5140.95,True,00000000-0000-0000-0000-000000000f42,55
3907,user_3907,2020-06-11,3084.68,True,00000000-0000-0000-0000-000000000f43,9
3908,user_3908,2020-06-11,5730.42,False,00000000-0000-0000-0000-000000000f44,45
3909,user_3909,2020-06-11,3252.11,True,00000000-0000-0000-0000-000000000f45,79
3910,user_3910,2020-06-11,392.69,False,00000000-0000-0000-0000-000000000f46,74
3911,user_3911,2020-06-11,2719.99,False,00000000-0000-0000-0000-000000000f47,56
3912,user_3912,2020-06-12,63.79,True,00000000-0000-0000-0000-000000000f48,34
3913,user_3913,2020-06-12,9783.55,False,00000000-0000-0000-0000-000000000f49,71
3914,user_3914,2020-06-12,9657.47,False,00000000-0000-0000-0000-000000000f4a,91
3915,user_3915,2020-06-12,3951.55,True,00000000-0000-0000-0000-000000000f4b,2
3916,user_3916,2020-06-12,7283.71,False,00000000-0000-0000-0000-000000000f4c,65
3917,user_3917,2020-06-12,3458.06,True,00000000-0000-0000-0000-000000000f4d,52
3918,user_3918,2020-06-12,6710.93,False,00000000-0000-0000-0000-000000000f4e,77
3919,user_3919,2020-06-12,8054.3,False,00000000-0000-0000-0000-000000000f4f,51
3920,user_3920,2020-06-12,9467.56,True,00000000-0000-0000-0000-000000000f50,92
3921,user_3921,2020-06-12,4002.12,True,00000000-0000-0000-0000-000000000f51,52
3922,user_3922,2020-06-12,7832.98,True,00000000-0000-0000-0000-000000000f52,53
3923,user_3923,2020-06-12,2659.28,True,00000000-0000-0000-0000-000000000f53,46
3924,user_3924,2020-06-12,9903.32,True,00000000-0000-0000-0000-000000000f54,2
3925,user_3925,2020-06-12,257.7,True,00000000-0000-0000-0000-000000000f55,64
3926,user_3926,2020-06-12,6035.29,False,00000000-0000-0000-0000-000000000f56,14
3927,user_3927,2020-06-12,6595.06,True,00000000-0000-0000-0000-000000000f57,83
3928,user_3928,2020-06-12,6880.46,False,00000000-0000-0000-0000-000000000f58,85
3929,user_3929,2020-06-12,1203.88,True,00000000-0000-0000-0000-000000000f59,33
3930,user_3930,2020-06-12,9385.3,False,00000000-0000-0000-0000-000000000f5a,49
3931,user_3931,2020-06-12,1811.83,False,00000000-0000-0000-0000-000000000f5b,32
3932,user_3932,2020-06-12,6227.53,True,00000000-0000-0000-0000-000000000f5c,72
3933,user_3933,2020-06-12,2226.76,False,00000000-0000-0000-0000-000000000f5d,2
3934,user_3934,2020-06-12,3072.16,False,00000000-0000-0000-0000-000000000f5e,1
3935,user_3935,2020-06-12,5464.59,False,00000000-0000-0000-0000-000000000f5f,3
3936,user_3936,2020-06-13,4171.93,True,00000000-0000-0000-0000-000000000f60,15
3937,user_3937,2020-06-13,1602.26,True,00000000-0000-0000-0000-000000000f61,53
3938,user_3938,2020-06-13,1709.36,False,00000000-0000-0000-0000-000000000f62,32
3939,user_3939,2020-06-13,4181.45,True,00000000-0000-0000-0000-000000000f63,8
3940,user_3940,2020-06-13,7572.83,True,00000000-0000-0000-0000-000000000f64,56
3941,user_3941,2020-06-13,8979.65,False,00000000-0000-0000-0000-000000000f65,39
3942,user_3942,2020-06-13,841.28,False,00000000-0000-0000-0000-000000000f66,51
3943,user_3943,2020-06-13,3931.04,True,00000000-0000-0000-0000-000000000f67,81
3944,user_3944,2020-06-13,1002.46,True,00000000-0000-0000-0000-000000000f68,15
3945,user_3945,2020-06-13,165.92,True,00000000-0000-0000-0000-000000000f69,7
3946,user_3946,2020-06-13,6617.19,False,00000000-0000-0000-0000-000000000f6a,86
3947,user_3947,2020-06-13,6024.49,True,00000000-0000-0000-0000-000000000f6b,59
3948,user_3948,2020-06-13,1630.19,True,00000000-0000-0000-0000-000000000f6c,35
3949,user_3949,2020-06-13,2338.13,True,00000000-0000-0000-0000-000000000f6d,2
3950,user_3950,2020-06-13,237.08,False,00000000-0000-0000-0000-000000000f6e,14
3951,user_3951,2020-06-13,8349.47,False,00000000-0000-0000-0000-000000000f6f,96
3952,user_3952,2020-06-13,9746.91,False,00000000-0000-0000-0000-000000000f70,81
3953,user_3953,2020-06-13,1354.6,True,00000000-0000-0000-0000-000000000f71,22
3954,user_3954,2020-06-13,2314.75,True,00000000-0000-0000-0000-000000000f72,2
3955,user_3955,2020-06-13,8684.1,False,00000000-0000-0000-0000-000000000f73,29
3956,user_3956,2020-06-13,9264.64,True,00000000-0000-0000-0000-000000000f74,44
3957,user_3957,2020-06-13,4196.27,True,00000000-0000-0000-0000-000000000f75,16
3958,user_3958,2020-06-13,506.22,True,00000000-0000-0000-0000-000000000f76,57
3959,user_3959,2020-06-13,393.92,False,00000000-0000-0000-0000-000000000f77,57
3960,user_3960,2020-06-14,5739.5,True,00000000-0000-0000-0000-000000000f78,95
3961,user_3961,2020-06-14,3928.95,True,00000000-0000-0000-0000-000000000f79,56
3962,user_3962,2020-06-14,286.52,False,00000000-0000-0000-0000-000000000f7a,6
3963,user_3963,2020-06-14,5832.52,True,00000000-0000-0000-0000-000000000f7b,38
3964,user_3964,2020-06-14,113.03,False,00000000-0000-0000-0000-000000000f7c,77
3965,user_3965,2020-06-14,7873.72,True,00000000-0000-0000-0000-000000000f7d,57
3966,user_3966,2020-06-14,3064.33,False,00000000-0000-0000-0000-000000000f7e,55
3967,user_3967,2020-06-14,402.58,False,00000000-0000-0000-0000-000000000f7f,14
3968,user_3968,2020-06-14,5883.52,True,00000000-0000-0000-0000-000000000f80,43
3969,user_3969,2020-06-14,3976.84,True,00000000-0000-0000-0000-000000000f81,11
3970,user_3970,2020-06-14,9738.0,False,00000000-0000-0000-0000-000000000f82,7
3971,user_3971,2020-06-14,5441.99,True,00000000-0000-0000-0000-000000000f83,79
3972,user_3972,2020-06-14,2752.39,False,00000000-0000-0000-0000-000000000f84,40
3973,user_3973,2020-06-14,7094.39,True,00000000-0000-0000-0000-000000000f85,33
3974,user_3974,2020-06-14,2714.92,True,00000000-0000-0000-0000-000000000f86,45
3975,user_3975,2020-06-14,9042.43,True,00000000-0000-0000-0000-000000000f87,87
3976,user_3976,2020-06-14,3747.22,True,00000000-0000-0000-0000-000000000f88,28
3977,user_3977,2020-06-14,5498.69,False,00000000-0000-0000-0000-000000000f89,15
3978,user_3978,2020-06-14,505.73,False,00000000-0000-0000-0000-000000000f8a,4
3979,user_3979,2020-06-14,4261.21,True,00000000-0000-0000-0000-000000000f8b,4
3980,user_3980,2020-06-14,8323.64,True,00000000-0000-0000-0000-000000000f8c,29
3981,user_3981,2020-06-14,8056.49,True,00000000-0000-0000-0000-000000000f8d,49
3982,user_3982,2020-06-14,2243.19,True,00000000-0000-0000-0000-000000000f8e,4
3983,user_3983,2020-06-14,2260.79,True,00000000-0000-0000-0000-000000000f8f,12
3984,user_3984,2020-06-15,8173.05,False,00000000-0000-0000-0000-000000000f90,98
3985,user_3985,2020-06-15,9303.98,False,00000000-0000-0000-0000-000000000f91,48
3986,user_3986,2020-06-15,953.61,True,00000000-0000-0000-0000-000000000f92,88
3987,user_3987,2020-06-15,4500.59,False,00000000-0000-0000-0000-000000000f93,49
3988,user_3988,2020-06-15,3374.54,False,00000000-0000-0000-0000-000000000f94,13
3989,user_3989,2020-06-15,8706.88,True,00000000-0000-0000-0000-000000000f95,45
3990,user_3990,2020-06-15,835.25,False,00000000-0000-0000-0000-000000000f96,89
3991,user_3991,2020-06-15,2111.26,False,00000000-0000-0000-0000-000000000f97,81
3992,user_3992,2020-06-15,7524.68,False,00000000-0000-0000-0000-000000000f98,83
3993,user_3993,2020-06-15,512.94,False,00000000-0000-0000-0000-000000000f99,33
3994,user_3994,2020-06-15,4925.35,True,00000000-0000-0000-0000-000000000f9a,70
3995,user_3995,2020-06-15,4421.07,False,00000000-0000-0000-0000-000000000f9b,46
3996,user_3996,2020-06-15,3344.01,False,00000000-0000-0000-0000-000000000f9c,59
3997,user_3997,2020-06-15,3945.72,False,00000000-0000-0000-0000-000000000f9d,73
3998,user_3998,2020-06-15,5299.41,True,00000000-0000-0000-0000-000000000f9e,78
3999,user_3999,2020-06-15,1613.67,False,00000000-0000-0000-0000-000000000f9f,80
4000,user_4000,2020-06-15,5719.96,False,00000000-0000-0000-0000-000000000fa0,10
4001,user_4001,2020-06-15,8054.32,False,00000000-0000-0000-0000-000000000fa1,97
4002,user_4002,2020-06-15,7601.61,True,00000000-0000-0000-0000-000000000fa2,90
4003,user_4003,2020-06-15,1539.0,True,00000000-0000-0000-0000-000000000fa3,84
4004,user_4004,2020-06-15,1492.49,True,00000000-0000-0000-0000-000000000fa4,94
4005,user_4005,2020-06-15,2681.74,True,00000000-0000-0000-0000-000000000fa5,49
4006,user_4006,2020-06-15,3610.75,True,00000000-0000-0000-0000-000000000fa6,3
4007,user_4007,2020-06-15,4084.56,False,00000000-0000-0000-0000-000000000fa7,40
4008,user_4008,2020-06-16,6796.97,True,00000000-0000-0000-0000-000000000fa8,58
4009,user_4009,2020-06-16,566.8,False,00000000-0000-0000-0000-000000000fa9,59
4010,user_4010,2020-06-16,346.73,True,00000000-0000-0000-0000-000000000faa,80
4011,user_4011,2020-06-16,3919.11,True,00000000-0000-0000-0000-000000000fab,61
4012,user_4012,2020-06-16,6971.64,True,00000000-0000-0000-0000-000000000fac,83
4013,user_4013,2020-06-16,1934.35,False,00000000-0000-0000-0000-000000000fad,24
4014,user_4014,2020-06-16,6415.04,False,00000000-0000-0000-0000-000000000fae,86
4015,user_4015,2020-06-16,2598.28,False,00000000-0000-0000-0000-000000000faf,78
4016,user_4016,2020-06-16,8860.86,True,00000000-0000-0000-0000-000000000fb0,32
4017,user_4017,2020-06-16,8956.9,True,00000000-0000-0000-0000-000000000fb1,18
4018,user_4018,2020-06-16,2972.87,True,00000000-0000-0000-0000-000000000fb2,56
4019,user_4019,2020-06-16,2299.94,True,00000000-0000-0000-0000-000000000fb3,14
4020,user_4020,2020-06-16,4113.04,True,00000000-0000-0000-0000-000000000fb4,40
4021,user_4021,2020-06-16,2405.32,True,00000000-0000-0000-0000-000000000fb5,68
4022,user_4022,2020-06-16,6723.84,False,00000000-0000-0000-0000-000000000fb6,79
4023,user_4023,2020-06-16,8260.65,False,00000000-0000-0000-0000-000000000fb7,59
4024,user_4024,2020-06-16,6730.92,True,00000000-0000-0000-0000-000000000fb8,95
4025,user_4025,2020-06-16,8243.5,False,00000000-0000-0000-0000-000000000fb9,21
4026,user_4026,2020-06-16,3969.92,False,00000000-0000-0000-0000-000000000fba,42
4027,user_4027,2020-06-16,1563.17,False,00000000-0000-0000-0000-000000000fbb,31
4028,user_4028,2020-06-16,7379.51,True,00000000-0000-0000-0000-000000000fbc,12
4029,user_4029,2020-06-16,3604.75,True,00000000-0000-0000-0000-000000000fbd,37
4030,user_4030,2020-06-16,6712.71,True,00000000-0000-0000-0000-000000000fbe,25
4031,user_4031,2020-06-16,2706.44,True,00000000-0000-0000-0000-000000000fbf,80
4032,user_4032,2020-06-17,812.3,False,00000000-0000-0000-0000-000000000fc0,4
4033,user_4033,2020-06-17,9925.82,True,00000000-0000-0000-0000-000000000fc1,48
4034,user_4034,2020-06-17,1562.02,True,00000000-0000-0000-0000-000000000fc2,96
4035,user_4035,2020-06-17,9884.21,True,00000000-0000-0000-0000-000000000fc3,90
4036,user_4036,2020-06-17,9772.8,False,00000000-0000-0000-0000-000000000fc4,4
4037,user_4037,2020-06-17,7938.18,False,00000000-0000-0000-0000-000000000fc5,70
4038,user_4038,2020-06-17,6594.23,False,00000000-0000-0000-0000-000000000fc6,47
4039,user_4039,2020-06-17,5778.07,False,00000000-0000-0000-0000-000000000fc7,17
4040,user_4040,2020-06-17,8661.02,False,00000000-0000-0000-0000-000000000fc8,94
4041,user_4041,2020-06-17,2894.4,True,00000000-0000-0000-0000-000000000fc9,5
4042,user_4042,2020-06-17,4676.81,False,00000000-0000-0000-0000-000000000fca,65
4043,user_4043,2020-06-17,6193.9,False,00000000-0000-0000-0000-000000000fcb,76
4044,user_4044,2020-06-17,4111.9,True,00000000-0000-0000-0000-000000000fcc,41
4045,user_4045,2020-06-17,4274.86,True,00000000-0000-0000-0000-000000000fcd,51
4046,user_4046,2020-06-17,3302.85,True,00000000-0000-0000-0000-000000000fce,10
4047,user_4047,2020-06-17,5642.32,False,00000000-0000-0000-0000-000000000fcf,25
4048,user_4048,2020-06-17,8505.75,True,00000000-0000-0000-0000-000000000fd0,20
4049,user_4049,2020-06-17,2015.28,False,00000000-0000-0000-0000-000000000fd1,65
4050,user_4050,2020-06-17,9344.33,True,00000000-0000-0000-0000-000000000fd2,39
4051,user_4051,2020-06-17,6890.88,False,00000000-0000-0000-0000-000000000fd3,55
4052,user_4052,2020-06-17,8232.73,False,00000000-0000-0000-0000-000000000fd4,50
4053,user_4053,2020-06-17,5561.91,False,00000000-0000-0000-0000-000000000fd5,19
4054,user_4054,2020-06-17,7795.17,False,00000000-0000-0000-0000-000000000fd6,80
4055,user_4055,2020-06-17,162.0,True,00000000-0000-0000-0000-000000000fd7,79
4056,user_4056,2020-06-18,8183.8,True,00000000-0000-0000-0000-000000000fd8,56
4057,user_4057,2020-06-18,401.39,False,00000000-0000-0000-0000-000000000fd9,4
4058,user_4058,2020-06-18,8899.13,True,00000000-0000-0000-0000-000000000fda,13
4059,user_4059,2020-06-18,9919.63,False,00000000-0000-0000-0000-000000000fdb,23
4060,user_4060,2020-06-18,2940.67,True,00000000-0000-0000-0000-000000000fdc,67
4061,user_4061,2020-06-18,2103.19,True,00000000-0000-0000-0000-000000000fdd,51
4062,user_4062,2020-06-18,7653.63,False,00000000-0000-0000-0000-000000000fde,47
4063,user_4063,2020-06-18,2530.26,False,00000000-0000-0000-0000-000000000fdf,87
4064,user_4064,2020-06-18,8655.62,True,00000000-0000-0000-0000-000000000fe0,46
4065,user_4065,2020-06-18,1028.43,False,00000000-0000-0000-0000-000000000fe1,59
4066,user_4066,2020-06-18,1259.55,True,00000000-0000-0000-0000-000000000fe2,72
4067,user_4067,2020-06-18,9791.52,True,00000000-0000-0000-0000-000000000fe3,2
4068,user_4068,2020-06-18,6738.39,True,00000000-0000-0000-0000-000000000fe4,8
4069,user_4069,2020-06-18,8468.87,False,00000000-0000-0000-0000-000000000fe5,81
4070,user_4070,2020-06-18,3243.29,False,00000000-0000-0000-0000-000000000fe6,99
4071,user_4071,2020-06-18,6764.84,True,00000000-0000-0000-0000-000000000fe7,82
4072,user_4072,2020-06-18,5942.42,False,00000000-0000-0000-0000-000000000fe8,23
4073,user_4073,2020-06-18,6031.5,False,00000000-0000-0000-0000-000000000fe9,3
4074,user_4074,2020-06-18,6825.32,True,00000000-0000-0000-0000-000000000fea,8
4075,user_4075,2020-06-18,5753.59,False,00000000-0000-0000-0000-000000000feb,96
4076,user_4076,2020-06-18,4290.62,False,00000000-0000-0000-0000-000000000fec,0
4077,user_4077,2020-06-18,2759.23,True,00000000-0000-0000-0000-000000000fed,34
4078,user_4078,2020-06-18,7685.81,False,00000000-0000-0000-0000-000000000fee,73
4079,user_4079,2020-06-18,2262.72,True,00000000-0000-0000-0000-000000000fef,11
4080,user_4080,2020-06-19,6923.54,False,00000000-0000-0000-0000-000000000ff0,17
4081,user_4081,2020-06-19,2333.33,False,00000000-0000-0000-0000-000000000ff1,77
4082,user_4082,2020-06-19,6253.3,True,00000000-0000-0000-0000-000000000ff2,9
4083,user_4083,2020-06-19,7470.78,True,00000000-0000-0000-0000-000000000ff3,73
4084,user_4084,2020-06-19,2187.14,False,00000000-0000-0000-0000-000000000ff4,17
4085,user_4085,2020-06-19,599.43,True,00000000-0000-0000-0000-000000000ff5,23
4086,user_4086,2020-06-19,1309.74,True,00000000-0000-0000-0000-000000000ff6,0
4087,user_4087,2020-06-19,6059.97,False,00000000-0000-0000-0000-000000000ff7,93
4088,user_4088,2020-06-19,8494.46,True,00000000-0000-0000-0000-000000000ff8,78
4089,user_4089,2020-06-19,449.97,False,00000000-0000-0000-0000-000000000ff9,71
4090,user_4090,2020-06-19,7341.51,False,00000000-0000-0000-0000-000000000ffa,98
4091,user_4091,2020-06-19,3413.19,True,00000000-0000-0000-0000-000000000ffb,81
4092,user_4092,2020-06-19,4785.28,False,00000000-0000-0000-0000-000000000ffc,15
4093,user_4093,2020-06-19,9288.6,True,00000000-0000-0000-0000-000000000ffd,84
4094,user_4094,2020-06-19,3319.72,False,00000000-0000-0000-0000-000000000ffe,14
4095,user_4095,2020-06-19,4653.37,True,00000000-0000-0000-0000-000000000fff,61
4096,user_4096,2020-06-19,136.82,True,00000000-0000-0000-0000-000000001000,4
4097,user_4097,2020-06-19,815.99,False,00000000-0000-0000-0000-000000001001,44
4098,user_4098,2020-06-19,2585.92,True,00000000-0000-0000-0000-000000001002,51
4099,user_4099,2020-06-19,278.52,True,00000000-0000-0000-0000-000000001003,70
4100,user_4100,2020-06-19,6313.75,True,00000000-0000-0000-0000-000000001004,6
4101,user_4101,2020-06-19,4263.98,False,00000000-0000-0000-0000-000000001005,26
4102,user_4102,2020-06-19,5481.45,False,00000000-0000-0000-0000-000000001006,88
4103,user_4103,2020-06-19,1746.47,True,00000000-0000-0000-0000-000000001007,85
4104,user_4104,2020-06-20,2959.32,True,00000000-0000-0000-0000-000000001008,12
4105,user_4105,2020-06-20,6638.24,False,00000000-0000-0000-0000-000000001009,16
4106,user_4106,2020-06-20,9653.03,False,00000000-0000-0000-0000-00000000100a,43
4107,user_4107,2020-06-20,504.17,False,00000000-0000-0000-0000-00000000100b,12
4108,user_4108,2020-06-20,8903.84,True,00000000-0000-0000-0000-00000000100c,89
4109,user_4109,2020-06-20,5768.81,False,00000000-0000-0000-0000-00000000100d,72
4110,user_4110,2020-06-20,5639.2,True,00000000-0000-0000-0000-00000000100e,4
4111,user_4111,2020-06-20,5002.79,False,00000000-0000-0000-0000-00000000100f,32
4112,user_4112,2020-06-20,693.94,True,00000000-0000-0000-0000-000000001010,3
4113,user_4113,2020-06-20,898.77,False,00000000-0000-0000-0000-000000001011,91
4114,user_4114,2020-06-20,6009.12,True,00000000-0000-0000-0000-000000001012,25
4115,user_4115,2020-06-20,3409.59,False,00000000-0000-0000-0000-000000001013,67
4116,user_4116,2020-06-20,9172.68,False,00000000-0000-0000-0000-000000001014,15
4117,user_4117,2020-06-20,4065.91,True,00000000-0000-0000-0000-000000001015,21
4118,user_4118,2020-06-20,1432.81,False,00000000-0000-0000-0000-000000001016,35
4119,user_4119,2020-06-20,7147.19,False,00000000-0000-0000-0000-000000001017,57
4120,user_4120,2020-06-20,2933.53,False,00000000-0000-0000-0000-000000001018,54
4121,user_4121,2020-06-20,5254.7,False,00000000-0000-0000-0000-000000001019,34
4122,user_4122,2020-06-20,6978.33,True,00000000-0000-0000-0000-00000000101a,24
4123,user_4123,2020-06-20,9002.64,True,00000000-0000-0000-0000-00000000101b,71
4124,user_4124,2020-06-20,7921.91,False,00000000-0000-0000-0000-00000000101c,80
4125,user_4125,2020-06-20,6763.61,True,00000000-0000-0000-0000-00000000101d,60
4126,user_4126,2020-06-20,6796.33,True,00000000-0000-0000-0000-00000000101e,17
4127,user_4127,2020-06-20,9459.25,True,00000000-0000-0000-0000-00000000101f,57
4128,user_4128,2020-06-21,2958.24,True,00000000-0000-0000-0000-000000001020,75
4129,user_4129,2020-06-21,11.12,True,00000000-0000-0000-0000-000000001021,56
4130,user_4130,2020-06-21,2719.55,False,00000000-0000-0000-0000-000000001022,96
4131,user_4131,2020-06-21,2178.91,True,00000000-0000-0000-0000-000000001023,86
4132,user_4132,2020-06-21,6618.35,False,00000000-0000-0000-0000-000000001024,62
4133,user_4133,2020-06-21,6337.12,True,00000000-0000-0000-0000-000000001025,11
4134,user_4134,2020-06-21,5934.61,False,00000000-0000-0000-0000-000000001026,10
4135,user_4135,2020-06-21,162.43,False,00000000-0000-0000-0000-000000001027,12
4136,user_4136,2020-06-21,7287.78,False,00000000-0000-0000-0000-000000001028,34
4137,user_4137,2020-06-21,3235.3,True,00000000-0000-0000-0000-000000001029,26
4138,user_4138,2020-06-21,6650.56,True,00000000-0000-0000-0000-00000000102a,88
4139,user_4139,2020-06-21,5565.78,False,00000000-0000-0000-0000-00000000102b,66
4140,user_4140,2020-06-21,3427.31,False,00000000-0000-0000-0000-00000000102c,88
4141,user_4141,2020-06-21,1345.76,True,00000000-0000-0000-0000-00000000102d,44
4142,user_4142,2020-06-21,944.19,True,00000000-0000-0000-0000-00000000102e,73
4143,user_4143,2020-06-21,8315.18,False,00000000-0000-0000-0000-00000000102f,80
4144,user_4144,2020-06-21,9183.98,True,00000000-0000-0000-0000-000000001030,66
4145,user_4145,2020-06-21,6497.88,True,00000000-0000-0000-0000-000000001031,21
4146,user_4146,2020-06-21,1034.34,True,00000000-0000-0000-0000-000000001032,77
4147,user_4147,2020-06-21,4020.27,True,00000000-0000-0000-0000-000000001033,90
4148,user_4148,2020-06-21,7289.39,True,00000000-0000-0000-0000-000000001034,41
4149,user_4149,2020-06-21,7798.21,True,00000000-0000-0000-0000-000000001035,19
4150,user_4150,2020-06-21,1182.19,False,00000000-0000-0000-0000-000000001036,47
4151,user_4151,2020-06-21,0.31,False,00000000-0000-0000-0000-000000001037,17
4152,user_4152,2020-06-22,7121.37,False,00000000-0000-0000-0000-000000001038,76
4153,user_4153,2020-06-22,3565.96,False,00000000-0000-0000-0000-000000001039,69
4154,user_4154,2020-06-22,2544.81,False,00000000-0000-0000-0000-00000000103a,73
4155,user_4155,2020-06-22,128.97,False,00000000-0000-0000-0000-00000000103b,92
4156,user_4156,2020-06-22,5402.99,True,00000000-0000-0000-0000-00000000103c,5
4157,user_4157,2020-06-22,8511.51,True,00000000-0000-0000-0000-00000000103d,38
4158,user_4158,2020-06-22,9576.32,False,00000000-0000-0000-0000-00000000103e,10
4159,user_4159,2020-06-22,5657.45,False,00000000-0000-0000-0000-00000000103f,24
4160,user_4160,2020-06-22,5144.61,False,00000000-0000-0000-0000-000000001040,93
4161,user_4161,2020-06-22,850.56,True,00000000-0000-0000-0000-000000001041,54
4162,user_4162,2020-06-22,5488.73,True,00000000-0000-0000-0000-000000001042,83
4163,user_4163,2020-06-22,3799.79,True,00000000-0000-0000-0000-000000001043,57
4164,user_4164,2020-06-22,6071.35,True,00000000-0000-0000-0000-000000001044,36
4165,user_4165,2020-06-22,3887.26,False,00000000-0000-0000-0000-000000001045,15
4166,user_4166,2020-06-22,2402.99,False,00000000-0000-0000-0000-000000001046,94
4167,user_4167,2020-06-22,949.65,False,00000000-0000-0000-0000-000000001047,92
4168,user_4168,2020-06-22,3149.18,False,00000000-0000-0000-0000-000000001048,69
4169,user_4169,2020-06-22,966.45,True,00000000-0000-0000-0000-000000001049,92
4170,user_4170,2020-06-22,1768.97,True,00000000-0000-0000-0000-00000000104a,95
4171,user_4171,2020-06-22,9873.36,False,00000000-0000-0000-0000-00000000104b,72
4172,user_4172,2020-06-22,4441.04,True,00000000-0000-0000-0000-00000000104c,36
4173,user_4173,2020-06-22,5318.72,True,00000000-0000-0000-0000-00000000104d,52
4174,user_4174,2020-06-22,8736.19,True,00000000-0000-0000-0000-00000000104e,86
4175,user_4175,2020-06-22,9955.69,True,00000000-0000-0000-0000-00000000104f,15
4176,user_4176,2020-06-23,5827.14,False,00000000-0000-0000-0000-000000001050,17
4177,user_4177,2020-06-23,8124.74,True,00000000-0000-0000-0000-000000001051,18
4178,user_4178,2020-06-23,3269.41,False,00000000-0000-0000-0000-000000001052,43
4179,user_4179,2020-06-23,3057.44,True,00000000-0000-0000-0000-000000001053,1
4180,user_4180,2020-06-23,4027.04,True,00000000-0000-0000-0000-000000001054,57
4181,user_4181,2020-06-23,6725.07,False,00000000-0000-0000-0000-000000001055,9
4182,user_4182,2020-06-23,6821.92,False,00000000-0000-0000-0000-000000001056,75
4183,user_4183,2020-06-23,3152.39,True,00000000-0000-0000-0000-000000001057,45
4184,user_4184,2020-06-23,1332.1,True,00000000-0000-0000-0000-000000001058,81
4185,user_4185,2020-06-23,6323.96,False,00000000-0000-0000-0000-000000001059,18
4186,user_4186,2020-06-23,1283.26,True,00000000-0000-0000-0000-00000000105a,37
4187,user_4187,2020-06-23,5784.93,True,00000000-0000-0000-0000-00000000105b,36
4188,user_4188,2020-06-23,6934.22,False,00000000-0000-0000-0000-00000000105c,90
4189,user_4189,2020-06-23,7006.11,True,00000000-0000-0000-0000-00000000105d,77
4190,user_4190,2020-06-23,7534.72,True,00000000-0000-0000-0000-00000000105e,44
4191,user_4191,2020-06-23,8728.59,True,00000000-0000-0000-0000-00000000105f,33
4192,user_4192,2020-06-23,4999.59,True,00000000-0000-0000-0000-000000001060,1
4193,user_4193,2020-06-23,7302.49,True,00000000-0000-0000-0000-000000001061,43
4194,user_4194,2020-06-23,6191.73,False,00000000-0000-0000-0000-000000001062,96
4195,user_4195,2020-06-23,1866.4,True,00000000-0000-0000-0000-000000001063,82
4196,user_4196,2020-06-23,256.9,False,00000000-0000-0000-0000-000000001064,26
4197,user_4197,2020-06-23,2845.41,False,00000000-0000-0000-0000-000000001065,47
4198,user_4198,2020-06-23,4430.34,True,00000000-0000-0000-0000-000000001066,93
4199,user_4199,2020-06-23,6171.06,False,00000000-0000-0000-0000-000000001067,6
4200,user_4200,2020-06-24,8499.59,True,00000000-0000-0000-0000-000000001068,26
4201,user_4201,2020-06-24,1962.46,False,00000000-0000-0000-0000-000000001069,84
4202,user_4202,2020-06-24,1255.5,False,00000000-0000-0000-0000-00000000106a,70
4203,user_4203,2020-06-24,9634.8,False,00000000-0000-0000-0000-00000000106b,88
4204,user_4204,2020-06-24,1080.45,True,00000000-0000-0000-0000-00000000106c,17
4205,user_4205,2020-06-24,4784.91,False,00000000-0000-0000-0000-00000000106d,32
4206,user_4206,2020-06-24,5855.64,False,00000000-0000-0000-0000-00000000106e,32
4207,user_4207,2020-06-24,5413.74,False,00000000-0000-0000-0000-00000000106f,95
4208,user_4208,2020-06-24,860.32,True,00000000-0000-0000-0000-000000001070,24
4209,user_4209,2020-06-24,570.27,True,00000000-0000-0000-0000-000000001071,13
4210,user_4210,2020-06-24,1054.83,False,00000000-0000-0000-0000-000000001072,37
4211,user_4211,2020-06-24,5855.88,False,00000000-0000-0000-0000-000000001073,37
4212,user_4212,2020-06-24,5443.45,False,00000000-0000-0000-0000-000000001074,3
4213,user_4213,2020-06-24,2337.41,False,00000000-0000-0000-0000-000000001075,61
4214,user_4214,2020-06-24,6377.74,True,00000000-0000-0000-0000-000000001076,81
4215,user_4215,2020-06-24,8200.68,True,00000000-0000-0000-0000-000000001077,9
4216,user_4216,2020-06-24,415.79,True,00000000-0000-0000-0000-000000001078,34
4217,user_4217,2020-06-24,4981.3,False,00000000-0000-0000-0000-000000001079,98
4218,user_4218,2020-06-24,6893.1,True,00000000-0000-0000-0000-00000000107a,22
4219,user_4219,2020-06-24,2523.12,False,00000000-0000-0000-0000-00000000107b,88
4220,user_4220,2020-06-24,3077.71,False,00000000-0000-0000-0000-00000000107c,64
4221,user_4221,2020-06-24,6136.38,False,00000000-0000-0000-0000-00000000107d,81
4222,user_4222,2020-06-24,8979.35,True,00000000-0000-0000-0000-00000000107e,78
4223,user_4223,2020-06-24,8099.24,False,00000000-0000-0000-0000-00000000107f,24
4224,user_4224,2020-06-25,5831.3,True,00000000-0000-0000-0000-000000001080,95
4225,user_4225,2020-06-25,7302.22,False,00000000-0000-0000-0000-000000001081,52
4226,user_4226,2020-06-25,3648.22,True,00000000-0000-0000-0000-000000001082,83
4227,user_4227,2020-06-25,6409.66,False,00000000-0000-0000-0000-000000001083,16
4228,user_4228,2020-06-25,4661.82,True,00000000-0000-0000-0000-000000001084,56
4229,user_4229,2020-06-25,1899.36,False,00000000-0000-0000-0000-000000001085,74
4230,user_4230,2020-06-25,7017.38,True,00000000-0000-0000-0000-000000001086,76
4231,user_4231,2020-06-25,5564.65,False,00000000-0000-0000-0000-000000001087,88
4232,user_4232,2020-06-25,3586.22,False,00000000-0000-0000-0000-000000001088,19
4233,user_4233,2020-06-25,9113.39,False,00000000-0000-0000-0000-000000001089,24
4234,user_4234,2020-06-25,209.34,True,00000000-0000-0000-0000-00000000108a,41
4235,user_4235,2020-06-25,3157.73,False,00000000-0000-0000-0000-00000000108b,44
4236,user_4236,2020-06-25,568.81,False,00000000-0000-0000-0000-00000000108c,30
4237,user_4237,2020-06-25,7665.27,False,00000000-0000-0000-0000-00000000108d,64
4238,user_4238,2020-06-25,7021.07,True,00000000-0000-0000-0000-00000000108e,51
4239,user_4239,2020-06-25,3313.52,False,00000000-0000-0000-0000-00000000108f,79
4240,user_4240,2020-06-25,6756.63,False,00000000-0000-0000-0000-000000001090,91
4241,user_4241,2020-06-25,3959.37,True,00000000-0000-0000-0000-000000001091,20
4242,user_4242,2020-06-25,7562.54,False,00000000-0000-0000-0000-000000001092,29
4243,user_4243,2020-06-25,4541.84,True,00000000-0000-0000-0000-000000001093,2
4244,user_4244,2020-06-25,4122.8,False,00000000-0000-0000-0000-000000001094,97
4245,user_4245,2020-06-25,9347.3,True,00000000-0000-0000-0000-000000001095,69
4246,user_4246,2020-06-25,2508.79,True,00000000-0000-0000-0000-000000001096,42
4247,user_4247,2020-06-25,1204.47,True,00000000-0000-0000-0000-000000001097,28
4248,user_4248,2020-06-26,5845.43,False,00000000-0000-0000-0000-000000001098,2
4249,user_4249,2020-06-26,9693.22,False,00000000-0000-0000-0000-000000001099,57
4250,user_4250,2020-06-26,3778.39,True,00000000-0000-0000-0000-00000000109a,32
4251,user_4251,2020-06-26,620.37,False,00000000-0000-0000-0000-00000000109b,74
4252,user_4252,2020-06-26,3393.05,False,00000000-0000-0000-0000-00000000109c,44
4253,user_4253,2020-06-26,5059.32,True,00000000-0000-0000-0000-00000000109d,68
4254,user_4254,2020-06-26,1619.23,True,00000000-0000-0000-0000-00000000109e,31
4255,user_4255,2020-06-26,6581.02,True,00000000-0000-0000-0000-00000000109f,81
4256,user_4256,2020-06-26,9977.49,True,00000000-0000-0000-0000-0000000010a0,83
4257,user_4257,2020-06-26,4517.39,False,00000000-0000-0000-0000-0000000010a1,51
4258,user_4258,2020-06-26,3547.29,False,00000000-0000-0000-0000-0000000010a2,63
4259,user_4259,2020-06-26,4007.04,False,00000000-0000-0000-0000-0000000010a3,39
4260,user_4260,2020-06-26,1151.46,False,00000000-0000-0000-0000-0000000010a4,91
4261,user_4261,2020-06-26,8832.74,False,00000000-0000-0000-0000-0000000010a5,12
4262,user_4262,2020-06-26,4148.26,False,00000000-0000-0000-0000-0000000010a6,89
4263,user_4263,2020-06-26,3872.74,True,00000000-0000-0000-0000-0000000010a7,79
4264,user_4264,2020-06-26,6596.9,False,00000000-0000-0000-0000-0000000010a8,88
4265,user_4265,2020-06-26,4420.33,False,00000000-0000-0000-0000-0000000010a9,73
4266,user_4266,2020-06-26,6482.33,False,00000000-0000-0000-0000-0000000010aa,28
4267,user_4267,2020-06-26,614.46,True,00000000-0000-0000-0000-0000000010ab,62
4268,user_4268,2020-06-26,8137.23,True,00000000-0000-0000-0000-0000000010ac,83
4269,user_4269,2020-06-26,9405.04,False,00000000-0000-0000-0000-0000000010ad,25
4270,user_4270,2020-06-26,6487.65,True,00000000-0000-0000-0000-0000000010ae,95
4271,user_4271,2020-06-26,9545.66,True,00000000-0000-0000-0000-0000000010af,58
4272,user_4272,2020-06-27,1514.32,False,00000000-0000-0000-0000-0000000010b0,48
4273,user_4273,2020-06-27,4774.16,False,00000000-0000-0000-0000-0000000010b1,52
4274,user_4274,2020-06-27,6018.07,False,00000000-0000-0000-0000-0000000010b2,87
4275,user_4275,2020-06-27,5817.37,True,00000000-0000-0000-0000-0000000010b3,30
4276,user_4276,2020-06-27,4014.62,True,00000000-0000-0000-0000-0000000010b4,11
4277,user_4277,2020-06-27,3380.84,False,00000000-0000-0000-0000-0000000010b5,57
4278,user_4278,2020-06-27,1268.24,True,00000000-0000-0000-0000-0000000010b6,35
4279,user_4279,2020-06-27,3917.42,True,00000000-0000-0000-0000-0000000010b7,9
4280,user_4280,2020-06-27,1626.61,True,00000000-0000-0000-0000-0000000010b8,5
4281,user_4281,2020-06-27,7343.66,False,00000000-0000-0000-0000-0000000010b9,6
4282,user_4282,2020-06-27,2088.31,False,00000000-0000-0000-0000-0000000010ba,30
4283,user_4283,2020-06-27,585.65,False,00000000-0000-0000-0000-0000000010bb,90
4284,user_4284,2020-06-27,5523.66,False,00000000-0000-0000-0000-0000000010bc,71
4285,user_4285,2020-06-27,5952.3,False,00000000-0000-0000-0000-0000000010bd,2
4286,user_4286,2020-06-27,8719.13,True,00000000-0000-0000-0000-0000000010be,46
4287,user_4287,2020-06-27,5769.82,True,00000000-0000-0000-0000-0000000010bf,84
4288,user_4288,2020-06-27,3454.81,True,00000000-0000-0000-0000-0000000010c0,0
4289,user_4289,2020-06-27,8030.12,True,00000000-0000-0000-0000-0000000010c1,44
4290,user_4290,2020-06-27,5402.79,True,00000000-0000-0000-0000-0000000010c2,53
4291,user_4291,2020-06-27,792.8,True,00000000-0000-0000-0000-0000000010c3,49
4292,user_4292,2020-06-27,5658.51,False,00000000-0000-0000-0000-0000000010c4,78
4293,user_4293,2020-06-27,9080.19,False,00000000-0000-0000-0000-0000000010c5,6
4294,user_4294,2020-06-27,3963.13,True,00000000-0000-0000-0000-0000000010c6,62
4295,user_4295,2020-06-27,2963.26,False,00000000-0000-0000-0000-0000000010c7,14
4296,user_4296,2020-06-28,1434.69,True,00000000-0000-0000-0000-0000000010c8,88
4297,user_4297,2020-06-28,1514.46,True,00000000-0000-0000-0000-0000000010c9,66
4298,user_4298,2020-06-28,4327.71,False,00000000-0000-0000-0000-0000000010ca,29
4299,user_4299,2020-06-28,5956.8,False,00000000-0000-0000-0000-0000000010cb,77
4300,user_4300,2020-06-28,806.15,True,00000000-0000-0000-0000-0000000010cc,67
4301,user_4301,2020-06-28,9395.69,False,00000000-0000-0000-0000-0000000010cd,35
4302,user_4302,2020-06-28,7551.34,True,00000000-0000-0000-0000-0000000010ce,66
4303,user_4303,2020-06-28,5866.24,True,00000000-0000-0000-0000-0000000010cf,4
4304,user_4304,2020-06-28,8284.39,True,00000000-0000-0000-0000-0000000010d0,24
4305,user_4305,2020-06-28,801.87,True,00000000-0000-0000-0000-0000000010d1,94
4306,user_4306,2020-06-28,4768.39,True,00000000-0000-0000-0000-0000000010d2,10
4307,user_4307,2020-06-28,6300.93,False,00000000-0000-0000-0000-0000000010d3,71
4308,user_4308,2020-06-28,8286.53,True,00000000-0000-0000-0000-0000000010d4,89
4309,user_4309,2020-06-28,7834.7,False,00000000-0000-0000-0000-0000000010d5,65
4310,user_4310,2020-06-28,2770.69,True,00000000-0000-0000-0000-0000000010d6,27
4311,user_4311,2020-06-28,9408.8,False,00000000-0000-0000-0000-0000000010d7,59
4312,user_4312,2020-06-28,1243.46,True,00000000-0000-0000-0000-0000000010d8,9
4313,user_4313,2020-06-28,8751.34,False,00000000-0000-0000-0000-0000000010d9,49
4314,user_4314,2020-06-28,9709.4,True,00000000-0000-0000-0000-0000000010da,38
4315,user_4315,2020-06-28,1771.54,True,00000000-0000-0000-0000-0000000010db,36
4316,user_4316,2020-06-28,7220.66,False,00000000-0000-0000-0000-0000000010dc,62
4317,user_4317,2020-06-28,402.86,False,00000000-0000-0000-0000-0000000010dd,60
4318,user_4318,2020-06-28,4054.23,False,00000000-0000-0000-0000-0000000010de,84
4319,user_4319,2020-06-28,5162.83,False,00000000-0000-0000-0000-0000000010df,91
4320,user_4320,2020-06-29,5806.45,False,00000000-0000-0000-0000-0000000010e0,37
4321,user_4321,2020-06-29,9359.37,False,00000000-0000-0000-0000-0000000010e1,32
4322,user_4322,2020-06-29,6722.51,True,00000000-0000-0000-0000-0000000010e2,74
4323,user_4323,2020-06-29,4812.78,True,00000000-0000-0000-0000-0000000010e3,44
4324,user_4324,2020-06-29,8096.75,True,00000000-0000-0000-0000-0000000010e4,43
4325,user_4325,2020-06-29,9505.33,False,00000000-0000-0000-0000-0000000010e5,0
4326,user_4326,2020-06-29,220.66,False,00000000-0000-0000-0000-0000000010e6,52
4327,user_4327,2020-06-29,9825.21,False,00000000-0000-0000-0000-0000000010e7,46
4328,user_4328,2020-06-29,861.32,True,00000000-0000-0000-0000-0000000010e8,32
4329,user_4329,2020-06-29,8143.87,False,00000000-0000-0000-0000-0000000010e9,66
4330,user_4330,2020-06-29,2803.35,True,00000000-0000-0000-0000-0000000010ea,89
4331,user_4331,2020-06-29,1321.8,False,00000000-0000-0000-0000-0000000010eb,14
4332,user_4332,2020-06-29,4398.56,False,00000000-0000-0000-0000-0000000010ec,13
4333,user_4333,2020-06-29,6439.57,False,00000000-0000-0000-0000-0000000010ed,22
4334,user_4334,2020-06-29,3809.52,True,00000000-0000-0000-0000-0000000010ee,53
4335,user_4335,2020-06-29,545.65,False,00000000-0000-0000-0000-0000000010ef,7
4336,user_4336,2020-06-29,5994.61,True,00000000-0000-0000-0000-0000000010f0,53
4337,user_4337,2020-06-29,9024.03,False,00000000-0000-0000-0000-0000000010f1,35
4338,user_4338,2020-06-29,3832.15,False,00000000-0000-0000-0000-0000000010f2,83
4339,user_4339,2020-06-29,2163.33,False,00000000-0000-0000-0000-0000000010f3,51
4340,user_4340,2020-06-29,4425.77,False,00000000-0000-0000-0000-0000000010f4,5
4341,user_4341,2020-06-29,483.63,True,00000000-0000-0000-0000-0000000010f5,96
4342,user_4342,2020-06-29,8204.88,False,00000000-0000-0000-0000-0000000010f6,27
4343,user_4343,2020-06-29,8263.41,True,00000000-0000-0000-0000-0000000010f7,49
4344,user_4344,2020-06-30,5880.0,False,00000000-0000-0000-0000-0000000010f8,37
4345,user_4345,2020-06-30,3531.03,False,00000000-0000-0000-0000-0000000010f9,29
4346,user_4346,2020-06-30,7997.83,False,00000000-0000-0000-0000-0000000010fa,80
4347,user_4347,2020-06-30,5546.87,True,00000000-0000-0000-0000-0000000010fb,72
4348,user_4348,2020-06-30,8259.32,False,00000000-0000-0000-0000-0000000010fc,91
4349,user_4349,2020-06-30,6314.59,True,00000000-0000-0000-0000-0000000010fd,53
4350,user_4350,2020-06-30,7844.05,True,00000000-0000-0000-0000-0000000010fe,70
4351,user_4351,2020-06-30,5985.63,False,00000000-0000-0000-0000-0000000010ff,45
4352,user_4352,2020-06-30,4141.41,True,00000000-0000-0000-0000-000000001100,27
4353,user_4353,2020-06-30,9579.46,False,00000000-0000-0000-0000-000000001101,16
4354,user_4354,2020-06-30,5411.14,True,00000000-0000-0000-0000-000000001102,47
4355,user_4355,2020-06-30,6050.9,True,00000000-0000-0000-0000-000000001103,43
4356,user_4356,2020-06-30,2204.88,True,00000000-0000-0000-0000-000000001104,59
4357,user_4357,2020-06-30,6256.51,True,00000000-0000-0000-0000-000000001105,59
4358,user_4358,2020-06-30,5716.08,False,00000000-0000-0000-0000-000000001106,4
4359,user_4359,2020-06-30,1848.38,True,00000000-0000-0000-0000-000000001107,68
4360,user_4360,2020-06-30,595.87,False,00000000-0000-0000-0000-000000001108,77
4361,user_4361,2020-06-30,6043.59,True,00000000-0000-0000-0000-000000001109,69
4362,user_4362,2020-06-30,7636.92,False,00000000-0000-0000-0000-00000000110a,6
4363,user_4363,2020-06-30,5234.01,False,00000000-0000-0000-0000-00000000110b,52
4364,user_4364,2020-06-30,2267.73,True,00000000-0000-0000-0000-00000000110c,16
4365,user_4365,2020-06-30,6665.22,True,00000000-0000-0000-0000-00000000110d,58
4366,user_4366,2020-06-30,801.06,False,00000000-0000-0000-0000-00000000110e,8
4367,user_4367,2020-06-30,4418.34,True,00000000-0000-0000-0000-00000000110f,94
4368,user_4368,2020-07-01,1633.67,True,00000000-0000-0000-0000-000000001110,21
4369,user_4369,2020-07-01,1844.59,True,00000000-0000-0000-0000-000000001111,44
4370,user_4370,2020-07-01,2022.94,True,00000000-0000-0000-0000-000000001112,72
4371,user_4371,2020-07-01,3867.07,True,00000000-0000-0000-0000-000000001113,58
4372,user_4372,2020-07-01,511.5,True,00000000-0000-0000-0000-000000001114,79
4373,user_4373,2020-07-01,3977.93,True,00000000-0000-0000-0000-000000001115,99
4374,user_4374,2020-07-01,5117.07,True,00000000-0000-0000-0000-000000001116,97
4375,user_4375,2020-07-01,4832.94,True,00000000-0000-0000-0000-000000001117,12
4376,user_4376,2020-07-01,3827.84,False,00000000-0000-0000-0000-000000001118,82
4377,user_4377,2020-07-01,8391.47,True,00000000-0000-0000-0000-000000001119,11
4378,user_4378,2020-07-01,1453.27,True,00000000-0000-0000-0000-00000000111a,35
4379,user_4379,2020-07-01,5056.97,True,00000000-0000-0000-0000-00000000111b,9
4380,user_4380,2020-07-01,620.41,True,00000000-0000-0000-0000-00000000111c,15
4381,user_4381,2020-07-01,711.56,True,00000000-0000-0000-0000-00000000111d,91
4382,user_4382,2020-07-01,5738.66,False,00000000-0000-0000-0000-00000000111e,18
4383,user_4383,2020-07-01,5660.18,False,00000000-0000-0000-0000-00000000111f,5
4384,user_4384,2020-07-01,8780.34,True,00000000-0000-0000-0000-000000001120,3
4385,user_4385,2020-07-01,5578.74,False,00000000-0000-0000-0000-000000001121,29
4386,user_4386,2020-07-01,9597.91,True,00000000-0000-0000-0000-000000001122,94
4387,user_4387,2020-07-01,486.95,True,00000000-0000-0000-0000-000000001123,45
4388,user_4388,2020-07-01,980.08,False,00000000-0000-0000-0000-000000001124,26
4389,user_4389,2020-07-01,440.66,False,00000000-0000-0000-0000-000000001125,44
4390,user_4390,2020-07-01,1852.77,False,00000000-0000-0000-0000-000000001126,84
4391,user_4391,2020-07-01,5412.7,False,00000000-0000-0000-0000-000000001127,36
4392,user_4392,2020-07-02,6455.72,False,00000000-0000-0000-0000-000000001128,8
4393,user_4393,2020-07-02,455.85,True,00000000-0000-0000-0000-000000001129,60
4394,user_4394,2020-07-02,9459.71,True,00000000-0000-0000-0000-00000000112a,34
4395,user_4395,2020-07-02,8421.65,True,00000000-0000-0000-0000-00000000112b,46
4396,user_4396,2020-07-02,2966.12,False,00000000-0000-0000-0000-00000000112c,20
4397,user_4397,2020-07-02,771.88,True,00000000-0000-0000-0000-00000000112d,16
4398,user_4398,2020-07-02,1698.87,False,00000000-0000-0000-0000-00000000112e,54
4399,user_4399,2020-07-02,1269.44,True,00000000-0000-0000-0000-00000000112f,87
4400,user_4400,2020-07-02,1232.84,False,00000000-0000-0000-0000-000000001130,94
4401,user_4401,2020-07-02,5185.62,False,00000000-0000-0000-0000-000000001131,5
4402,user_4402,2020-07-02,2458.47,True,00000000-0000-0000-0000-000000001132,34
4403,user_4403,2020-07-02,3581.4,True,00000000-0000-0000-0000-000000001133,49
4404,user_4404,2020-07-02,9895.05,True,00000000-0000-0000-0000-000000001134,36
4405,user_4405,2020-07-02,6843.14,True,00000000-0000-0000-0000-000000001135,12
4406,user_4406,2020-07-02,9489.81,False,00000000-0000-0000-0000-000000001136,24
4407,user_4407,2020-07-02,1425.57,True,00000000-0000-0000-0000-000000001137,95
4408,user_4408,2020-07-02,3821.39,False,00000000-0000-0000-0000-000000001138,0
4409,user_4409,2020-07-02,5547.32,True,00000000-0000-0000-0000-000000001139,48
4410,user_4410,2020-07-02,767.58,True,00000000-0000-0000-0000-00000000113a,34
4411,user_4411,2020-07-02,41.87,True,00000000-0000-0000-0000-00000000113b,82
4412,user_4412,2020-07-02,6704.34,True,00000000-0000-0000-0000-00000000113c,52
4413,user_4413,2020-07-02,6418.2,True,00000000-0000-0000-0000-00000000113d,51
4414,user_4414,2020-07-02,4107.89,False,00000000-0000-0000-0000-00000000113e,53
4415,user_4415,2020-07-02,4896.44,True,00000000-0000-0000-0000-00000000113f,75
4416,user_4416,2020-07-03,4154.43,False,00000000-0000-0000-0000-000000001140,46
4417,user_4417,2020-07-03,240.05,True,00000000-0000-0000-0000-000000001141,42
4418,user_4418,2020-07-03,3353.72,False,00000000-0000-0000-0000-000000001142,19
4419,user_4419,2020-07-03,1770.82,True,00000000-0000-0000-0000-000000001143,32
4420,user_4420,2020-07-03,984.24,True,00000000-0000-0000-0000-000000001144,92
4421,user_4421,2020-07-03,9567.2,True,00000000-0000-0000-0000-000000001145,15
4422,user_4422,2020-07-03,5993.6,False,00000000-0000-0000-0000-000000001146,77
4423,user_4423,2020-07-03,7286.56,False,00000000-0000-0000-0000-000000001147,6
4424,user_4424,2020-07-03,3153.64,True,00000000-0000-0000-0000-000000001148,69
4425,user_4425,2020-07-03,3931.47,True,00000000-0000-0000-0000-000000001149,20
4426,user_4426,2020-07-03,2369.24,True,00000000-0000-0000-0000-00000000114a,35
4427,user_4427,2020-07-03,969.66,False,00000000-0000-0000-0000-00000000114b,85
4428,user_4428,2020-07-03,1790.32,True,00000000-0000-0000-0000-00000000114c,53
4429,user_4429,2020-07-03,7975.14,False,00000000-0000-0000-0000-00000000114d,18
4430,user_4430,2020-07-03,6775.46,True,00000000-0000-0000-0000-00000000114e,24
4431,user_4431,2020-07-03,5469.29,False,00000000-0000-0000-0000-00000000114f,66
4432,user_4432,2020-07-03,4750.9,False,00000000-0000-0000-0000-000000001150,99
4433,user_4433,2020-07-03,9224.34,False,00000000-0000-0000-0000-000000001151,52
4434,user_4434,2020-07-03,727.35,True,00000000-0000-0000-0000-000000001152,97
4435,user_4435,2020-07-03,2806.01,False,00000000-0000-0000-0000-000000001153,74
4436,user_4436,2020-07-03,3499.38,True,00000000-0000-0000-0000-000000001154,47
4437,user_4437,2020-07-03,7824.26,False,00000000-0000-0000-0000-000000001155,41
4438,user_4438,2020-07-03,9925.15,True,00000000-0000-0000-0000-000000001156,46
4439,user_4439,2020-07-03,2406.71,False,00000000-0000-0000-0000-000000001157,90
4440,user_4440,2020-07-04,8743.07,False,00000000-0000-0000-0000-000000001158,41
4441,user_4441,2020-07-04,8306.23,True,00000000-0000-0000-0000-000000001159,1
4442,user_4442,2020-07-04,2246.57,True,00000000-0000-0000-0000-00000000115a,5
4443,user_4443,2020-07-04,3993.33,False,00000000-0000-0000-0000-00000000115b,45
4444,user_4444,2020-07-04,4096.73,False,00000000-0000-0000-0000-00000000115c,65
4445,user_4445,2020-07-04,9782.21,True,00000000-0000-0000-0000-00000000115d,80
4446,user_4446,2020-07-04,1808.92,False,00000000-0000-0000-0000-00000000115e,39
4447,user_4447,2020-07-04,7991.58,False,00000000-0000-0000-0000-00000000115f,57
4448,user_4448,2020-07-04,3341.93,True,00000000-0000-0000-0000-000000001160,77
4449,user_4449,2020-07-04,7308.7,True,00000000-0000-0000-0000-000000001161,73
4450,user_4450,2020-07-04,4200.11,True,00000000-0000-0000-0000-000000001162,32
4451,user_4451,2020-07-04,5783.6,False,00000000-0000-0000-0000-000000001163,61
4452,user_4452,2020-07-04,8326.12,False,00000000-0000-0000-0000-000000001164,11
4453,user_4453,2020-07-04,8041.66,False,00000000-0000-0000-0000-000000001165,95
4454,user_4454,2020-07-04,8664.23,True,00000000-0000-0000-0000-000000001166,48
4455,user_4455,2020-07-04,596.17,False,00000000-0000-0000-0000-000000001167,87
4456,user_4456,2020-07-04,6920.51,True,00000000-0000-0000-0000-000000001168,77
4457,user_4457,2020-07-04,1399.87,True,00000000-0000-0000-0000-000000001169,4
4458,user_4458,2020-07-04,4158.19,False,00000000-0000-0000-0000-00000000116a,50
4459,user_4459,2020-07-04,5485.88,True,00000000-0000-0000-0000-00000000116b,68
4460,user_4460,2020-07-04,4027.39,False,00000000-0000-0000-0000-00000000116c,31
4461,user_4461,2020-07-04,5196.12,True,00000000-0000-0000-0000-00000000116d,48
4462,user_4462,2020-07-04,9965.26,True,00000000-0000-0000-0000-00000000116e,96
4463,user_4463,2020-07-04,1352.17,True,00000000-0000-0000-0000-00000000116f,59
4464,user_4464,2020-07-05,6754.56,False,00000000-0000-0000-0000-000000001170,45
4465,user_4465,2020-07-05,3960.01,True,00000000-0000-0000-0000-000000001171,67
4466,user_4466,2020-07-05,1330.1,False,00000000-0000-0000-0000-000000001172,93
4467,user_4467,2020-07-05,1587.37,True,00000000-0000-0000-0000-000000001173,40
4468,user_4468,2020-07-05,9492.73,True,00000000-0000-0000-0000-000000001174,80
4469,user_4469,2020-07-05,8796.01,True,00000000-0000-0000-0000-000000001175,66
4470,user_4470,2020-07-05,9070.42,False,00000000-0000-0000-0000-000000001176,12
4471,user_4471,2020-07-05,9915.33,False,00000000-0000-0000-0000-000000001177,99
4472,user_4472,2020-07-05,2083.15,False,00000000-0000-0000-0000-000000001178,17
4473,user_4473,2020-07-05,3554.39,False,00000000-0000-0000-0000-000000001179,86
4474,user_4474,2020-07-05,6692.19,False,00000000-0000-0000-0000-00000000117a,98
4475,user_4475,2020-07-05,4838.03,True,00000000-0000-0000-0000-00000000117b,96
4476,user_4476,2020-07-05,4183.9,True,00000000-0000-0000-0000-00000000117c,50
4477,user_4477,2020-07-05,3578.11,False,00000000-0000-0000-0000-00000000117d,35
4478,user_4478,2020-07-05,5937.81,False,00000000-0000-0000-0000-00000000117e,80
4479,user_4479,2020-07-05,5755.93,False,00000000-0000-0000-0000-00000000117f,33
4480,user_4480,2020-07-05,1614.58,False,00000000-0000-0000-0000-000000001180,11
4481,user_4481,2020-07-05,4717.4,True,00000000-0000-0000-0000-000000001181,4
4482,user_4482,2020-07-05,5534.72,False,00000000-0000-0000-0000-000000001182,47
4483,user_4483,2020-07-05,5702.87,False,00000000-0000-0000-0000-000000001183,90
4484,user_4484,2020-07-05,2101.07,False,00000000-0000-0000-0000-000000001184,39
4485,user_4485,2020-07-05,7422.71,False,00000000-0000-0000-0000-000000001185,12
4486,user_4486,2020-07-05,251.99,True,00000000-0000-0000-0000-000000001186,25
4487,user_4487,2020-07-05,3548.32,True,00000000-0000-0000-0000-000000001187,13
4488,user_4488,2020-07-06,7802.13,False,00000000-0000-0000-0000-000000001188,95
4489,user_4489,2020-07-06,5638.93,True,00000000-0000-0000-0000-000000001189,10
4490,user_4490,2020-07-06,2611.62,True,00000000-0000-0000-0000-00000000118a,37
4491,user_4491,2020-07-06,6949.53,False,00000000-0000-0000-0000-00000000118b,79
4492,user_4492,2020-07-06,5673.91,False,00000000-0000-0000-0000-00000000118c,56
4493,user_4493,2020-07-06,7962.44,True,00000000-0000-0000-0000-00000000118d,21
4494,user_4494,2020-07-06,7350.25,True,00000000-0000-0000-0000-00000000118e,15
4495,user_4495,2020-07-06,6101.08,True,00000000-0000-0000-0000-00000000118f,76
4496,user_4496,2020-07-06,4881.78,True,00000000-0000-0000-0000-000000001190,75
4497,user_4497,2020-07-06,1331.82,True,00000000-0000-0000-0000-000000001191,81
4498,user_4498,2020-07-06,2613.33,False,00000000-0000-0000-0000-000000001192,28
4499,user_4499,2020-07-06,4190.99,True,00000000-0000-0000-0000-000000001193,81
4500,user_4500,2020-07-06,5992.99,True,00000000-0000-0000-0000-000000001194,1
4501,user_4501,2020-07-06,5137.08,True,00000000-0000-0000-0000-000000001195,53
4502,user_4502,2020-07-06,2881.85,True,00000000-0000-0000-0000-000000001196,1
4503,user_4503,2020-07-06,64.64,True,00000000-0000-0000-0000-000000001197,2
4504,user_4504,2020-07-06,4962.39,True,00000000-0000-0000-0000-000000001198,92
4505,user_4505,2020-07-06,2856.26,True,00000000-0000-0000-0000-000000001199,55
4506,user_4506,2020-07-06,7346.08,True,00000000-0000-0000-0000-00000000119a,71
4507,user_4507,2020-07-06,239.46,False,00000000-0000-0000-0000-00000000119b,10
4508,user_4508,2020-07-06,5848.28,False,00000000-0000-0000-0000-00000000119c,75
4509,user_4509,2020-07-06,9414.74,True,00000000-0000-0000-0000-00000000119d,31
4510,user_4510,2020-07-06,1744.09,False,00000000-0000-0000-0000-00000000119e,3
4511,user_4511,2020-07-06,4716.49,False,00000000-0000-0000-0000-00000000119f,8
4512,user_4512,2020-07-07,914.22,False,00000000-0000-0000-0000-0000000011a0,87
4513,user_4513,2020-07-07,6256.82,False,00000000-0000-0000-0000-0000000011a1,55
4514,user_4514,2020-07-07,5505.32,False,00000000-0000-0000-0000-0000000011a2,15
4515,user_4515,2020-07-07,4073.66,False,00000000-0000-0000-0000-0000000011a3,80
4516,user_4516,2020-07-07,5213.77,True,00000000-0000-0000-0000-0000000011a4,85
4517,user_4517,2020-07-07,8965.75,True,00000000-0000-0000-0000-0000000011a5,70
4518,user_4518,2020-07-07,1962.94,False,00000000-0000-0000-0000-0000000011a6,9
4519,user_4519,2020-07-07,225.65,True,00000000-0000-0000-0000-0000000011a7,92
4520,user_4520,2020-07-07,8616.65,False,00000000-0000-0000-0000-0000000011a8,35
4521,user_4521,2020-07-07,5771.17,True,00000000-0000-0000-0000-0000000011a9,23
4522,user_4522,2020-07-07,8906.58,True,00000000-0000-0000-0000-0000000011aa,63
4523,user_4523,2020-07-07,5969.45,True,00000000-0000-0000-0000-0000000011ab,55
4524,user_4524,2020-07-07,8101.61,False,00000000-0000-0000-0000-0000000011ac,77
4525,user_4525,2020-07-07,4296.73,True,00000000-0000-0000-0000-0000000011ad,77
4526,user_4526,2020-07-07,7498.6,True,00000000-0000-0000-0000-0000000011ae,88
4527,user_4527,2020-07-07,9130.41,False,00000000-0000-0000-0000-0000000011af,21
4528,user_4528,2020-07-07,5721.23,False,00000000-0000-0000-0000-0000000011b0,51
4529,user_4529,2020-07-07,1807.85,True,00000000-0000-0000-0000-0000000011b1,49
4530,user_4530,2020-07-07,2687.98,False,00000000-0000-0000-0000-0000000011b2,46
4531,user_4531,2020-07-07,1986.45,True,00000000-0000-0000-0000-0000000011b3,22
4532,user_4532,2020-07-07,2468.57,True,00000000-0000-0000-0000-0000000011b4,95
4533,user_4533,2020-07-07,3064.15,False,00000000-0000-0000-0000-0000000011b5,89
4534,user_4534,2020-07-07,5551.34,False,00000000-0000-0000-0000-0000000011b6,90
4535,user_4535,2020-07-07,5879.92,True,00000000-0000-0000-0000-0000000011b7,75
4536,user_4536,2020-07-08,4265.0,False,00000000-0000-0000-0000-0000000011b8,82
4537,user_4537,2020-07-08,6154.21,True,00000000-0000-0000-0000-0000000011b9,18
4538,user_4538,2020-07-08,815.75,False,00000000-0000-0000-0000-0000000011ba,51
4539,user_4539,2020-07-08,877.88,False,00000000-0000-0000-0000-0000000011bb,33
4540,user_4540,2020-07-08,1718.29,False,00000000-0000-0000-0000-0000000011bc,95
4541,user_4541,2020-07-08,5180.77,False,00000000-0000-0000-0000-0000000011bd,28
4542,user_4542,2020-07-08,2139.95,False,00000000-0000-0000-0000-0000000011be,60
4543,user_4543,2020-07-08,2832.84,True,00000000-0000-0000-0000-0000000011bf,84
4544,user_4544,2020-07-08,4003.13,True,00000000-0000-0000-0000-0000000011c0,34
4545,user_4545,2020-07-08,8118.66,True,00000000-0000-0000-0000-0000000011c1,4
4546,user_4546,2020-07-08,138.62,False,00000000-0000-0000-0000-0000000011c2,75
4547,user_4547,2020-07-08,6493.79,True,00000000-0000-0000-0000-0000000011c3,6
4548,user_4548,2020-07-08,6688.77,True,00000000-0000-0000-0000-0000000011c4,40
4549,user_4549,2020-07-08,7986.56,False,00000000-0000-0000-0000-0000000011c5,1
4550,user_4550,2020-07-08,9327.53,False,00000000-0000-0000-0000-0000000011c6,88
4551,user_4551,2020-07-08,201.38,False,00000000-0000-0000-0000-0000000011c7,9
4552,user_4552,2020-07-08,1537.84,True,00000000-0000-0000-0000-0000000011c8,43
4553,user_4553,2020-07-08,8861.71,True,00000000-0000-0000-0000-0000000011c9,69
4554,user_4554,2020-07-08,4585.19,False,00000000-0000-0000-0000-0000000011ca,90
4555,user_4555,2020-07-08,5645.91,True,00000000-0000-0000-0000-0000000011cb,34
4556,user_4556,2020-07-08,6630.27,True,00000000-0000-0000-0000-0000000011cc,61
4557,user_4557,2020-07-08,6790.67,False,00000000-0000-0000-0000-0000000011cd,73
4558,user_4558,2020-07-08,9317.4,True,00000000-0000-0000-0000-0000000011ce,72
4559,user_4559,2020-07-08,9969.49,False,00000000-0000-0000-0000-0000000011cf,19
4560,user_4560,2020-07-09,7201.57,True,00000000-0000-0000-0000-0000000011d0,34
4561,user_4561,2020-07-09,2872.21,False,00000000-0000-0000-0000-0000000011d1,36
4562,user_4562,2020-07-09,8797.52,True,00000000-0000-0000-0000-0000000011d2,71
4563,user_4563,2020-07-09,492.21,True,00000000-0000-0000-0000-0000000011d3,53
4564,user_4564,2020-07-09,2310.81,False,00000000-0000-0000-0000-0000000011d4,94
4565,user_4565,2020-07-09,8973.86,False,00000000-0000-0000-0000-0000000011d5,79
4566,user_4566,2020-07-09,2561.92,False,00000000-0000-0000-0000-0000000011d6,27
4567,user_4567,2020-07-09,2206.51,False,00000000-0000-0000-0000-0000000011d7,69
4568,user_4568,2020-07-09,1381.25,True,00000000-0000-0000-0000-0000000011d8,31
4569,user_4569,2020-07-09,8591.12,False,00000000-0000-0000-0000-0000000011d9,91
4570,user_4570,2020-07-09,5000.58,False,00000000-0000-0000-0000-0000000011da,10
4571,user_4571,2020-07-09,6748.93,False,00000000-0000-0000-0000-0000000011db,41
4572,user_4572,2020-07-09,2390.66,False,00000000-0000-0000-0000-0000000011dc,22
4573,user_4573,2020-07-09,7580.4,False,00000000-0000-0000-0000-0000000011dd,29
4574,user_4574,2020-07-09,7600.06,True,00000000-0000-0000-0000-0000000011de,8
4575,user_4575,2020-07-09,3125.98,False,00000000-0000-0000-0000-0000000011df,91
4576,user_4576,2020-07-09,4106.83,False,00000000-0000-0000-0000-0000000011e0,87
4577,user_4577,2020-07-09,2096.9,False,00000000-0000-0000-0000-0000000011e1,58
4578,user_4578,2020-07-09,9765.61,True,00000000-0000-0000-0000-0000000011e2,27
4579,user_4579,2020-07-09,6456.03,True,00000000-0000-0000-0000-0000000011e3,87
4580,user_4580,2020-07-09,9345.44,True,00000000-0000-0000-0000-0000000011e4,78
4581,user_4581,2020-07-09,3033.86,False,00000000-0000-0000-0000-0000000011e5,32
4582,user_4582,2020-07-09,7818.91,False,00000000-0000-0000-0000-0000000011e6,46
4583,user_4583,2020-07-09,7658.59,True,00000000-0000-0000-0000-0000000011e7,97
4584,user_4584,2020-07-10,6916.56,True,00000000-0000-0000-0000-0000000011e8,21
4585,user_4585,2020-07-10,9656.39,False,00000000-0000-0000-0000-0000000011e9,28
4586,user_4586,2020-07-10,3935.55,False,00000000-0000-0000-0000-0000000011ea,33
4587,user_4587,2020-07-10,1307.17,False,00000000-0000-0000-0000-0000000011eb,41
4588,user_4588,2020-07-10,6717.09,True,00000000-0000-0000-0000-0000000011ec,51
4589,user_4589,2020-07-10,7293.1,False,00000000-0000-0000-0000-0000000011ed,46
4590,user_4590,2020-07-10,5750.61,False,00000000-0000-0000-0000-0000000011ee,73
4591,user_4591,2020-07-10,2068.18,True,00000000-0000-0000-0000-0000000011ef,50
4592,user_4592,2020-07-10,5044.56,True,00000000-0000-0000-0000-0000000011f0,44
4593,user_4593,2020-07-10,3121.9,True,00000000-0000-0000-0000-0000000011f1,93
4594,user_4594,2020-07-10,4274.67,False,00000000-0000-0000-0000-0000000011f2,74
4595,user_4595,2020-07-10,6452.19,True,00000000-0000-0000-0000-0000000011f3,33
4596,user_4596,2020-07-10,7452.15,True,00000000-0000-0000-0000-0000000011f4,20
4597,user_4597,2020-07-10,2322.25,False,00000000-0000-0000-0000-0000000011f5,12
4598,user_4598,2020-07-10,4053.25,False,00000000-0000-0000-0000-0000000011f6,53
4599,user_4599,2020-07-10,2691.62,True,00000000-0000-0000-0000-0000000011f7,24
4600,user_4600,2020-07-10,1986.32,False,00000000-0000-0000-0000-0000000011f8,20
4601,user_4601,2020-07-10,7833.87,True,00000000-0000-0000-0000-0000000011f9,0
4602,user_4602,2020-07-10,9092.53,False,00000000-0000-0000-0000-0000000011fa,57
4603,user_4603,2020-07-10,3702.32,False,00000000-0000-0000-0000-0000000011fb,68
4604,user_4604,2020-07-10,7512.79,True,00000000-0000-0000-0000-0000000011fc,85
4605,user_4605,2020-07-10,8969.95,True,00000000-0000-0000-0000-0000000011fd,70
4606,user_4606,2020-07-10,8461.24,True,00000000-0000-0000-0000-0000000011fe,12
4607,user_4607,2020-07-10,1828.13,False,00000000-0000-0000-0000-0000000011ff,51
4608,user_4608,2020-07-11,9562.92,True,00000000-0000-0000-0000-000000001200,22
4609,user_4609,2020-07-11,3766.76,False,00000000-0000-0000-0000-000000001201,20
4610,user_4610,2020-07-11,3392.41,False,00000000-0000-0000-0000-000000001202,5
4611,user_4611,2020-07-11,624.31,True,00000000-0000-0000-0000-000000001203,19
4612,user_4612,2020-07-11,4861.74,False,00000000-0000-0000-0000-000000001204,75
4613,user_4613,2020-07-11,1090.14,False,00000000-0000-0000-0000-000000001205,39
4614,user_4614,2020-07-11,2485.4,True,00000000-0000-0000-0000-000000001206,8
4615,user_4615,2020-07-11,3169.43,False,00000000-0000-0000-0000-000000001207,49
4616,user_4616,2020-07-11,8088.26,False,00000000-0000-0000-0000-000000001208,27
4617,user_4617,2020-07-11,8754.89,True,00000000-0000-0000-0000-000000001209,10
4618,user_4618,2020-07-11,3024.66,True,00000000-0000-0000-0000-00000000120a,95
4619,user_4619,2020-07-11,8586.98,False,00000000-0000-0000-0000-00000000120b,74
4620,user_4620,2020-07-11,8572.31,False,00000000-0000-0000-0000-00000000120c,87
4621,user_4621,2020-07-11,7646.51,False,00000000-0000-0000-0000-00000000120d,55
4622,user_4622,2020-07-11,1466.95,False,00000000-0000-0000-0000-00000000120e,78
4623,user_4623,2020-07-11,6903.23,True,00000000-0000-0000-0000-00000000120f,34
4624,user_4624,2020-07-11,9450.24,False,00000000-0000-0000-0000-000000001210,80
4625,user_4625,2020-07-11,6825.4,False,00000000-0000-0000-0000-000000001211,24
4626,user_4626,2020-07-11,3316.17,False,00000000-0000-0000-0000-000000001212,98
4627,user_4627,2020-07-11,5005.79,False,00000000-0000-0000-0000-000000001213,18
4628,user_4628,2020-07-11,6457.25,True,00000000-0000-0000-0000-000000001214,30
4629,user_4629,2020-07-11,5105.7,False,00000000-0000-0000-0000-000000001215,80
4630,user_4630,2020-07-11,1199.53,True,00000000-0000-0000-0000-000000001216,49
4631,user_4631,2020-07-11,3120.64,True,00000000-0000-0000-0000-000000001217,86
4632,user_4632,2020-07-12,8023.96,True,00000000-0000-0000-0000-000000001218,62
4633,user_4633,2020-07-12,8614.18,True,00000000-0000-0000-0000-000000001219,46
4634,user_4634,2020-07-12,1373.0,True,00000000-0000-0000-0000-00000000121a,0
4635,user_4635,2020-07-12,9523.87,False,00000000-0000-0000-0000-00000000121b,57
4636,user_4636,2020-07-12,3288.23,True,00000000-0000-0000-0000-00000000121c,9
4637,user_4637,2020-07-12,6623.14,True,00000000-0000-0000-0000-00000000121d,7
4638,user_4638,2020-07-12,7518.25,True,00000000-0000-0000-0000-00000000121e,25
4639,user_4639,2020-07-12,8119.46,False,00000000-0000-0000-0000-00000000121f,33
4640,user_4640,2020-07-12,9457.5,True,00000000-0000-0000-0000-000000001220,18
4641,user_4641,2020-07-12,3129.2,False,00000000-0000-0000-0000-000000001221,77
4642,user_4642,2020-07-12,8585.06,True,00000000-0000-0000-0000-000000001222,71
4643,user_4643,2020-07-12,1316.87,True,00000000-0000-0000-0000-000000001223,0
4644,user_4644,2020-07-12,7050.41,False,00000000-0000-0000-0000-000000001224,47
4645,user_4645,2020-07-12,7419.78,False,00000000-0000-0000-0000-000000001225,24
4646,user_4646,2020-07-12,6777.23,False,00000000-0000-0000-0000-000000001226,23
4647,user_4647,2020-07-12,2523.15,True,00000000-0000-0000-0000-000000001227,46
4648,user_4648,2020-07-12,8730.43,False,00000000-0000-0000-0000-000000001228,83
4649,user_4649,2020-07-12,1688.58,False,00000000-0000-0000-0000-000000001229,93
4650,user_4650,2020-07-12,536.35,False,00000000-0000-0000-0000-00000000122a,68
4651,user_4651,2020-07-12,7174.65,False,00000000-0000-0000-0000-00000000122b,66
4652,user_4652,2020-07-12,4754.76,False,00000000-0000-0000-0000-00000000122c,31
4653,user_4653,2020-07-12,8490.98,True,00000000-0000-0000-0000-00000000122d,16
4654,user_4654,2020-07-12,3833.97,False,00000000-0000-0000-0000-00000000122e,60
4655,user_4655,2020-07-12,1682.79,True,00000000-0000-0000-0000-00000000122f,68
4656,user_4656,2020-07-13,8364.42,False,00000000-0000-0000-0000-000000001230,10
4657,user_4657,2020-07-13,5489.1,False,00000000-0000-0000-0000-000000001231,37
4658,user_4658,2020-07-13,1891.96,True,00000000-0000-0000-0000-000000001232,67
4659,user_4659,2020-07-13,7203.84,True,00000000-0000-0000-0000-000000001233,18
4660,user_4660,2020-07-13,5111.14,True,00000000-0000-0000-0000-000000001234,86
4661,user_4661,2020-07-13,6043.13,True,00000000-0000-0000-0000-000000001235,16
4662,user_4662,2020-07-13,4608.98,False,00000000-0000-0000-0000-000000001236,12
4663,user_4663,2020-07-13,8287.09,True,00000000-0000-0000-0000-000000001237,90
4664,user_4664,2020-07-13,8295.63,False,00000000-0000-0000-0000-000000001238,0
4665,user_4665,2020-07-13,7093.89,False,00000000-0000-0000-0000-000000001239,1
4666,user_4666,2020-07-13,1054.01,False,00000000-0000-0000-0000-00000000123a,81
4667,user_4667,2020-07-13,8388.54,True,00000000-0000-0000-0000-00000000123b,99
4668,user_4668,2020-07-13,6710.13,True,00000000-0000-0000-0000-00000000123c,96
4669,user_4669,2020-07-13,6970.24,True,00000000-0000-0000-0000-00000000123d,99
4670,user_4670,2020-07-13,3629.83,False,00000000-0000-0000-0000-00000000123e,65
4671,user_4671,2020-07-13,8792.8,True,00000000-0000-0000-0000-00000000123f,67
4672,user_4672,2020-07-13,7253.72,True,00000000-0000-0000-0000-000000001240,15
4673,user_4673,2020-07-13,1125.9,False,00000000-0000-0000-0000-000000001241,3
4674,user_4674,2020-07-13,4077.78,True,00000000-0000-0000-0000-000000001242,56
4675,user_4675,2020-07-13,8863.8,False,00000000-0000-0000-0000-000000001243,72
4676,user_4676,2020-07-13,471.97,True,00000000-0000-0000-0000-000000001244,84
4677,user_4677,2020-07-13,9614.17,True,00000000-0000-0000-0000-000000001245,22
4678,user_4678,2020-07-13,6791.63,True,00000000-0000-0000-0000-000000001246,1
4679,user_4679,2020-07-13,6313.76,True,00000000-0000-0000-0000-000000001247,66
4680,user_4680,2020-07-14,2705.59,True,00000000-0000-0000-0000-000000001248,86
4681,user_4681,2020-07-14,2487.92,False,00000000-0000-0000-0000-000000001249,25
4682,user_4682,2020-07-14,9420.58,True,00000000-0000-0000-0000-00000000124a,6
4683,user_4683,2020-07-14,2982.72,True,00000000-0000-0000-0000-00000000124b,99
4684,user_4684,2020-07-14,7755.05,True,00000000-0000-0000-0000-00000000124c,43
4685,user_4685,2020-07-14,3931.22,True,00000000-0000-0000-0000-00000000124d,32
4686,user_4686,2020-07-14,1392.54,True,00000000-0000-0000-0000-00000000124e,63
4687,user_4687,2020-07-14,107.15,True,00000000-0000-0000-0000-00000000124f,35
4688,user_4688,2020-07-14,5442.57,True,00000000-0000-0000-0000-000000001250,3
4689,user_4689,2020-07-14,9757.79,False,00000000-0000-0000-0000-000000001251,22
4690,user_4690,2020-07-14,3691.36,False,00000000-0000-0000-0000-000000001252,24
4691,user_4691,2020-07-14,3571.92,True,00000000-0000-0000-0000-000000001253,89
4692,user_4692,2020-07-14,3440.92,False,00000000-0000-0000-0000-000000001254,91
4693,user_4693,2020-07-14,5205.44,True,00000000-0000-0000-0000-000000001255,91
4694,user_4694,2020-07-14,4406.65,False,00000000-0000-0000-0000-000000001256,84
4695,user_4695,2020-07-14,8799.15,True,00000000-0000-0000-0000-000000001257,73
4696,user_4696,2020-07-14,5055.21,True,00000000-0000-0000-0000-000000001258,26
4697,user_4697,2020-07-14,5077.58,False,00000000-0000-0000-0000-000000001259,50
4698,user_4698,2020-07-14,1383.72,True,00000000-0000-0000-0000-00000000125a,78
4699,user_4699,2020-07-14,9827.4,False,00000000-0000-0000-0000-00000000125b,80
4700,user_4700,2020-07-14,2499.73,True,00000000-0000-0000-0000-00000000125c,98
4701,user_4701,2020-07-14,733.64,True,00000000-0000-0000-0000-00000000125d,68
4702,user_4702,2020-07-14,6631.46,True,00000000-0000-0000-0000-00000000125e,79
4703,user_4703,2020-07-14,5953.66,True,00000000-0000-0000-0000-00000000125f,22
4704,user_4704,2020-07-15,4151.46,False,00000000-0000-0000-0000-000000001260,8
4705,user_4705,2020-07-15,4221.92,True,00000000-0000-0000-0000-000000001261,32
4706,user_4706,2020-07-15,7850.64,False,00000000-0000-0000-0000-000000001262,34
4707,user_4707,2020-07-15,1957.13,False,00000000-0000-0000-0000-000000001263,49
4708,user_4708,2020-07-15,8202.53,True,00000000-0000-0000-0000-000000001264,23
4709,user_4709,2020-07-15,6487.47,True,00000000-0000-0000-0000-000000001265,87
4710,user_4710,2020-07-15,4189.7,False,00000000-0000-0000-0000-000000001266,23
4711,user_4711,2020-07-15,4580.29,False,00000000-0000-0000-0000-000000001267,18
4712,user_4712,2020-07-15,2566.47,True,00000000-0000-0000-0000-000000001268,38
4713,user_4713,2020-07-15,7521.14,False,00000000-0000-0000-0000-000000001269,60
4714,user_4714,2020-07-15,5128.75,False,00000000-0000-0000-0000-00000000126a,24
4715,user_4715,2020-07-15,3208.55,False,00000000-0000-0000-0000-00000000126b,94
4716,user_4716,2020-07-15,5960.5,True,00000000-0000-0000-0000-00000000126c,24
4717,user_4717,2020-07-15,9957.34,False,00000000-0000-0000-0000-00000000126d,26
4718,user_4718,2020-07-15,4352.62,False,00000000-0000-0000-0000-00000000126e,31
4719,user_4719,2020-07-15,9206.91,False,00000000-0000-0000-0000-00000000126f,10
4720,user_4720,2020-07-15,3450.17,False,00000000-0000-0000-0000-000000001270,68
4721,user_4721,2020-07-15,547.33,True,00000000-0000-0000-0000-000000001271,32
4722,user_4722,2020-07-15,2042.42,True,00000000-0000-0000-0000-000000001272,18
4723,user_4723,2020-07-15,4186.95,False,00000000-0000-0000-0000-000000001273,15
4724,user_4724,2020-07-15,2196.35,False,00000000-0000-0000-0000-000000001274,98
4725,user_4725,2020-07-15,2.27,False,00000000-0000-0000-0000-000000001275,10
4726,user_4726,2020-07-15,9150.02,True,00000000-0000-0000-0000-000000001276,74
4727,user_4727,2020-07-15,8438.79,True,00000000-0000-0000-0000-000000001277,73
4728,user_4728,2020-07-16,7422.92,False,00000000-0000-0000-0000-000000001278,97
4729,user_4729,2020-07-16,1678.15,False,00000000-0000-0000-0000-000000001279,68
4730,user_4730,2020-07-16,1203.64,True,00000000-0000-0000-0000-00000000127a,86
4731,user_4731,2020-07-16,676.05,False,00000000-0000-0000-0000-00000000127b,54
4732,user_4732,2020-07-16,7240.29,False,00000000-0000-0000-0000-00000000127c,24
4733,user_4733,2020-07-16,9288.08,True,00000000-0000-0000-0000-00000000127d,92
4734,user_4734,2020-07-16,4305.36,True,00000000-0000-0000-0000-00000000127e,76
4735,user_4735,2020-07-16,1191.41,True,00000000-0000-0000-0000-00000000127f,95
4736,user_4736,2020-07-16,5123.93,True,00000000-0000-0000-0000-000000001280,33
4737,user_4737,2020-07-16,3488.32,True,00000000-0000-0000-0000-000000001281,11
4738,user_4738,2020-07-16,3748.25,False,00000000-0000-0000-0000-000000001282,87
4739,user_4739,2020-07-16,6213.31,True,00000000-0000-0000-0000-000000001283,20
4740,user_4740,2020-07-16,7187.18,True,00000000-0000-0000-0000-000000001284,28
4741,user_4741,2020-07-16,1106.04,True,00000000-0000-0000-0000-000000001285,50
4742,user_4742,2020-07-16,355.9,True,00000000-0000-0000-0000-000000001286,22
4743,user_4743,2020-07-16,9943.3,True,00000000-0000-0000-0000-000000001287,32
4744,user_4744,2020-07-16,2327.28,True,00000000-0000-0000-0000-000000001288,7
4745,user_4745,2020-07-16,538.31,False,00000000-0000-0000-0000-000000001289,41
4746,user_4746,2020-07-16,1898.75,True,00000000-0000-0000-0000-00000000128a,76
4747,user_4747,2020-07-16,389.58,False,00000000-0000-0000-0000-00000000128b,68
4748,user_4748,2020-07-16,3918.11,False,00000000-0000-0000-0000-00000000128c,40
4749,user_4749,2020-07-16,8024.02,True,00000000-0000-0000-0000-00000000128d,73
4750,user_4750,2020-07-16,3412.44,True,00000000-0000-0000-0000-00000000128e,62
4751,user_4751,2020-07-16,4441.83,False,00000000-0000-0000-0000-00000000128f,13
4752,user_4752,2020-07-17,6755.87,False,00000000-0000-0000-0000-000000001290,87
4753,user_4753,2020-07-17,5088.94,False,00000000-0000-0000-0000-000000001291,61
4754,user_4754,2020-07-17,8614.46,True,00000000-0000-0000-0000-000000001292,74
4755,user_4755,2020-07-17,8660.36,False,00000000-0000-0000-0000-000000001293,45
4756,user_4756,2020-07-17,99.11,True,00000000-0000-0000-0000-000000001294,66
4757,user_4757,2020-07-17,7780.46,True,00000000-0000-0000-0000-000000001295,92
4758,user_4758,2020-07-17,4607.34,False,00000000-0000-0000-0000-000000001296,52
4759,user_4759,2020-07-17,9888.41,True,00000000-0000-0000-0000-000000001297,51
4760,user_4760,2020-07-17,4832.32,True,00000000-0000-0000-0000-000000001298,93
4761,user_4761,2020-07-17,9868.96,False,00000000-0000-0000-0000-000000001299,6
4762,user_4762,2020-07-17,7545.69,False,00000000-0000-0000-0000-00000000129a,80
4763,user_4763,2020-07-17,2486.05,True,00000000-0000-0000-0000-00000000129b,83
4764,user_4764,2020-07-17,5383.95,False,00000000-0000-0000-0000-00000000129c,53
4765,user_4765,2020-07-17,9921.36,True,00000000-0000-0000-0000-00000000129d,10
4766,user_4766,2020-07-17,8575.31,False,00000000-0000-0000-0000-00000000129e,24
4767,user_4767,2020-07-17,973.67,False,00000000-0000-0000-0000-00000000129f,58
4768,user_4768,2020-07-17,7063.72,False,00000000-0000-0000-0000-0000000012a0,87
4769,user_4769,2020-07-17,3455.8,False,00000000-0000-0000-0000-0000000012a1,65
4770,user_4770,2020-07-17,69.82,True,00000000-0000-0000-0000-0000000012a2,26
4771,user_4771,2020-07-17,4034.81,False,00000000-0000-0000-0000-0000000012a3,82
4772,user_4772,2020-07-17,2347.54,True,00000000-0000-0000-0000-0000000012a4,57
4773,user_4773,2020-07-17,8188.69,True,00000000-0000-0000-0000-0000000012a5,92
4774,user_4774,2020-07-17,3373.31,False,00000000-0000-0000-0000-0000000012a6,10
4775,user_4775,2020-07-17,8275.24,False,00000000-0000-0000-0000-0000000012a7,54
4776,user_4776,2020-07-18,5.98,False,00000000-0000-0000-0000-0000000012a8,18
4777,user_4777,2020-07-18,3078.19,False,00000000-0000-0000-0000-0000000012a9,91
4778,user_4778,2020-07-18,2411.65,False,00000000-0000-0000-0000-0000000012aa,38
4779,user_4779,2020-07-18,2335.67,True,00000000-0000-0000-0000-0000000012ab,84
4780,user_4780,2020-07-18,681.87,False,00000000-0000-0000-0000-0000000012ac,89
4781,user_4781,2020-07-18,1871.24,True,00000000-0000-0000-0000-0000000012ad,85
4782,user_4782,2020-07-18,5555.5,True,00000000-0000-0000-0000-0000000012ae,69
4783,user_4783,2020-07-18,2913.61,True,00000000-0000-0000-0000-0000000012af,10
4784,user_4784,2020-07-18,4173.95,True,00000000-0000-0000-0000-0000000012b0,13
4785,user_4785,2020-07-18,3768.67,False,00000000-0000-0000-0000-0000000012b1,59
4786,user_4786,2020-07-18,8759.05,False,00000000-0000-0000-0000-0000000012b2,35
4787,user_4787,2020-07-18,9052.99,True,00000000-0000-0000-0000-0000000012b3,40
4788,user_4788,2020-07-18,4929.57,True,00000000-0000-0000-0000-0000000012b4,1
4789,user_4789,2020-07-18,3301.56,False,00000000-0000-0000-0000-0000000012b5,56
4790,user_4790,2020-07-18,1068.01,True,00000000-0000-0000-0000-0000000012b6,59
4791,user_4791,2020-07-18,9534.03,False,00000000-0000-0000-0000-0000000012b7,19
4792,user_4792,2020-07-18,602.27,True,00000000-0000-0000-0000-0000000012b8,21
4793,user_4793,2020-07-18,2976.5,False,00000000-0000-0000-0000-0000000012b9,3
4794,user_4794,2020-07-18,2980.66,True,00000000-0000-0000-0000-0000000012ba,55
4795,user_4795,2020-07-18,3204.01,True,00000000-0000-0000-0000-0000000012bb,92
4796,user_4796,2020-07-18,1642.87,True,00000000-0000-0000-0000-0000000012bc,57
4797,user_4797,2020-07-18,7831.61,False,00000000-0000-0000-0000-0000000012bd,87
4798,user_4798,2020-07-18,1224.98,False,00000000-0000-0000-0000-0000000012be,64
4799,user_4799,2020-07-18,6349.07,False,00000000-0000-0000-0000-0000000012bf,87
4800,user_4800,2020-07-19,1238.46,True,00000000-0000-0000-0000-0000000012c0,57
4801,user_4801,2020-07-19,705.36,True,00000000-0000-0000-0000-0000000012c1,29
4802,user_4802,2020-07-19,9094.3,True,00000000-0000-0000-0000-0000000012c2,75
4803,user_4803,2020-07-19,1901.29,True,00000000-0000-0000-0000-0000000012c3,18
4804,user_4804,2020-07-19,8212.5,True,00000000-0000-0000-0000-0000000012c4,61
4805,user_4805,2020-07-19,5446.31,True,00000000-0000-0000-0000-0000000012c5,67
4806,user_4806,2020-07-19,778.57,False,00000000-0000-0000-0000-0000000012c6,78
4807,user_4807,2020-07-19,9554.48,False,00000000-0000-0000-0000-0000000012c7,83
4808,user_4808,2020-07-19,2469.61,False,00000000-0000-0000-0000-0000000012c8,43
4809,user_4809,2020-07-19,8596.45,True,00000000-0000-0000-0000-0000000012c9,83
4810,user_4810,2020-07-19,1688.1,False,00000000-0000-0000-0000-0000000012ca,60
4811,user_4811,2020-07-19,8539.43,True,00000000-0000-0000-0000-0000000012cb,20
4812,user_4812,2020-07-19,132.29,True,00000000-0000-0000-0000-0000000012cc,9
4813,user_4813,2020-07-19,5117.8,False,00000000-0000-0000-0000-0000000012cd,29
4814,user_4814,2020-07-19,7694.43,True,00000000-0000-0000-0000-0000000012ce,23
4815,user_4815,2020-07-19,9347.96,True,00000000-0000-0000-0000-0000000012cf,47
4816,user_4816,2020-07-19,9092.02,True,00000000-0000-0000-0000-0000000012d0,54
4817,user_4817,2020-07-19,8196.25,True,00000000-0000-0000-0000-0000000012d1,51
4818,user_4818,2020-07-19,8881.91,True,00000000-0000-0000-0000-0000000012d2,37
4819,user_4819,2020-07-19,1992.2,False,00000000-0000-0000-0000-0000000012d3,66
4820,user_4820,2020-07-19,2841.84,False,00000000-0000-0000-0000-0000000012d4,92
4821,user_4821,2020-07-19,2889.69,True,00000000-0000-0000-0000-0000000012d5,7
4822,user_4822,2020-07-19,3770.54,True,00000000-0000-0000-0000-0000000012d6,28
4823,user_4823,2020-07-19,3933.21,False,00000000-0000-0000-0000-0000000012d7,9
4824,user_4824,2020-07-20,5445.55,False,00000000-0000-0000-0000-0000000012d8,68
4825,user_4825,2020-07-20,1598.8,False,00000000-0000-0000-0000-0000000012d9,74
4826,user_4826,2020-07-20,6912.47,True,00000000-0000-0000-0000-0000000012da,67
4827,user_4827,2020-07-20,1675.67,False,00000000-0000-0000-0000-0000000012db,48
4828,user_4828,2020-07-20,3103.08,False,00000000-0000-0000-0000-0000000012dc,57
4829,user_4829,2020-07-20,5033.45,True,00000000-0000-0000-0000-0000000012dd,34
4830,user_4830,2020-07-20,7964.41,True,00000000-0000-0000-0000-0000000012de,49
4831,user_4831,2020-07-20,7394.69,False,00000000-0000-0000-0000-0000000012df,39
4832,user_4832,2020-07-20,6455.34,True,00000000-0000-0000-0000-0000000012e0,11
4833,user_4833,2020-07-20,1557.73,False,00000000-0000-0000-0000-0000000012e1,84
4834,user_4834,2020-07-20,5470.45,False,00000000-0000-0000-0000-0000000012e2,15
4835,user_4835,2020-07-20,874.47,True,00000000-0000-0000-0000-0000000012e3,77
4836,user_4836,2020-07-20,3773.63,True,00000000-0000-0000-0000-0000000012e4,84
4837,user_4837,2020-07-20,4135.17,False,00000000-0000-0000-0000-0000000012e5,47
4838,user_4838,2020-07-20,398.11,True,00000000-0000-0000-0000-0000000012e6,90
4839,user_4839,2020-07-20,2739.88,True,00000000-0000-0000-0000-0000000012e7,99
4840,user_4840,2020-07-20,9556.49,True,00000000-0000-0000-0000-0000000012e8,0
4841,user_4841,2020-07-20,9536.33,True,00000000-0000-0000-0000-0000000012e9,64
4842,user_4842,2020-07-20,3523.27,True,00000000-0000-0000-0000-0000000012ea,21
4843,user_4843,2020-07-20,431.0,True,00000000-0000-0000-0000-0000000012eb,14
4844,user_4844,2020-07-20,1790.95,True,00000000-0000-0000-0000-0000000012ec,83
4845,user_4845,2020-07-20,3922.18,False,00000000-0000-0000-0000-0000000012ed,66
4846,user_4846,2020-07-20,9477.8,True,00000000-0000-0000-0000-0000000012ee,13
4847,user_4847,2020-07-20,1411.99,False,00000000-0000-0000-0000-0000000012ef,72
4848,user_4848,2020-07-21,7635.16,True,00000000-0000-0000-0000-0000000012f0,18
4849,user_4849,2020-07-21,1086.83,False,00000000-0000-0000-0000-0000000012f1,39
4850,user_4850,2020-07-21,9812.58,True,00000000-0000-0000-0000-0000000012f2,97
4851,user_4851,2020-07-21,3816.16,False,00000000-0000-0000-0000-0000000012f3,3
4852,user_4852,2020-07-21,7752.35,True,00000000-0000-0000-0000-0000000012f4,32
4853,user_4853,2020-07-21,3425.91,False,00000000-0000-0000-0000-0000000012f5,42
4854,user_4854,2020-07-21,6276.69,True,00000000-0000-0000-0000-0000000012f6,36
4855,user_4855,2020-07-21,1920.16,True,00000000-0000-0000-0000-0000000012f7,65
4856,user_4856,2020-07-21,1460.21,False,00000000-0000-0000-0000-0000000012f8,26
4857,user_4857,2020-07-21,9380.64,False,00000000-0000-0000-0000-0000000012f9,44
4858,user_4858,2020-07-21,9176.47,True,00000000-0000-0000-0000-0000000012fa,80
4859,user_4859,2020-07-21,8874.69,False,00000000-0000-0000-0000-0000000012fb,49
4860,user_4860,2020-07-21,6254.33,False,00000000-0000-0000-0000-0000000012fc,94
4861,user_4861,2020-07-21,8082.68,True,00000000-0000-0000-0000-0000000012fd,62
4862,user_4862,2020-07-21,690.37,False,00000000-0000-0000-0000-0000000012fe,5
4863,user_4863,2020-07-21,3347.89,True,00000000-0000-0000-0000-0000000012ff,94
4864,user_4864,2020-07-21,3137.03,False,00000000-0000-0000-0000-000000001300,66
4865,user_4865,2020-07-21,6356.45,True,00000000-0000-0000-0000-000000001301,66
4866,user_4866,2020-07-21,3559.58,False,00000000-0000-0000-0000-000000001302,96
4867,user_4867,2020-07-21,1485.07,True,00000000-0000-0000-0000-000000001303,58
4868,user_4868,2020-07-21,5964.67,True,00000000-0000-0000-0000-000000001304,12
4869,user_4869,2020-07-21,8143.84,False,00000000-0000-0000-0000-000000001305,20
4870,user_4870,2020-07-21,3821.23,False,00000000-0000-0000-0000-000000001306,63
4871,user_4871,2020-07-21,1322.69,True,00000000-0000-0000-0000-000000001307,36
4872,user_4872,2020-07-22,1966.88,True,00000000-0000-0000-0000-000000001308,79
4873,user_4873,2020-07-22,2374.83,False,00000000-0000-0000-0000-000000001309,84
4874,user_4874,2020-07-22,2998.98,False,00000000-0000-0000-0000-00000000130a,47
4875,user_4875,2020-07-22,6427.95,False,00000000-0000-0000-0000-00000000130b,55
4876,user_4876,2020-07-22,6009.45,False,00000000-0000-0000-0000-00000000130c,43
4877,user_4877,2020-07-22,6960.8,False,00000000-0000-0000-0000-00000000130d,12
4878,user_4878,2020-07-22,3625.02,False,00000000-0000-0000-0000-00000000130e,3
4879,user_4879,2020-07-22,8239.98,True,00000000-0000-0000-0000-00000000130f,94
4880,user_4880,2020-07-22,2040.88,False,00000000-0000-0000-0000-000000001310,72
4881,user_4881,2020-07-22,4690.41,False,00000000-0000-0000-0000-000000001311,32
4882,user_4882,2020-07-22,8009.39,False,00000000-0000-0000-0000-000000001312,36
4883,user_4883,2020-07-22,1801.59,False,00000000-0000-0000-0000-000000001313,52
4884,user_4884,2020-07-22,1098.63,True,00000000-0000-0000-0000-000000001314,23
4885,user_4885,2020-07-22,8836.84,True,00000000-0000-0000-0000-000000001315,88
4886,user_4886,2020-07-22,3429.3,True,00000000-0000-0000-0000-000000001316,50
4887,user_4887,2020-07-22,6838.7,True,00000000-0000-0000-0000-000000001317,40
4888,user_4888,2020-07-22,253.49,False,00000000-0000-0000-0000-000000001318,28
4889,user_4889,2020-07-22,6900.47,True,00000000-0000-0000-0000-000000001319,58
4890,user_4890,2020-07-22,3161.01,False,00000000-0000-0000-0000-00000000131a,39
4891,user_4891,2020-07-22,557.41,False,00000000-0000-0000-0000-00000000131b,50
4892,user_4892,2020-07-22,6098.13,True,00000000-0000-0000-0000-00000000131c,49
4893,user_4893,2020-07-22,2408.04,True,00000000-0000-0000-0000-00000000131d,35
4894,user_4894,2020-07-22,3868.07,False,00000000-0000-0000-0000-00000000131e,78
4895,user_4895,2020-07-22,805.81,True,00000000-0000-0000-0000-00000000131f,59
4896,user_4896,2020-07-23,1471.63,True,00000000-0000-0000-0000-000000001320,17
4897,user_4897,2020-07-23,2979.77,False,00000000-0000-0000-0000-000000001321,19
4898,user_4898,2020-07-23,897.6,False,00000000-0000-0000-0000-000000001322,4
4899,user_4899,2020-07-23,9108.26,False,00000000-0000-0000-0000-000000001323,17
4900,user_4900,2020-07-23,60.47,False,00000000-0000-0000-0000-000000001324,39
4901,user_4901,2020-07-23,4838.6,False,00000000-0000-0000-0000-000000001325,0
4902,user_4902,2020-07-23,1232.47,True,00000000-0000-0000-0000-000000001326,18
4903,user_4903,2020-07-23,3076.79,False,00000000-0000-0000-0000-000000001327,86
4904,user_4904,2020-07-23,9260.6,False,00000000-0000-0000-0000-000000001328,25
4905,user_4905,2020-07-23,1616.95,False,00000000-0000-0000-0000-000000001329,28
4906,user_4906,2020-07-23,9658.32,True,00000000-0000-0000-0000-00000000132a,58
4907,user_4907,2020-07-23,2057.94,False,00000000-0000-0000-0000-00000000132b,62
4908,user_4908,2020-07-23,7415.66,False,00000000-0000-0000-0000-00000000132c,97
4909,user_4909,2020-07-23,5466.77,True,00000000-0000-0000-0000-00000000132d,82
4910,user_4910,2020-07-23,8844.79,False,00000000-0000-0000-0000-00000000132e,61
4911,user_4911,2020-07-23,5539.93,False,00000000-0000-0000-0000-00000000132f,47
4912,user_4912,2020-07-23,5345.59,False,00000000-0000-0000-0000-000000001330,61
4913,user_4913,2020-07-23,1954.58,True,00000000-0000-0000-0000-000000001331,17
4914,user_4914,2020-07-23,1662.29,True,00000000-0000-0000-0000-000000001332,65
4915,user_4915,2020-07-23,9164.89,False,00000000-0000-0000-0000-000000001333,26
4916,user_4916,2020-07-23,3278.38,False,00000000-0000-0000-0000-000000001334,5
4917,user_4917,2020-07-23,3720.82,False,00000000-0000-0000-0000-000000001335,69
4918,user_4918,2020-07-23,7598.24,True,00000000-0000-0000-0000-000000001336,58
4919,user_4919,2020-07-23,3388.23,True,00000000-0000-0000-0000-000000001337,5
4920,user_4920,2020-07-24,9520.62,True,00000000-0000-0000-0000-000000001338,30
4921,user_4921,2020-07-24,7379.28,True,00000000-0000-0000-0000-000000001339,93
4922,user_4922,2020-07-24,5974.29,True,00000000-0000-0000-0000-00000000133a,55
4923,user_4923,2020-07-24,8808.95,True,00000000-0000-0000-0000-00000000133b,53
4924,user_4924,2020-07-24,496.06,False,00000000-0000-0000-0000-00000000133c,84
4925,user_4925,2020-07-24,2570.63,True,00000000-0000-0000-0000-00000000133d,40
4926,user_4926,2020-07-24,4650.36,False,00000000-0000-0000-0000-00000000133e,17
4927,user_4927,2020-07-24,2269.79,True,00000000-0000-0000-0000-00000000133f,86
4928,user_4928,2020-07-24,7439.05,False,00000000-0000-0000-0000-000000001340,22
4929,user_4929,2020-07-24,9192.08,True,00000000-0000-0000-0000-000000001341,91
4930,user_4930,2020-07-24,4237.7,False,00000000-0000-0000-0000-000000001342,35
4931,user_4931,2020-07-24,3421.33,False,00000000-0000-0000-0000-000000001343,24
4932,user_4932,2020-07-24,9615.51,False,00000000-0000-0000-0000-000000001344,6
4933,user_4933,2020-07-24,4448.52,True,00000000-0000-0000-0000-000000001345,81
4934,user_4934,2020-07-24,4890.48,True,00000000-0000-0000-0000-000000001346,19
4935,user_4935,2020-07-24,3516.5,True,00000000-0000-0000-0000-000000001347,4
4936,user_4936,2020-07-24,9095.48,False,00000000-0000-0000-0000-000000001348,17
4937,user_4937,2020-07-24,5689.55,False,00000000-0000-0000-0000-000000001349,32
4938,user_4938,2020-07-24,7621.75,False,00000000-0000-0000-0000-00000000134a,78
4939,user_4939,2020-07-24,8118.07,True,00000000-0000-0000-0000-00000000134b,34
4940,user_4940,2020-07-24,3418.49,True,00000000-0000-0000-0000-00000000134c,64
4941,user_4941,2020-07-24,4336.94,False,00000000-0000-0000-0000-00000000134d,62
4942,user_4942,2020-07-24,8484.72,True,00000000-0000-0000-0000-00000000134e,84
4943,user_4943,2020-07-24,3632.55,True,00000000-0000-0000-0000-00000000134f,71
4944,user_4944,2020-07-25,7939.35,True,00000000-0000-0000-0000-000000001350,70
4945,user_4945,2020-07-25,9409.92,True,00000000-0000-0000-0000-000000001351,40
4946,user_4946,2020-07-25,6232.1,False,00000000-0000-0000-0000-000000001352,49
4947,user_4947,2020-07-25,7416.27,True,00000000-0000-0000-0000-000000001353,29
4948,user_4948,2020-07-25,8050.97,True,00000000-0000-0000-0000-000000001354,37
4949,user_4949,2020-07-25,8450.4,False,00000000-0000-0000-0000-000000001355,34
4950,user_4950,2020-07-25,3950.53,False,00000000-0000-0000-0000-000000001356,65
4951,user_4951,2020-07-25,512.63,True,00000000-0000-0000-0000-000000001357,45
4952,user_4952,2020-07-25,4018.76,True,00000000-0000-0000-0000-000000001358,7
4953,user_4953,2020-07-25,6737.56,True,00000000-0000-0000-0000-000000001359,67
4954,user_4954,2020-07-25,4503.5,True,00000000-0000-0000-0000-00000000135a,36
4955,user_4955,2020-07-25,7489.63,False,00000000-0000-0000-0000-00000000135b,84
4956,user_4956,2020-07-25,3569.82,False,00000000-0000-0000-0000-00000000135c,12
4957,user_4957,2020-07-25,6347.44,False,00000000-0000-0000-0000-00000000135d,72
4958,user_4958,2020-07-25,1864.2,True,00000000-0000-0000-0000-00000000135e,44
4959,user_4959,2020-07-25,7493.69,True,00000000-0000-0000-0000-00000000135f,28
4960,user_4960,2020-07-25,5456.96,False,00000000-0000-0000-0000-000000001360,40
4961,user_4961,2020-07-25,2040.64,True,00000000-0000-0000-0000-000000001361,55
4962,user_4962,2020-07-25,2919.11,False,00000000-0000-0000-0000-000000001362,87
4963,user_4963,2020-07-25,7486.09,False,00000000-0000-0000-0000-000000001363,15
4964,user_4964,2020-07-25,4826.01,False,00000000-0000-0000-0000-000000001364,11
4965,user_4965,2020-07-25,2160.31,False,00000000-0000-0000-0000-000000001365,65
4966,user_4966,2020-07-25,9672.71,False,00000000-0000-0000-0000-000000001366,61
4967,user_4967,2020-07-25,7151.25,False,00000000-0000-0000-0000-000000001367,18
4968,user_4968,2020-07-26,9571.35,False,00000000-0000-0000-0000-000000001368,29
4969,user_4969,2020-07-26,4271.05,True,00000000-0000-0000-0000-000000001369,15
4970,user_4970,2020-07-26,4751.0,False,00000000-0000-0000-0000-00000000136a,87
4971,user_4971,2020-07-26,8979.55,False,00000000-0000-0000-0000-00000000136b,12
4972,user_4972,2020-07-26,5250.49,True,00000000-0000-0000-0000-00000000136c,68
4973,user_4973,2020-07-26,7072.79,False,00000000-0000-0000-0000-00000000136d,22
4974,user_4974,2020-07-26,2521.73,True,00000000-0000-0000-0000-00000000136e,61
4975,user_4975,2020-07-26,4467.26,False,00000000-0000-0000-0000-00000000136f,30
4976,user_4976,2020-07-26,1234.5,True,00000000-0000-0000-0000-000000001370,52
4977,user_4977,2020-07-26,2059.8,True,00000000-0000-0000-0000-000000001371,16
4978,user_4978,2020-07-26,9.43,True,00000000-0000-0000-0000-000000001372,48
4979,user_4979,2020-07-26,392.65,False,00000000-0000-0000-0000-000000001373,48
4980,user_4980,2020-07-26,9772.84,True,00000000-0000-0000-0000-000000001374,66
4981,user_4981,2020-07-26,2423.54,False,00000000-0000-0000-0000-000000001375,25
4982,user_4982,2020-07-26,6633.11,False,00000000-0000-0000-0000-000000001376,12
4983,user_4983,2020-07-26,8391.0,False,00000000-0000-0000-0000-000000001377,37
4984,user_4984,2020-07-26,5506.6,False,00000000-0000-0000-0000-000000001378,21
4985,user_4985,2020-07-26,1531.45,False,00000000-0000-0000-0000-000000001379,84
4986,user_4986,2020-07-26,7281.16,False,00000000-0000-0000-0000-00000000137a,28
4987,user_4987,2020-07-26,6002.51,False,00000000-0000-0000-0000-00000000137b,44
4988,user_4988,2020-07-26,7312.51,True,00000000-0000-0000-0000-00000000137c,45
4989,user_4989,2020-07-26,7697.47,False,00000000-0000-0000-0000-00000000137d,38
4990,user_4990,2020-07-26,9754.1,False,00000000-0000-0000-0000-00000000137e,68
4991,user_4991,2020-07-26,5735.63,True,00000000-0000-0000-0000-00000000137f,77
4992,user_4992,2020-07-27,3416.41,False,00000000-0000-0000-0000-000000001380,81
4993,user_4993,2020-07-27,6484.65,True,00000000-0000-0000-0000-000000001381,67
4994,user_4994,2020-07-27,684.41,True,00000000-0000-0000-0000-000000001382,96
4995,user_4995,2020-07-27,8973.97,False,00000000-0000-0000-0000-000000001383,38
4996,user_4996,2020-07-27,1193.81,False,00000000-0000-0000-0000-000000001384,19
4997,user_4997,2020-07-27,3278.43,True,00000000-0000-0000-0000-000000001385,76
4998,user_4998,2020-07-27,8157.45,False,00000000-0000-0000-0000-000000001386,99
4999,user_4999,2020-07-27,5973.12,True,00000000-0000-0000-0000-000000001387,67
5000,user_5000,2020-07-27,3936.36,True,00000000-0000-0000-0000-000000001388,34
5001,user_5001,2020-07-27,4734.36,False,00000000-0000-0000-0000-000000001389,7
5002,user_5002,2020-07-27,8545.47,True,00000000-0000-0000-0000-00000000138a,51
5003,user_5003,2020-07-27,3400.04,False,00000000-0000-0000-0000-00000000138b,39
5004,user_5004,2020-07-27,8696.5,False,00000000-0000-0000-0000-00000000138c,35
5005,user_5005,2020-07-27,881.34,True,00000000-0000-0000-0000-00000000138d,5
5006,user_5006,2020-07-27,7767.98,True,00000000-0000-0000-0000-00000000138e,85
5007,user_5007,2020-07-27,8475.48,False,00000000-0000-0000-0000-00000000138f,69
5008,user_5008,2020-07-27,1818.18,False,00000000-0000-0000-0000-000000001390,99
5009,user_5009,2020-07-27,4303.47,False,00000000-0000-0000-0000-000000001391,72
5010,user_5010,2020-07-27,1655.0,True,00000000-0000-0000-0000-000000001392,15
5011,user_5011,2020-07-27,7066.04,False,00000000-0000-0000-0000-000000001393,45
5012,user_5012,2020-07-27,5353.48,True,00000000-0000-0000-0000-000000001394,58
5013,user_5013,2020-07-27,6353.23,True,00000000-0000-0000-0000-000000001395,37
5014,user_5014,2020-07-27,1964.87,True,00000000-0000-0000-0000-000000001396,96
5015,user_5015,2020-07-27,2117.46,False,00000000-0000-0000-0000-000000001397,17
5016,user_5016,2020-07-28,414.97,True,00000000-0000-0000-0000-000000001398,11
5017,user_5017,2020-07-28,3220.68,False,00000000-0000-0000-0000-000000001399,53
5018,user_5018,2020-07-28,5597.45,True,00000000-0000-0000-0000-00000000139a,90
5019,user_5019,2020-07-28,8579.35,False,00000000-0000-0000-0000-00000000139b,46
5020,user_5020,2020-07-28,6669.27,False,00000000-0000-0000-0000-00000000139c,0
5021,user_5021,2020-07-28,4353.96,True,00000000-0000-0000-0000-00000000139d,14
5022,user_5022,2020-07-28,9531.2,False,00000000-0000-0000-0000-00000000139e,90
5023,user_5023,2020-07-28,7192.45,True,00000000-0000-0000-0000-00000000139f,79
5024,user_5024,2020-07-28,9301.65,True,00000000-0000-0000-0000-0000000013a0,20
5025,user_5025,2020-07-28,5275.88,True,00000000-0000-0000-0000-0000000013a1,0
5026,user_5026,2020-07-28,2589.04,True,00000000-0000-0000-0000-0000000013a2,92
5027,user_5027,2020-07-28,528.27,True,00000000-0000-0000-0000-0000000013a3,66
5028,user_5028,2020-07-28,7260.85,True,00000000-0000-0000-0000-0000000013a4,11
5029,user_5029,2020-07-28,1213.03,True,00000000-0000-0000-0000-0000000013a5,27
5030,user_5030,2020-07-28,3027.75,False,00000000-0000-0000-0000-0000000013a6,38
5031,user_5031,2020-07-28,5324.71,True,00000000-0000-0000-0000-0000000013a7,36
5032,user_5032,2020-07-28,5644.17,True,00000000-0000-0000-0000-0000000013a8,94
5033,user_5033,2020-07-28,6005.83,False,00000000-0000-0000-0000-0000000013a9,59
5034,user_5034,2020-07-28,1662.55,False,00000000-0000-0000-0000-0000000013aa,30
5035,user_5035,2020-07-28,3797.37,True,00000000-0000-0000-0000-0000000013ab,57
5036,user_5036,2020-07-28,6171.94,True,00000000-0000-0000-0000-0000000013ac,96
5037,user_5037,2020-07-28,9698.19,True,00000000-0000-0000-0000-0000000013ad,96
5038,user_5038,2020-07-28,7276.31,False,00000000-0000-0000-0000-0000000013ae,10
5039,user_5039,2020-07-28,9226.04,True,00000000-0000-0000-0000-0000000013af,28
5040,user_5040,2020-07-29,7622.12,False,00000000-0000-0000-0000-0000000013b0,88
5041,user_5041,2020-07-29,5917.17,True,00000000-0000-0000-0000-0000000013b1,12
5042,user_5042,2020-07-29,1920.23,True,00000000-0000-0000-0000-0000000013b2,50
5043,user_5043,2020-07-29,6666.86,False,00000000-0000-0000-0000-0000000013b3,53
5044,user_5044,2020-07-29,6233.8,True,00000000-0000-0000-0000-0000000013b4,18
5045,user_5045,2020-07-29,6024.69,True,00000000-0000-0000-0000-0000000013b5,57
5046,user_5046,2020-07-29,4897.86,True,00000000-0000-0000-0000-0000000013b6,35
5047,user_5047,2020-07-29,5286.57,False,00000000-0000-0000-0000-0000000013b7,27
5048,user_5048,2020-07-29,3344.43,True,00000000-0000-0000-0000-0000000013b8,67
5049,user_5049,2020-07-29,5193.13,True,00000000-0000-0000-0000-0000000013b9,2
5050,user_5050,2020-07-29,1975.56,False,00000000-0000-0000-0000-0000000013ba,88
5051,user_5051,2020-07-29,8051.74,False,00000000-0000-0000-0000-0000000013bb,40
5052,user_5052,2020-07-29,1857.77,True,00000000-0000-0000-0000-0000000013bc,34
5053,user_5053,2020-07-29,849.66,True,00000000-0000-0000-0000-0000000013bd,92
5054,user_5054,2020-07-29,4362.46,False,00000000-0000-0000-0000-0000000013be,92
5055,user_5055,2020-07-29,6583.07,True,00000000-0000-0000-0000-0000000013bf,75
5056,user_5056,2020-07-29,4377.17,True,00000000-0000-0000-0000-0000000013c0,98
5057,user_5057,2020-07-29,2767.54,False,00000000-0000-0000-0000-0000000013c1,83
5058,user_5058,2020-07-29,5581.71,True,00000000-0000-0000-0000-0000000013c2,80
5059,user_5059,2020-07-29,3470.02,True,00000000-0000-0000-0000-0000000013c3,75
5060,user_5060,2020-07-29,9328.68,False,00000000-0000-0000-0000-0000000013c4,49
5061,user_5061,2020-07-29,9226.45,True,00000000-0000-0000-0000-0000000013c5,99
5062,user_5062,2020-07-29,5023.72,True,00000000-0000-0000-0000-0000000013c6,73
5063,user_5063,2020-07-29,3278.84,True,00000000-0000-0000-0000-0000000013c7,81
5064,user_5064,2020-07-30,7371.32,False,00000000-0000-0000-0000-0000000013c8,29
5065,user_5065,2020-07-30,367.13,True,00000000-0000-0000-0000-0000000013c9,71
5066,user_5066,2020-07-30,4747.69,False,00000000-0000-0000-0000-0000000013ca,76
5067,user_5067,2020-07-30,3363.23,False,00000000-0000-0000-0000-0000000013cb,94
5068,user_5068,2020-07-30,9205.36,True,00000000-0000-0000-0000-0000000013cc,69
5069,user_5069,2020-07-30,120.03,False,00000000-0000-0000-0000-0000000013cd,53
5070,user_5070,2020-07-30,5528.15,True,00000000-0000-0000-0000-0000000013ce,70
5071,user_5071,2020-07-30,7406.64,True,00000000-0000-0000-0000-0000000013cf,84
5072,user_5072,2020-07-30,4850.18,True,00000000-0000-0000-0000-0000000013d0,50
5073,user_5073,2020-07-30,854.03,False,00000000-0000-0000-0000-0000000013d1,27
5074,user_5074,2020-07-30,9724.61,True,00000000-0000-0000-0000-0000000013d2,63
5075,user_5075,2020-07-30,5180.1,True,00000000-0000-0000-0000-0000000013d3,84
5076,user_5076,2020-07-30,6141.86,True,00000000-0000-0000-0000-0000000013d4,20
5077,user_5077,2020-07-30,2366.1,False,00000000-0000-0000-0000-0000000013d5,87
5078,user_5078,2020-07-30,4834.98,False,00000000-0000-0000-0000-0000000013d6,26
5079,user_5079,2020-07-30,4291.49,True,00000000-0000-0000-0000-0000000013d7,26
5080,user_5080,2020-07-30,748.96,True,00000000-0000-0000-0000-0000000013d8,76
5081,user_5081,2020-07-30,1061.6,True,00000000-0000-0000-0000-0000000013d9,49
5082,user_5082,2020-07-30,8374.73,True,00000000-0000-0000-0000-0000000013da,28
5083,user_5083,2020-07-30,2398.2,False,00000000-0000-0000-0000-0000000013db,38
5084,user_5084,2020-07-30,1949.58,False,00000000-0000-0000-0000-0000000013dc,56
5085,user_5085,2020-07-30,5049.11,False,00000000-0000-0000-0000-0000000013dd,91
5086,user_5086,2020-07-30,7687.47,False,00000000-0000-0000-0000-0000000013de,36
5087,user_5087,2020-07-30,619.47,False,00000000-0000-0000-0000-0000000013df,92
5088,user_5088,2020-07-31,5768.08,False,00000000-0000-0000-0000-0000000013e0,63
5089,user_5089,2020-07-31,1192.1,False,00000000-0000-0000-0000-0000000013e1,47
5090,user_5090,2020-07-31,364.61,True,00000000-0000-0000-0000-0000000013e2,21
5091,user_5091,2020-07-31,527.44,True,00000000-0000-0000-0000-0000000013e3,99
5092,user_5092,2020-07-31,8341.64,True,00000000-0000-0000-0000-0000000013e4,29
5093,user_5093,2020-07-31,1179.72,True,00000000-0000-0000-0000-0000000013e5,27
5094,user_5094,2020-07-31,451.51,True,00000000-0000-0000-0000-0000000013e6,22
5095,user_5095,2020-07-31,4379.0,True,00000000-0000-0000-0000-0000000013e7,96
5096,user_5096,2020-07-31,8439.93,False,00000000-0000-0000-0000-0000000013e8,3
5097,user_5097,2020-07-31,2624.08,True,00000000-0000-0000-0000-0000000013e9,2
5098,user_5098,2020-07-31,4217.13,False,00000000-0000-0000-0000-0000000013ea,60
5099,user_5099,2020-07-31,399.23,True,00000000-0000-0000-0000-0000000013eb,95
5100,user_5100,2020-07-31,4490.79,False,00000000-0000-0000-0000-0000000013ec,3
5101,user_5101,2020-07-31,5776.13,False,00000000-0000-0000-0000-0000000013ed,64
5102,user_5102,2020-07-31,5709.07,True,00000000-0000-0000-0000-0000000013ee,11
5103,user_5103,2020-07-31,3324.27,True,00000000-0000-0000-0000-0000000013ef,12
5104,user_5104,2020-07-31,3155.33,True,00000000-0000-0000-0000-0000000013f0,33
5105,user_5105,2020-07-31,1066.24,True,00000000-0000-0000-0000-0000000013f1,58
5106,user_5106,2020-07-31,3667.98,True,00000000-0000-0000-0000-0000000013f2,92
5107,user_5107,2020-07-31,994.95,False,00000000-0000-0000-0000-0000000013f3,72
5108,user_5108,2020-07-31,7665.96,True,00000000-0000-0000-0000-0000000013f4,30
5109,user_5109,2020-07-31,9662.74,False,00000000-0000-0000-0000-0000000013f5,70
5110,user_5110,2020-07-31,9700.74,False,00000000-0000-0000-0000-0000000013f6,12
5111,user_5111,2020-07-31,8650.71,False,00000000-0000-0000-0000-0000000013f7,53
5112,user_5112,2020-08-01,6007.92,True,00000000-0000-0000-0000-0000000013f8,1
5113,user_5113,2020-08-01,7008.66,True,00000000-0000-0000-0000-0000000013f9,32
5114,user_5114,2020-08-01,2852.06,True,00000000-0000-0000-0000-0000000013fa,49
5115,user_5115,2020-08-01,6307.7,True,00000000-0000-0000-0000-0000000013fb,6
5116,user_5116,2020-08-01,4556.5,True,00000000-0000-0000-0000-0000000013fc,17
5117,user_5117,2020-08-01,4820.17,True,00000000-0000-0000-0000-0000000013fd,50
5118,user_5118,2020-08-01,7577.77,False,00000000-0000-0000-0000-0000000013fe,7
5119,user_5119,2020-08-01,2819.18,True,00000000-0000-0000-0000-0000000013ff,54
5120,user_5120,2020-08-01,3180.4,False,00000000-0000-0000-0000-000000001400,75
5121,user_5121,2020-08-01,9246.42,False,00000000-0000-0000-0000-000000001401,42
5122,user_5122,2020-08-01,562.24,True,00000000-0000-0000-0000-000000001402,58
5123,user_5123,2020-08-01,4856.34,True,00000000-0000-0000-0000-000000001403,29
5124,user_5124,2020-08-01,9128.01,True,00000000-0000-0000-0000-000000001404,58
5125,user_5125,2020-08-01,6103.63,True,00000000-0000-0000-0000-000000001405,8
5126,user_5126,2020-08-01,5464.07,True,00000000-0000-0000-0000-000000001406,91
5127,user_5127,2020-08-01,2497.44,True,00000000-0000-0000-0000-000000001407,67
5128,user_5128,2020-08-01,3432.75,False,00000000-0000-0000-0000-000000001408,38
5129,user_5129,2020-08-01,8520.48,False,00000000-0000-0000-0000-000000001409,80
5130,user_5130,2020-08-01,5592.18,False,00000000-0000-0000-0000-00000000140a,10
5131,user_5131,2020-08-01,5147.42,False,00000000-0000-0000-0000-00000000140b,1
5132,user_5132,2020-08-01,995.8,False,00000000-0000-0000-0000-00000000140c,22
5133,user_5133,2020-08-01,160.28,False,00000000-0000-0000-0000-00000000140d,62
5134,user_5134,2020-08-01,9636.85,True,00000000-0000-0000-0000-00000000140e,21
5135,user_5135,2020-08-01,3769.86,True,00000000-0000-0000-0000-00000000140f,60
5136,user_5136,2020-08-02,6032.13,True,00000000-0000-0000-0000-000000001410,25
5137,user_5137,2020-08-02,797.15,False,00000000-0000-0000-0000-000000001411,11
5138,user_5138,2020-08-02,6831.14,False,00000000-0000-0000-0000-000000001412,31
5139,user_5139,2020-08-02,9325.67,False,00000000-0000-0000-0000-000000001413,8
5140,user_5140,2020-08-02,5756.65,True,00000000-0000-0000-0000-000000001414,68
5141,user_5141,2020-08-02,1261.15,True,00000000-0000-0000-0000-000000001415,89
5142,user_5142,2020-08-02,5817.22,True,00000000-0000-0000-0000-000000001416,70
5143,user_5143,2020-08-02,7663.47,False,00000000-0000-0000-0000-000000001417,92
5144,user_5144,2020-08-02,4064.17,False,00000000-0000-0000-0000-000000001418,32
5145,user_5145,2020-08-02,8798.38,False,00000000-0000-0000-0000-000000001419,23
5146,user_5146,2020-08-02,6486.83,True,00000000-0000-0000-0000-00000000141a,88
5147,user_5147,2020-08-02,8992.49,False,00000000-0000-0000-0000-00000000141b,94
5148,user_5148,2020-08-02,6235.05,True,00000000-0000-0000-0000-00000000141c,92
5149,user_5149,2020-08-02,1312.88,True,00000000-0000-0000-0000-00000000141d,68
5150,user_5150,2020-08-02,3096.92,True,00000000-0000-0000-0000-00000000141e,37
5151,user_5151,2020-08-02,2017.95,True,00000000-0000-0000-0000-00000000141f,10
5152,user_5152,2020-08-02,9088.26,True,00000000-0000-0000-0000-000000001420,31
5153,user_5153,2020-08-02,7604.0,True,00000000-0000-0000-0000-000000001421,63
5154,user_5154,2020-08-02,6763.98,True,00000000-0000-0000-0000-000000001422,71
5155,user_5155,2020-08-02,3009.66,False,00000000-0000-0000-0000-000000001423,19
5156,user_5156,2020-08-02,1840.45,True,00000000-0000-0000-0000-000000001424,33
5157,user_5157,2020-08-02,7564.51,False,00000000-0000-0000-0000-000000001425,41
5158,user_5158,2020-08-02,4741.58,True,00000000-0000-0000-0000-000000001426,7
5159,user_5159,2020-08-02,2257.9,True,00000000-0000-0000-0000-000000001427,65
5160,user_5160,2020-08-03,6166.22,True,00000000-0000-0000-0000-000000001428,20
5161,user_5161,2020-08-03,403.34,False,00000000-0000-0000-0000-000000001429,78
5162,user_5162,2020-08-03,3261.7,True,00000000-0000-0000-0000-00000000142a,69
5163,user_5163,2020-08-03,4685.57,True,00000000-0000-0000-0000-00000000142b,4
5164,user_5164,2020-08-03,1479.58,False,00000000-0000-0000-0000-00000000142c,66
5165,user_5165,2020-08-03,9846.54,False,00000000-0000-0000-0000-00000000142d,42
5166,user_5166,2020-08-03,2090.97,False,00000000-0000-0000-0000-00000000142e,15
5167,user_5167,2020-08-03,1303.53,False,00000000-0000-0000-0000-00000000142f,98
5168,user_5168,2020-08-03,2035.35,True,00000000-0000-0000-0000-000000001430,72
5169,user_5169,2020-08-03,7690.61,True,00000000-0000-0000-0000-000000001431,34
5170,user_5170,2020-08-03,4255.06,False,00000000-0000-0000-0000-000000001432,82
5171,user_5171,2020-08-03,5654.16,True,00000000-0000-0000-0000-000000001433,42
5172,user_5172,2020-08-03,210.09,False,00000000-0000-0000-0000-000000001434,97
5173,user_5173,2020-08-03,344.31,False,00000000-0000-0000-0000-000000001435,38
5174,user_5174,2020-08-03,4458.26,False,00000000-0000-0000-0000-000000001436,9
5175,user_5175,2020-08-03,8166.55,True,00000000-0000-0000-0000-000000001437,73
5176,user_5176,2020-08-03,8852.39,False,00000000-0000-0000-0000-000000001438,19
5177,user_5177,2020-08-03,867.07,True,00000000-0000-0000-0000-000000001439,0
5178,user_5178,2020-08-03,5383.63,True,00000000-0000-0000-0000-00000000143a,5
5179,user_5179,2020-08-03,9132.3,True,00000000-0000-0000-0000-00000000143b,52
5180,user_5180,2020-08-03,3879.73,False,00000000-0000-0000-0000-00000000143c,45
5181,user_5181,2020-08-03,8295.66,True,00000000-0000-0000-0000-00000000143d,65
5182,user_5182,2020-08-03,1336.96,False,00000000-0000-0000-0000-00000000143e,37
5183,user_5183,2020-08-03,9353.94,True,00000000-0000-0000-0000-00000000143f,32
5184,user_5184,2020-08-04,7514.23,True,00000000-0000-0000-0000-000000001440,66
5185,user_5185,2020-08-04,9413.34,True,00000000-0000-0000-0000-000000001441,99
5186,user_5186,2020-08-04,6766.17,False,00000000-0000-0000-0000-000000001442,76
5187,user_5187,2020-08-04,3634.04,False,00000000-0000-0000-0000-000000001443,34
5188,user_5188,2020-08-04,9381.81,False,00000000-0000-0000-0000-000000001444,78
5189,user_5189,2020-08-04,2755.67,False,00000000-0000-0000-0000-000000001445,44
5190,user_5190,2020-08-04,3321.73,True,00000000-0000-0000-0000-000000001446,21
5191,user_5191,2020-08-04,7008.08,True,00000000-0000-0000-0000-000000001447,67
5192,user_5192,2020-08-04,7653.16,False,00000000-0000-0000-0000-000000001448,16
5193,user_5193,2020-08-04,9294.03,False,00000000-0000-0000-0000-000000001449,4
5194,user_5194,2020-08-04,2048.02,False,00000000-0000-0000-0000-00000000144a,84
5195,user_5195,2020-08-04,7979.98,False,00000000-0000-0000-0000-00000000144b,56
5196,user_5196,2020-08-04,7385.46,True,00000000-0000-0000-0000-00000000144c,87
5197,user_5197,2020-08-04,637.95,False,00000000-0000-0000-0000-00000000144d,94
5198,user_5198,2020-08-04,3872.23,False,00000000-0000-0000-0000-00000000144e,39
5199,user_5199,2020-08-04,2827.65,True,00000000-0000-0000-0000-00000000144f,29
5200,user_5200,2020-08-04,3044.9,False,00000000-0000-0000-0000-000000001450,41
5201,user_5201,2020-08-04,9829.47,True,00000000-0000-0000-0000-000000001451,6
5202,user_5202,2020-08-04,6427.77,False,00000000-0000-0000-0000-000000001452,70
5203,user_5203,2020-08-04,7176.76,True,00000000-0000-0000-0000-000000001453,90
5204,user_5204,2020-08-04,9766.18,False,00000000-0000-0000-0000-000000001454,87
5205,user_5205,2020-08-04,3772.02,False,00000000-0000-0000-0000-000000001455,18
5206,user_5206,2020-08-04,8018.4,False,00000000-0000-0000-0000-000000001456,40
5207,user_5207,2020-08-04,4345.31,False,00000000-0000-0000-0000-000000001457,33
5208,user_5208,2020-08-05,8695.34,False,00000000-0000-0000-0000-000000001458,21
5209,user_5209,2020-08-05,1806.58,True,00000000-0000-0000-0000-000000001459,51
5210,user_5210,2020-08-05,9476.86,False,00000000-0000-0000-0000-00000000145a,90
5211,user_5211,2020-08-05,2187.72,True,00000000-0000-0000-0000-00000000145b,5
5212,user_5212,2020-08-05,3262.21,True,00000000-0000-0000-0000-00000000145c,73
5213,user_5213,2020-08-05,7561.92,True,00000000-0000-0000-0000-00000000145d,94
5214,user_5214,2020-08-05,3937.55,True,00000000-0000-0000-0000-00000000145e,24
5215,user_5215,2020-08-05,6082.11,False,00000000-0000-0000-0000-00000000145f,65
5216,user_5216,2020-08-05,4445.74,False,00000000-0000-0000-0000-000000001460,9
5217,user_5217,2020-08-05,7423.7,False,00000000-0000-0000-0000-000000001461,73
5218,user_5218,2020-08-05,2283.31,False,00000000-0000-0000-0000-000000001462,25
5219,user_5219,2020-08-05,584.58,True,00000000-0000-0000-0000-000000001463,4
5220,user_5220,2020-08-05,2999.29,True,00000000-0000-0000-0000-000000001464,85
5221,user_5221,2020-08-05,4743.09,True,00000000-0000-0000-0000-000000001465,67
5222,user_5222,2020-08-05,1680.2,False,00000000-0000-0000-0000-000000001466,97
5223,user_5223,2020-08-05,3547.97,False,00000000-0000-0000-0000-000000001467,70
5224,user_5224,2020-08-05,3999.83,False,00000000-0000-0000-0000-000000001468,49
5225,user_5225,2020-08-05,573.92,False,00000000-0000-0000-0000-000000001469,16
5226,user_5226,2020-08-05,5833.07,True,00000000-0000-0000-0000-00000000146a,10
5227,user_5227,2020-08-05,8843.43,False,00000000-0000-0000-0000-00000000146b,52
5228,user_5228,2020-08-05,1517.43,False,00000000-0000-0000-0000-00000000146c,49
5229,user_5229,2020-08-05,5978.08,True,00000000-0000-0000-0000-00000000146d,7
5230,user_5230,2020-08-05,6647.39,True,00000000-0000-0000-0000-00000000146e,91
5231,user_5231,2020-08-05,4193.35,False,00000000-0000-0000-0000-00000000146f,96
5232,user_5232,2020-08-06,7010.98,False,00000000-0000-0000-0000-000000001470,61
5233,user_5233,2020-08-06,4107.32,True,00000000-0000-0000-0000-000000001471,88
5234,user_5234,2020-08-06,5046.37,False,00000000-0000-0000-0000-000000001472,84
5235,user_5235,2020-08-06,73.53,True,00000000-0000-0000-0000-000000001473,75
5236,user_5236,2020-08-06,6917.2,True,00000000-0000-0000-0000-000000001474,89
5237,user_5237,2020-08-06,6613.43,False,00000000-0000-0000-0000-000000001475,28
5238,user_5238,2020-08-06,384.01,True,00000000-0000-0000-0000-000000001476,98
5239,user_5239,2020-08-06,3682.5,False,00000000-0000-0000-0000-000000001477,43
5240,user_5240,2020-08-06,9790.32,False,00000000-0000-0000-0000-000000001478,44
5241,user_5241,2020-08-06,4207.37,False,00000000-0000-0000-0000-000000001479,28
5242,user_5242,2020-08-06,5019.45,False,00000000-0000-0000-0000-00000000147a,87
5243,user_5243,2020-08-06,9099.3,True,00000000-0000-0000-0000-00000000147b,58
5244,user_5244,2020-08-06,7172.62,False,00000000-0000-0000-0000-00000000147c,14
5245,user_5245,2020-08-06,5820.7,False,00000000-0000-0000-0000-00000000147d,69
5246,user_5246,2020-08-06,7978.05,True,00000000-0000-0000-0000-00000000147e,95
5247,user_5247,2020-08-06,8643.66,False,00000000-0000-0000-0000-00000000147f,43
5248,user_5248,2020-08-06,4568.88,False,00000000-0000-0000-0000-000000001480,97
5249,user_5249,2020-08-06,4751.08,False,00000000-0000-0000-0000-000000001481,35
5250,user_5250,2020-08-06,3860.51,False,00000000-0000-0000-0000-000000001482,83
5251,user_5251,2020-08-06,9667.06,True,00000000-0000-0000-0000-000000001483,56
5252,user_5252,2020-08-06,6971.66,True,00000000-0000-0000-0000-000000001484,63
5253,user_5253,2020-08-06,832.23,False,00000000-0000-0000-0000-000000001485,75
5254,user_5254,2020-08-06,8629.6,True,00000000-0000-0000-0000-000000001486,98
5255,user_5255,2020-08-06,4805.6,True,00000000-0000-0000-0000-000000001487,37
5256,user_5256,2020-08-07,687.54,True,00000000-0000-0000-0000-000000001488,16
5257,user_5257,2020-08-07,5497.17,True,00000000-0000-0000-0000-000000001489,26
5258,user_5258,2020-08-07,4171.64,False,00000000-0000-0000-0000-00000000148a,16
5259,user_5259,2020-08-07,8777.49,True,00000000-0000-0000-0000-00000000148b,62
5260,user_5260,2020-08-07,2039.95,False,00000000-0000-0000-0000-00000000148c,10
5261,user_5261,2020-08-07,8264.65,False,00000000-0000-0000-0000-00000000148d,63
5262,user_5262,2020-08-07,5576.89,True,00000000-0000-0000-0000-00000000148e,38
5263,user_5263,2020-08-07,546.1,False,00000000-0000-0000-0000-00000000148f,1
5264,user_5264,2020-08-07,9718.45,True,00000000-0000-0000-0000-000000001490,65
5265,user_5265,2020-08-07,5126.15,False,00000000-0000-0000-0000-000000001491,53
5266,user_5266,2020-08-07,2908.77,False,00000000-0000-0000-0000-000000001492,28
5267,user_5267,2020-08-07,4694.07,True,00000000-0000-0000-0000-000000001493,44
5268,user_5268,2020-08-07,8578.58,False,00000000-0000-0000-0000-000000001494,87
5269,user_5269,2020-08-07,3049.03,True,00000000-0000-0000-0000-000000001495,87
5270,user_5270,2020-08-07,1926.76,False,00000000-0000-0000-0000-000000001496,79
5271,user_5271,2020-08-07,1290.71,False,00000000-0000-0000-0000-000000001497,30
5272,user_5272,2020-08-07,2978.59,True,00000000-0000-0000-0000-000000001498,48
5273,user_5273,2020-08-07,7800.48,True,00000000-0000-0000-0000-000000001499,8
5274,user_5274,2020-08-07,4716.26,True,00000000-0000-0000-0000-00000000149a,26
5275,user_5275,2020-08-07,2274.82,False,00000000-0000-0000-0000-00000000149b,55
5276,user_5276,2020-08-07,1661.85,True,00000000-0000-0000-0000-00000000149c,77
5277,user_5277,2020-08-07,3327.29,True,00000000-0000-0000-0000-00000000149d,44
5278,user_5278,2020-08-07,9399.24,True,00000000-0000-0000-0000-00000000149e,88
5279,user_5279,2020-08-07,3430.27,True,00000000-0000-0000-0000-00000000149f,42
5280,user_5280,2020-08-08,9881.24,False,00000000-0000-0000-0000-0000000014a0,21
5281,user_5281,2020-08-08,4852.3,False,00000000-0000-0000-0000-0000000014a1,98
5282,user_5282,2020-08-08,1791.64,False,00000000-0000-0000-0000-0000000014a2,32
5283,user_5283,2020-08-08,8911.4,False,00000000-0000-0000-0000-0000000014a3,26
5284,user_5284,2020-08-08,4603.55,False,00000000-0000-0000-0000-0000000014a4,39
5285,user_5285,2020-08-08,7096.71,False,00000000-0000-0000-0000-0000000014a5,25
5286,user_5286,2020-08-08,9837.12,True,00000000-0000-0000-0000-0000000014a6,82
5287,user_5287,2020-08-08,501.75,False,00000000-0000-0000-0000-0000000014a7,44
5288,user_5288,2020-08-08,966.95,True,00000000-0000-0000-0000-0000000014a8,44
5289,user_5289,2020-08-08,7204.57,True,00000000-0000-0000-0000-0000000014a9,25
5290,user_5290,2020-08-08,2818.25,True,00000000-0000-0000-0000-0000000014aa,69
5291,user_5291,2020-08-08,1843.01,True,00000000-0000-0000-0000-0000000014ab,66
5292,user_5292,2020-08-08,393.62,False,00000000-0000-0000-0000-0000000014ac,5
5293,user_5293,2020-08-08,218.47,False,00000000-0000-0000-0000-0000000014ad,27
5294,user_5294,2020-08-08,7744.86,False,00000000-0000-0000-0000-0000000014ae,66
5295,user_5295,2020-08-08,1344.33,True,00000000-0000-0000-0000-0000000014af,12
5296,user_5296,2020-08-08,4677.21,False,00000000-0000-0000-0000-0000000014b0,62
5297,user_5297,2020-08-08,6058.97,False,00000000-0000-0000-0000-0000000014b1,12
5298,user_5298,2020-08-08,4283.52,False,00000000-0000-0000-0000-0000000014b2,76
5299,user_5299,2020-08-08,271.07,False,00000000-0000-0000-0000-0000000014b3,0
5300,user_5300,2020-08-08,7835.02,False,00000000-0000-0000-0000-0000000014b4,39
5301,user_5301,2020-08-08,105.13,False,00000000-0000-0000-0000-0000000014b5,36
5302,user_5302,2020-08-08,7618.9,True,00000000-0000-0000-0000-0000000014b6,30
5303,user_5303,2020-08-08,8933.04,True,00000000-0000-0000-0000-0000000014b7,16
5304,user_5304,2020-08-09,4328.4,False,00000000-0000-0000-0000-0000000014b8,8
5305,user_5305,2020-08-09,5355.42,True,00000000-0000-0000-0000-0000000014b9,63
5306,user_5306,2020-08-09,4769.83,True,00000000-0000-0000-0000-0000000014ba,56
5307,user_5307,2020-08-09,3892.09,False,00000000-0000-0000-0000-0000000014bb,12
5308,user_5308,2020-08-09,8874.25,True,00000000-0000-0000-0000-0000000014bc,36
5309,user_5309,2020-08-09,8939.34,False,00000000-0000-0000-0000-0000000014bd,13
5310,user_5310,2020-08-09,3358.16,True,00000000-0000-0000-0000-0000000014be,74
5311,user_5311,2020-08-09,6150.7,False,00000000-0000-0000-0000-0000000014bf,24
5312,user_5312,2020-08-09,9269.08,True,00000000-0000-0000-0000-0000000014c0,94
5313,user_5313,2020-08-09,9620.58,True,00000000-0000-0000-0000-0000000014c1,77
5314,user_5314,2020-08-09,5089.59,True,00000000-0000-0000-0000-0000000014c2,56
5315,user_5315,2020-08-09,4528.25,True,00000000-0000-0000-0000-0000000014c3,70
5316,user_5316,2020-08-09,2786.94,False,00000000-0000-0000-0000-0000000014c4,87
5317,user_5317,2020-08-09,9588.72,True,00000000-0000-0000-0000-0000000014c5,99
5318,user_5318,2020-08-09,1428.14,False,00000000-0000-0000-0000-0000000014c6,41
5319,user_5319,2020-08-09,5798.3,False,00000000-0000-0000-0000-0000000014c7,41
5320,user_5320,2020-08-09,2825.5,True,00000000-0000-0000-0000-0000000014c8,46
5321,user_5321,2020-08-09,2790.08,True,00000000-0000-0000-0000-0000000014c9,43
5322,user_5322,2020-08-09,4049.69,False,00000000-0000-0000-0000-0000000014ca,40
5323,user_5323,2020-08-09,9987.93,True,00000000-0000-0000-0000-0000000014cb,2
5324,user_5324,2020-08-09,549.66,False,00000000-0000-0000-0000-0000000014cc,89
5325,user_5325,2020-08-09,5785.42,True,00000000-0000-0000-0000-0000000014cd,89
5326,user_5326,2020-08-09,825.72,False,00000000-0000-0000-0000-0000000014ce,0
5327,user_5327,2020-08-09,1545.21,True,00000000-0000-0000-0000-0000000014cf,78
5328,user_5328,2020-08-10,4395.63,True,00000000-0000-0000-0000-0000000014d0,10
5329,user_5329,2020-08-10,5104.6,False,00000000-0000-0000-0000-0000000014d1,6
5330,user_5330,2020-08-10,2587.92,False,00000000-0000-0000-0000-0000000014d2,11
5331,user_5331,2020-08-10,3164.57,False,00000000-0000-0000-0000-0000000014d3,37
5332,user_5332,2020-08-10,869.67,True,00000000-0000-0000-0000-0000000014d4,53
5333,user_5333,2020-08-10,3032.2,True,00000000-0000-0000-0000-0000000014d5,66
5334,user_5334,2020-08-10,9665.58,True,00000000-0000-0000-0000-0000000014d6,52
5335,user_5335,2020-08-10,9447.07,True,00000000-0000-0000-0000-0000000014d7,89
5336,user_5336,2020-08-10,3348.78,False,00000000-0000-0000-0000-0000000014d8,93
5337,user_5337,2020-08-10,5708.54,False,00000000-0000-0000-0000-0000000014d9,31
5338,user_5338,2020-08-10,9095.95,True,00000000-0000-0000-0000-0000000014da,99
5339,user_5339,2020-08-10,61.84,True,00000000-0000-0000-0000-0000000014db,44
5340,user_5340,2020-08-10,8106.84,True,00000000-0000-0000-0000-0000000014dc,50
5341,user_5341,2020-08-10,9483.7,False,00000000-0000-0000-0000-0000000014dd,36
5342,user_5342,2020-08-10,913.26,False,00000000-0000-0000-0000-0000000014de,58
5343,user_5343,2020-08-10,1614.48,True,00000000-0000-0000-0000-0000000014df,53
5344,user_5344,2020-08-10,9607.46,False,00000000-0000-0000-0000-0000000014e0,17
5345,user_5345,2020-08-10,5375.4,True,00000000-0000-0000-0000-0000000014e1,0
5346,user_5346,2020-08-10,141.97,True,00000000-0000-0000-0000-0000000014e2,20
5347,user_5347,2020-08-10,2576.32,False,00000000-0000-0000-0000-0000000014e3,27
5348,user_5348,2020-08-10,4499.44,False,00000000-0000-0000-0000-0000000014e4,15
5349,user_5349,2020-08-10,6929.09,False,00000000-0000-0000-0000-0000000014e5,47
5350,user_5350,2020-08-10,7331.6,False,00000000-0000-0000-0000-0000000014e6,27
5351,user_5351,2020-08-10,9954.22,True,00000000-0000-0000-0000-0000000014e7,21
5352,user_5352,2020-08-11,2875.11,False,00000000-0000-0000-0000-0000000014e8,82
5353,user_5353,2020-08-11,5382.2,False,00000000-0000-0000-0000-0000000014e9,0
5354,user_5354,2020-08-11,5333.24,False,00000000-0000-0000-0000-0000000014ea,94
5355,user_5355,2020-08-11,4056.45,False,00000000-0000-0000-0000-0000000014eb,41
5356,user_5356,2020-08-11,1691.62,True,00000000-0000-0000-0000-0000000014ec,97
5357,user_5357,2020-08-11,9774.57,True,00000000-0000-0000-0000-0000000014ed,69
5358,user_5358,2020-08-11,8533.17,False,00000000-0000-0000-0000-0000000014ee,91
5359,user_5359,2020-08-11,4983.33,False,00000000-0000-0000-0000-0000000014ef,2
5360,user_5360,2020-08-11,6032.45,True,00000000-0000-0000-0000-0000000014f0,94
5361,user_5361,2020-08-11,2272.61,True,00000000-0000-0000-0000-0000000014f1,79
5362,user_5362,2020-08-11,5437.87,False,00000000-0000-0000-0000-0000000014f2,80
5363,user_5363,2020-08-11,6949.7,True,00000000-0000-0000-0000-0000000014f3,43
5364,user_5364,2020-08-11,5151.67,True,00000000-0000-0000-0000-0000000014f4,26
5365,user_5365,2020-08-11,9902.85,True,00000000-0000-0000-0000-0000000014f5,50
5366,user_5366,2020-08-11,6113.42,True,00000000-0000-0000-0000-0000000014f6,23
5367,user_5367,2020-08-11,3709.74,False,00000000-0000-0000-0000-0000000014f7,19
5368,user_5368,2020-08-11,7721.52,True,00000000-0000-0000-0000-0000000014f8,31
5369,user_5369,2020-08-11,1704.63,True,00000000-0000-0000-0000-0000000014f9,98
5370,user_5370,2020-08-11,3845.16,False,00000000-0000-0000-0000-0000000014fa,12
5371,user_5371,2020-08-11,3469.59,False,00000000-0000-0000-0000-0000000014fb,42
5372,user_5372,2020-08-11,4318.07,False,00000000-0000-0000-0000-0000000014fc,19
5373,user_5373,2020-08-11,7817.8,True,00000000-0000-0000-0000-0000000014fd,1
5374,user_5374,2020-08-11,4841.73,False,00000000-0000-0000-0000-0000000014fe,67
5375,user_5375,2020-08-11,7940.14,True,00000000-0000-0000-0000-0000000014ff,90
5376,user_5376,2020-08-12,5764.89,False,00000000-0000-0000-0000-000000001500,59
5377,user_5377,2020-08-12,3420.69,True,00000000-0000-0000-0000-000000001501,88
5378,user_5378,2020-08-12,8099.79,False,00000000-0000-0000-0000-000000001502,3
5379,user_5379,2020-08-12,2382.9,False,00000000-0000-0000-0000-000000001503,95
5380,user_5380,2020-08-12,2243.83,True,00000000-0000-0000-0000-000000001504,16
5381,user_5381,2020-08-12,5045.03,False,00000000-0000-0000-0000-000000001505,0
5382,user_5382,2020-08-12,2608.49,False,00000000-0000-0000-0000-000000001506,32
5383,user_5383,2020-08-12,90.87,False,00000000-0000-0000-0000-000000001507,29
5384,user_5384,2020-08-12,6482.98,False,00000000-0000-0000-0000-000000001508,4
5385,user_5385,2020-08-12,5110.94,False,00000000-0000-0000-0000-000000001509,11
5386,user_5386,2020-08-12,4455.18,True,00000000-0000-0000-0000-00000000150a,31
5387,user_5387,2020-08-12,9669.69,True,00000000-0000-0000-0000-00000000150b,37
5388,user_5388,2020-08-12,5711.99,False,00000000-0000-0000-0000-00000000150c,16
5389,user_5389,2020-08-12,8634.32,False,00000000-0000-0000-0000-00000000150d,57
5390,user_5390,2020-08-12,1394.5,True,00000000-0000-0000-0000-00000000150e,39
5391,user_5391,2020-08-12,5692.06,True,00000000-0000-0000-0000-00000000150f,95
5392,user_5392,2020-08-12,8679.8,False,00000000-0000-0000-0000-000000001510,23
5393,user_5393,2020-08-12,5831.06,True,00000000-0000-0000-0000-000000001511,11
5394,user_5394,2020-08-12,7180.14,False,00000000-0000-0000-0000-000000001512,94
5395,user_5395,2020-08-12,3720.44,False,00000000-0000-0000-0000-000000001513,18
5396,user_5396,2020-08-12,924.5,False,00000000-0000-0000-0000-000000001514,28
5397,user_5397,2020-08-12,4579.0,False,00000000-0000-0000-0000-000000001515,84
5398,user_5398,2020-08-12,3944.79,True,00000000-0000-0000-0000-000000001516,89
5399,user_5399,2020-08-12,8670.6,True,00000000-0000-0000-0000-000000001517,51
5400,user_5400,2020-08-13,2439.95,True,00000000-0000-0000-0000-000000001518,91
5401,user_5401,2020-08-13,9667.34,False,00000000-0000-0000-0000-000000001519,16
5402,user_5402,2020-08-13,9581.38,True,00000000-0000-0000-0000-00000000151a,72
5403,user_5403,2020-08-13,2476.32,False,00000000-0000-0000-0000-00000000151b,20
5404,user_5404,2020-08-13,3480.52,False,00000000-0000-0000-0000-00000000151c,59
5405,user_5405,2020-08-13,8955.56,True,00000000-0000-0000-0000-00000000151d,97
5406,user_5406,2020-08-13,9666.22,False,00000000-0000-0000-0000-00000000151e,74
5407,user_5407,2020-08-13,4434.39,False,00000000-0000-0000-0000-00000000151f,19
5408,user_5408,2020-08-13,3209.97,False,00000000-0000-0000-0000-000000001520,52
5409,user_5409,2020-08-13,5260.94,True,00000000-0000-0000-0000-000000001521,79
5410,user_5410,2020-08-13,6877.69,False,00000000-0000-0000-0000-000000001522,62
5411,user_5411,2020-08-13,2734.75,True,00000000-0000-0000-0000-000000001523,56
5412,user_5412,2020-08-13,7364.73,False,00000000-0000-0000-0000-000000001524,28
5413,user_5413,2020-08-13,516.57,True,00000000-0000-0000-0000-000000001525,0
5414,user_5414,2020-08-13,492.94,False,00000000-0000-0000-0000-000000001526,81
5415,user_5415,2020-08-13,3862.88,True,00000000-0000-0000-0000-000000001527,58
5416,user_5416,2020-08-13,3534.73,True,00000000-0000-0000-0000-000000001528,63
5417,user_5417,2020-08-13,3156.33,False,00000000-0000-0000-0000-000000001529,85
5418,user_5418,2020-08-13,4910.2,False,00000000-0000-0000-0000-00000000152a,71
5419,user_5419,2020-08-13,3207.34,False,00000000-0000-0000-0000-00000000152b,70
5420,user_5420,2020-08-13,1922.58,False,00000000-0000-0000-0000-00000000152c,88
5421,user_5421,2020-08-13,3094.7,True,00000000-0000-0000-0000-00000000152d,93
5422,user_5422,2020-08-13,9749.04,False,00000000-0000-0000-0000-00000000152e,97
5423,user_5423,2020-08-13,4111.13,True,00000000-0000-0000-0000-00000000152f,43
5424,user_5424,2020-08-14,4447.13,False,00000000-0000-0000-0000-000000001530,47
5425,user_5425,2020-08-14,5765.45,True,00000000-0000-0000-0000-000000001531,74
5426,user_5426,2020-08-14,9833.41,True,00000000-0000-0000-0000-000000001532,14
5427,user_5427,2020-08-14,2416.01,True,00000000-0000-0000-0000-000000001533,34
5428,user_5428,2020-08-14,6812.82,False,00000000-0000-0000-0000-000000001534,22
5429,user_5429,2020-08-14,7159.85,False,00000000-0000-0000-0000-000000001535,52
5430,user_5430,2020-08-14,6073.24,True,00000000-0000-0000-0000-000000001536,44
5431,user_5431,2020-08-14,885.78,True,00000000-0000-0000-0000-000000001537,84
5432,user_5432,2020-08-14,6768.72,True,00000000-0000-0000-0000-000000001538,91
5433,user_5433,2020-08-14,640.95,True,00000000-0000-0000-0000-000000001539,12
5434,user_5434,2020-08-14,5961.43,True,00000000-0000-0000-0000-00000000153a,33
5435,user_5435,2020-08-14,7395.81,False,00000000-0000-0000-0000-00000000153b,37
5436,user_5436,2020-08-14,2109.7,True,00000000-0000-0000-0000-00000000153c,69
5437,user_5437,2020-08-14,8416.22,False,00000000-0000-0000-0000-00000000153d,67
5438,user_5438,2020-08-14,303.54,False,00000000-0000-0000-0000-00000000153e,4
5439,user_5439,2020-08-14,8438.13,False,00000000-0000-0000-0000-00000000153f,39
5440,user_5440,2020-08-14,4603.29,True,00000000-0000-0000-0000-000000001540,69
5441,user_5441,2020-08-14,2175.88,True,00000000-0000-0000-0000-000000001541,20
5442,user_5442,2020-08-14,1337.78,True,00000000-0000-0000-0000-000000001542,27
5443,user_5443,2020-08-14,9533.07,True,00000000-0000-0000-0000-000000001543,2
5444,user_5444,2020-08-14,726.66,False,00000000-0000-0000-0000-000000001544,22
5445,user_5445,2020-08-14,1990.93,False,00000000-0000-0000-0000-000000001545,71
5446,user_5446,2020-08-14,3478.22,False,00000000-0000-0000-0000-000000001546,18
5447,user_5447,2020-08-14,6202.35,True,00000000-0000-0000-0000-000000001547,74
5448,user_5448,2020-08-15,5448.01,True,00000000-0000-0000-0000-000000001548,49
5449,user_5449,2020-08-15,1256.43,True,00000000-0000-0000-0000-000000001549,73
5450,user_5450,2020-08-15,2897.28,True,00000000-0000-0000-0000-00000000154a,57
5451,user_5451,2020-08-15,2387.52,True,00000000-0000-0000-0000-00000000154b,91
5452,user_5452,2020-08-15,2135.43,True,00000000-0000-0000-0000-00000000154c,19
5453,user_5453,2020-08-15,4111.44,False,00000000-0000-0000-0000-00000000154d,91
5454,user_5454,2020-08-15,7040.31,False,00000000-0000-0000-0000-00000000154e,92
5455,user_5455,2020-08-15,2174.53,True,00000000-0000-0000-0000-00000000154f,71
5456,user_5456,2020-08-15,3666.79,False,00000000-0000-0000-0000-000000001550,82
5457,user_5457,2020-08-15,3909.17,False,00000000-0000-0000-0000-000000001551,52
5458,user_5458,2020-08-15,9764.57,False,00000000-0000-0000-0000-000000001552,84
5459,user_5459,2020-08-15,9546.66,False,00000000-0000-0000-0000-000000001553,81
5460,user_5460,2020-08-15,8001.38,True,00000000-0000-0000-0000-000000001554,8
5461,user_5461,2020-08-15,2416.59,False,00000000-0000-0000-0000-000000001555,3
5462,user_5462,2020-08-15,680.37,True,00000000-0000-0000-0000-000000001556,40
5463,user_5463,2020-08-15,3169.04,True,00000000-0000-0000-0000-000000001557,24
5464,user_5464,2020-08-15,2667.95,False,00000000-0000-0000-0000-000000001558,33
5465,user_5465,2020-08-15,5059.26,True,00000000-0000-0000-0000-000000001559,72
5466,user_5466,2020-08-15,7777.28,False,00000000-0000-0000-0000-00000000155a,8
5467,user_5467,2020-08-15,8583.23,True,00000000-0000-0000-0000-00000000155b,81
5468,user_5468,2020-08-15,8448.64,True,00000000-0000-0000-0000-00000000155c,74
5469,user_5469,2020-08-15,3596.76,False,00000000-0000-0000-0000-00000000155d,12
5470,user_5470,2020-08-15,6872.34,False,00000000-0000-0000-0000-00000000155e,8
5471,user_5471,2020-08-15,3128.34,True,00000000-0000-0000-0000-00000000155f,79
5472,user_5472,2020-08-16,609.06,False,00000000-0000-0000-0000-000000001560,3
5473,user_5473,2020-08-16,7015.65,True,00000000-0000-0000-0000-000000001561,33
5474,user_5474,2020-08-16,98.28,False,00000000-0000-0000-0000-000000001562,6
5475,user_5475,2020-08-16,4091.83,True,00000000-0000-0000-0000-000000001563,14
5476,user_5476,2020-08-16,3293.79,True,00000000-0000-0000-0000-000000001564,37
5477,user_5477,2020-08-16,6933.78,True,00000000-0000-0000-0000-000000001565,74
5478,user_5478,2020-08-16,7662.45,True,00000000-0000-0000-0000-000000001566,95
5479,user_5479,2020-08-16,3040.95,True,00000000-0000-0000-0000-000000001567,90
5480,user_5480,2020-08-16,8116.27,False,00000000-0000-0000-0000-000000001568,93
5481,user_5481,2020-08-16,2939.17,True,00000000-0000-0000-0000-000000001569,51
5482,user_5482,2020-08-16,4463.26,False,00000000-0000-0000-0000-00000000156a,80
5483,user_5483,2020-08-16,7270.19,False,00000000-0000-0000-0000-00000000156b,99
5484,user_5484,2020-08-16,6929.2,True,00000000-0000-0000-0000-00000000156c,82
5485,user_5485,2020-08-16,9873.68,True,00000000-0000-0000-0000-00000000156d,6
5486,user_5486,2020-08-16,2251.61,False,00000000-0000-0000-0000-00000000156e,44
5487,user_5487,2020-08-16,6623.18,True,00000000-0000-0000-0000-00000000156f,58
5488,user_5488,2020-08-16,6096.82,True,00000000-0000-0000-0000-000000001570,20
5489,user_5489,2020-08-16,9150.98,False,00000000-0000-0000-0000-000000001571,27
5490,user_5490,2020-08-16,1563.62,False,00000000-0000-0000-0000-000000001572,2
5491,user_5491,2020-08-16,7517.98,False,00000000-0000-0000-0000-000000001573,13
5492,user_5492,2020-08-16,5682.69,False,00000000-0000-0000-0000-000000001574,1
5493,user_5493,2020-08-16,2746.66,False,00000000-0000-0000-0000-000000001575,28
5494,user_5494,2020-08-16,4744.35,False,00000000-0000-0000-0000-000000001576,17
5495,user_5495,2020-08-16,3337.77,True,00000000-0000-0000-0000-000000001577,36
5496,user_5496,2020-08-17,5793.13,False,00000000-0000-0000-0000-000000001578,44
5497,user_5497,2020-08-17,8890.01,False,00000000-0000-0000-0000-000000001579,44
5498,user_5498,2020-08-17,5693.05,True,00000000-0000-0000-0000-00000000157a,23
5499,user_5499,2020-08-17,6317.22,True,00000000-0000-0000-0000-00000000157b,45
5500,user_5500,2020-08-17,5187.48,True,00000000-0000-0000-0000-00000000157c,11
5501,user_5501,2020-08-17,511.66,True,00000000-0000-0000-0000-00000000157d,52
5502,user_5502,2020-08-17,2328.59,True,00000000-0000-0000-0000-00000000157e,44
5503,user_5503,2020-08-17,4920.02,True,00000000-0000-0000-0000-00000000157f,31
5504,user_5504,2020-08-17,3102.35,False,00000000-0000-0000-0000-000000001580,17
5505,user_5505,2020-08-17,1817.64,True,00000000-0000-0000-0000-000000001581,12
5506,user_5506,2020-08-17,5041.33,True,00000000-0000-0000-0000-000000001582,3
5507,user_5507,2020-08-17,3228.1,True,00000000-0000-0000-0000-000000001583,22
5508,user_5508,2020-08-17,2581.08,True,00000000-0000-0000-0000-000000001584,61
5509,user_5509,2020-08-17,4639.85,False,00000000-0000-0000-0000-000000001585,53
5510,user_5510,2020-08-17,1332.84,True,00000000-0000-0000-0000-000000001586,73
5511,user_5511,2020-08-17,9277.46,True,00000000-0000-0000-0000-000000001587,54
5512,user_5512,2020-08-17,8677.02,False,00000000-0000-0000-0000-000000001588,68
5513,user_5513,2020-08-17,7076.21,False,00000000-0000-0000-0000-000000001589,39
5514,user_5514,2020-08-17,1062.14,False,00000000-0000-0000-0000-00000000158a,13
5515,user_5515,2020-08-17,7758.77,True,00000000-0000-0000-0000-00000000158b,97
5516,user_5516,2020-08-17,8079.57,False,00000000-0000-0000-0000-00000000158c,27
5517,user_5517,2020-08-17,7677.65,False,00000000-0000-0000-0000-00000000158d,71
5518,user_5518,2020-08-17,1139.66,False,00000000-0000-0000-0000-00000000158e,79
5519,user_5519,2020-08-17,6439.08,True,00000000-0000-0000-0000-00000000158f,94
5520,user_5520,2020-08-18,8343.25,True,00000000-0000-0000-0000-000000001590,70
5521,user_5521,2020-08-18,5773.53,False,00000000-0000-0000-0000-000000001591,66
5522,user_5522,2020-08-18,6464.07,True,00000000-0000-0000-0000-000000001592,28
5523,user_5523,2020-08-18,4583.63,True,00000000-0000-0000-0000-000000001593,99
5524,user_5524,2020-08-18,5287.07,True,00000000-0000-0000-0000-000000001594,60
5525,user_5525,2020-08-18,343.77,True,00000000-0000-0000-0000-000000001595,67
5526,user_5526,2020-08-18,6389.63,True,00000000-0000-0000-0000-000000001596,8
5527,user_5527,2020-08-18,814.47,False,00000000-0000-0000-0000-000000001597,16
5528,user_5528,2020-08-18,4350.15,False,00000000-0000-0000-0000-000000001598,48
5529,user_5529,2020-08-18,2926.55,False,00000000-0000-0000-0000-000000001599,62
5530,user_5530,2020-08-18,5454.28,False,00000000-0000-0000-0000-00000000159a,83
5531,user_5531,2020-08-18,1334.16,True,00000000-0000-0000-0000-00000000159b,77
5532,user_5532,2020-08-18,6916.43,False,00000000-0000-0000-0000-00000000159c,45
5533,user_5533,2020-08-18,7950.12,False,00000000-0000-0000-0000-00000000159d,92
5534,user_5534,2020-08-18,1633.54,True,00000000-0000-0000-0000-00000000159e,12
5535,user_5535,2020-08-18,1043.13,True,00000000-0000-0000-0000-00000000159f,99
5536,user_5536,2020-08-18,1455.15,True,00000000-0000-0000-0000-0000000015a0,44
5537,user_5537,2020-08-18,8771.28,True,00000000-0000-0000-0000-0000000015a1,52
5538,user_5538,2020-08-18,5281.89,False,00000000-0000-0000-0000-0000000015a2,16
5539,user_5539,2020-08-18,4672.61,True,00000000-0000-0000-0000-0000000015a3,46
5540,user_5540,2020-08-18,1067.12,True,00000000-0000-0000-0000-0000000015a4,61
5541,user_5541,2020-08-18,6495.56,True,00000000-0000-0000-0000-0000000015a5,49
5542,user_5542,2020-08-18,8680.0,True,00000000-0000-0000-0000-0000000015a6,42
5543,user_5543,2020-08-18,8281.86,True,00000000-0000-0000-0000-0000000015a7,67
5544,user_5544,2020-08-19,6260.55,True,00000000-0000-0000-0000-0000000015a8,83
5545,user_5545,2020-08-19,752.79,False,00000000-0000-0000-0000-0000000015a9,74
5546,user_5546,2020-08-19,1123.97,False,00000000-0000-0000-0000-0000000015aa,85
5547,user_5547,2020-08-19,493.09,False,00000000-0000-0000-0000-0000000015ab,71
5548,user_5548,2020-08-19,2574.79,True,00000000-0000-0000-0000-0000000015ac,27
5549,user_5549,2020-08-19,1356.61,True,00000000-0000-0000-0000-0000000015ad,44
5550,user_5550,2020-08-19,2600.48,False,00000000-0000-0000-0000-0000000015ae,40
5551,user_5551,2020-08-19,3850.58,False,00000000-0000-0000-0000-0000000015af,93
5552,user_5552,2020-08-19,9429.83,False,00000000-0000-0000-0000-0000000015b0,96
5553,user_5553,2020-08-19,6103.76,False,00000000-0000-0000-0000-0000000015b1,96
5554,user_5554,2020-08-19,8349.74,True,00000000-0000-0000-0000-0000000015b2,35
5555,user_5555,2020-08-19,7103.52,False,00000000-0000-0000-0000-0000000015b3,90
5556,user_5556,2020-08-19,1125.03,True,00000000-0000-0000-0000-0000000015b4,83
5557,user_5557,2020-08-19,7359.2,True,00000000-0000-0000-0000-0000000015b5,32
5558,user_5558,2020-08-19,2750.99,True,00000000-0000-0000-0000-0000000015b6,24
5559,user_5559,2020-08-19,6391.08,False,00000000-0000-0000-0000-0000000015b7,18
5560,user_5560,2020-08-19,3409.62,False,00000000-0000-0000-0000-0000000015b8,46
5561,user_5561,2020-08-19,9976.72,False,00000000-0000-0000-0000-0000000015b9,84
5562,user_5562,2020-08-19,2635.51,True,00000000-0000-0000-0000-0000000015ba,32
5563,user_5563,2020-08-19,2791.3,True,00000000-0000-0000-0000-0000000015bb,66
5564,user_5564,2020-08-19,9306.72,False,00000000-0000-0000-0000-0000000015bc,13
5565,user_5565,2020-08-19,246.44,True,00000000-0000-0000-0000-0000000015bd,78
5566,user_5566,2020-08-19,6966.89,False,00000000-0000-0000-0000-0000000015be,32
5567,user_5567,2020-08-19,7253.26,True,00000000-0000-0000-0000-0000000015bf,41
5568,user_5568,2020-08-20,8363.79,True,00000000-0000-0000-0000-0000000015c0,85
5569,user_5569,2020-08-20,9744.39,True,00000000-0000-0000-0000-0000000015c1,64
5570,user_5570,2020-08-20,9756.02,True,00000000-0000-0000-0000-0000000015c2,94
5571,user_5571,2020-08-20,652.77,True,00000000-0000-0000-0000-0000000015c3,46
5572,user_5572,2020-08-20,8218.39,True,00000000-0000-0000-0000-0000000015c4,34
5573,user_5573,2020-08-20,6463.1,True,00000000-0000-0000-0000-0000000015c5,83
5574,user_5574,2020-08-20,6473.42,False,00000000-0000-0000-0000-0000000015c6,31
5575,user_5575,2020-08-20,1283.5,True,00000000-0000-0000-0000-0000000015c7,54
5576,user_5576,2020-08-20,6501.87,True,00000000-0000-0000-0000-0000000015c8,53
5577,user_5577,2020-08-20,9824.83,False,00000000-0000-0000-0000-0000000015c9,75
5578,user_5578,2020-08-20,9118.19,False,00000000-0000-0000-0000-0000000015ca,50
5579,user_5579,2020-08-20,4391.31,False,00000000-0000-0000-0000-0000000015cb,79
5580,user_5580,2020-08-20,399.48,False,00000000-0000-0000-0000-0000000015cc,58
5581,user_5581,2020-08-20,3622.93,True,00000000-0000-0000-0000-0000000015cd,71
5582,user_5582,2020-08-20,8263.9,True,00000000-0000-0000-0000-0000000015ce,13
5583,user_5583,2020-08-20,7014.99,False,00000000-0000-0000-0000-0000000015cf,17
5584,user_5584,2020-08-20,4593.44,True,00000000-0000-0000-0000-0000000015d0,54
5585,user_5585,2020-08-20,551.02,False,00000000-0000-0000-0000-0000000015d1,93
5586,user_5586,2020-08-20,4268.95,True,00000000-0000-0000-0000-0000000015d2,96
5587,user_5587,2020-08-20,4690.25,True,00000000-0000-0000-0000-0000000015d3,97
5588,user_5588,2020-08-20,9285.56,True,00000000-0000-0000-0000-0000000015d4,55
5589,user_5589,2020-08-20,6410.86,True,00000000-0000-0000-0000-0000000015d5,48
5590,user_5590,2020-08-20,3116.53,True,00000000-0000-0000-0000-0000000015d6,97
5591,user_5591,2020-08-20,5253.18,False,00000000-0000-0000-0000-0000000015d7,59
5592,user_5592,2020-08-21,660.55,True,00000000-0000-0000-0000-0000000015d8,52
5593,user_5593,2020-08-21,9725.68,True,00000000-0000-0000-0000-0000000015d9,70
5594,user_5594,2020-08-21,3600.6,True,00000000-0000-0000-0000-0000000015da,5
5595,user_5595,2020-08-21,4778.67,True,00000000-0000-0000-0000-0000000015db,69
5596,user_5596,2020-08-21,3552.84,True,00000000-0000-0000-0000-0000000015dc,85
5597,user_5597,2020-08-21,6825.12,False,00000000-0000-0000-0000-0000000015dd,7
5598,user_5598,2020-08-21,6622.32,True,00000000-0000-0000-0000-0000000015de,14
5599,user_5599,2020-08-21,7153.22,False,00000000-0000-0000-0000-0000000015df,25
5600,user_5600,2020-08-21,2681.43,True,00000000-0000-0000-0000-0000000015e0,38
5601,user_5601,2020-08-21,3156.68,True,00000000-0000-0000-0000-0000000015e1,2
5602,user_5602,2020-08-21,1252.51,False,00000000-0000-0000-0000-0000000015e2,56
5603,user_5603,2020-08-21,6555.1,True,00000000-0000-0000-0000-0000000015e3,9
5604,user_5604,2020-08-21,397.97,True,00000000-0000-0000-0000-0000000015e4,2
5605,user_5605,2020-08-21,5976.82,False,00000000-0000-0000-0000-0000000015e5,93
5606,user_5606,2020-08-21,8696.96,True,00000000-0000-0000-0000-0000000015e6,45
5607,user_5607,2020-08-21,8908.32,False,00000000-0000-0000-0000-0000000015e7,21
5608,user_5608,2020-08-21,4490.38,False,00000000-0000-0000-0000-0000000015e8,66
5609,user_5609,2020-08-21,4593.04,False,00000000-0000-0000-0000-0000000015e9,64
5610,user_5610,2020-08-21,769.69,True,00000000-0000-0000-0000-0000000015ea,96
5611,user_5611,2020-08-21,6707.65,True,00000000-0000-0000-0000-0000000015eb,18
5612,user_5612,2020-08-21,8212.59,False,00000000-0000-0000-0000-0000000015ec,99
5613,user_5613,2020-08-21,2446.55,True,00000000-0000-0000-0000-0000000015ed,61
5614,user_5614,2020-08-21,4213.01,False,00000000-0000-0000-0000-0000000015ee,97
5615,user_5615,2020-08-21,8388.39,True,00000000-0000-0000-0000-0000000015ef,56
5616,user_5616,2020-08-22,8771.2,False,00000000-0000-0000-0000-0000000015f0,94
5617,user_5617,2020-08-22,2431.8,True,00000000-0000-0000-0000-0000000015f1,87
5618,user_5618,2020-08-22,5505.71,False,00000000-0000-0000-0000-0000000015f2,75
5619,user_5619,2020-08-22,1924.93,True,00000000-0000-0000-0000-0000000015f3,12
5620,user_5620,2020-08-22,1018.79,False,00000000-0000-0000-0000-0000000015f4,15
5621,user_5621,2020-08-22,9111.21,True,00000000-0000-0000-0000-0000000015f5,15
5622,user_5622,2020-08-22,8205.08,False,00000000-0000-0000-0000-0000000015f6,51
5623,user_5623,2020-08-22,7600.35,True,00000000-0000-0000-0000-0000000015f7,83
5624,user_5624,2020-08-22,487.66,True,00000000-0000-0000-0000-0000000015f8,40
5625,user_5625,2020-08-22,8437.29,False,00000000-0000-0000-0000-0000000015f9,47
5626,user_5626,2020-08-22,4380.44,True,00000000-0000-0000-0000-0000000015fa,90
5627,user_5627,2020-08-22,3423.95,True,00000000-0000-0000-0000-0000000015fb,38
5628,user_5628,2020-08-22,5464.76,True,00000000-0000-0000-0000-0000000015fc,12
5629,user_5629,2020-08-22,913.53,True,00000000-0000-0000-0000-0000000015fd,3
5630,user_5630,2020-08-22,7566.47,False,00000000-0000-0000-0000-0000000015fe,95
5631,user_5631,2020-08-22,5824.35,True,00000000-0000-0000-0000-0000000015ff,97
5632,user_5632,2020-08-22,1865.9,True,00000000-0000-0000-0000-000000001600,42
5633,user_5633,2020-08-22,1882.32,False,00000000-0000-0000-0000-000000001601,80
5634,user_5634,2020-08-22,1842.49,True,00000000-0000-0000-0000-000000001602,87
5635,user_5635,2020-08-22,570.02,False,00000000-0000-0000-0000-000000001603,92
5636,user_5636,2020-08-22,5877.98,True,00000000-0000-0000-0000-000000001604,45
5637,user_5637,2020-08-22,8403.48,False,00000000-0000-0000-0000-000000001605,91
5638,user_5638,2020-08-22,174.98,True,00000000-0000-0000-0000-000000001606,46
5639,user_5639,2020-08-22,490.05,False,00000000-0000-0000-0000-000000001607,85
5640,user_5640,2020-08-23,5727.7,False,00000000-0000-0000-0000-000000001608,91
5641,user_5641,2020-08-23,8194.96,False,00000000-0000-0000-0000-000000001609,52
5642,user_5642,2020-08-23,3267.39,True,00000000-0000-0000-0000-00000000160a,24
5643,user_5643,2020-08-23,3496.14,False,00000000-0000-0000-0000-00000000160b,40
5644,user_5644,2020-08-23,5963.46,True,00000000-0000-0000-0000-00000000160c,2
5645,user_5645,2020-08-23,2742.13,False,00000000-0000-0000-0000-00000000160d,76
5646,user_5646,2020-08-23,266.08,False,00000000-0000-0000-0000-00000000160e,94
5647,user_5647,2020-08-23,7352.29,False,00000000-0000-0000-0000-00000000160f,12
5648,user_5648,2020-08-23,6256.5,True,00000000-0000-0000-0000-000000001610,17
5649,user_5649,2020-08-23,5807.56,True,00000000-0000-0000-0000-000000001611,36
5650,user_5650,2020-08-23,7416.84,False,00000000-0000-0000-0000-000000001612,42
5651,user_5651,2020-08-23,6752.31,False,00000000-0000-0000-0000-000000001613,33
5652,user_5652,2020-08-23,2058.82,False,00000000-0000-0000-0000-000000001614,80
5653,user_5653,2020-08-23,3524.81,False,00000000-0000-0000-0000-000000001615,54
5654,user_5654,2020-08-23,1261.1,False,00000000-0000-0000-0000-000000001616,51
5655,user_5655,2020-08-23,1298.57,False,00000000-0000-0000-0000-000000001617,84
5656,user_5656,2020-08-23,6761.96,False,00000000-0000-0000-0000-000000001618,35
5657,user_5657,2020-08-23,8586.0,False,00000000-0000-0000-0000-000000001619,53
5658,user_5658,2020-08-23,9627.33,True,00000000-0000-0000-0000-00000000161a,58
5659,user_5659,2020-08-23,6283.47,False,00000000-0000-0000-0000-00000000161b,51
5660,user_5660,2020-08-23,1841.01,True,00000000-0000-0000-0000-00000000161c,18
5661,user_5661,2020-08-23,1056.5,False,00000000-0000-0000-0000-00000000161d,11
5662,user_5662,2020-08-23,8128.51,True,00000000-0000-0000-0000-00000000161e,91
5663,user_5663,2020-08-23,5787.56,True,00000000-0000-0000-0000-00000000161f,10
5664,user_5664,2020-08-24,6182.85,False,00000000-0000-0000-0000-000000001620,47
5665,user_5665,2020-08-24,7814.62,True,00000000-0000-0000-0000-000000001621,91
5666,user_5666,2020-08-24,7032.77,True,00000000-0000-0000-0000-000000001622,98
5667,user_5667,2020-08-24,8344.58,False,00000000-0000-0000-0000-000000001623,78
5668,user_5668,2020-08-24,562.14,False,00000000-0000-0000-0000-000000001624,15
5669,user_5669,2020-08-24,7475.21,False,00000000-0000-0000-0000-000000001625,70
5670,user_5670,2020-08-24,8508.53,True,00000000-0000-0000-0000-000000001626,46
5671,user_5671,2020-08-24,2861.35,False,00000000-0000-0000-0000-000000001627,66
5672,user_5672,2020-08-24,6404.47,True,00000000-0000-0000-0000-000000001628,30
5673,user_5673,2020-08-24,3141.62,False,00000000-0000-0000-0000-000000001629,75
5674,user_5674,2020-08-24,9579.71,False,00000000-0000-0000-0000-00000000162a,7
5675,user_5675,2020-08-24,334.24,True,00000000-0000-0000-0000-00000000162b,88
5676,user_5676,2020-08-24,5797.93,True,00000000-0000-0000-0000-00000000162c,60
5677,user_5677,2020-08-24,1665.04,True,00000000-0000-0000-0000-00000000162d,43
5678,user_5678,2020-08-24,7122.2,False,00000000-0000-0000-0000-00000000162e,49
5679,user_5679,2020-08-24,1758.9,False,00000000-0000-0000-0000-00000000162f,34
5680,user_5680,2020-08-24,2353.83,False,00000000-0000-0000-0000-000000001630,75
5681,user_5681,2020-08-24,4943.71,True,00000000-0000-0000-0000-000000001631,60
5682,user_5682,2020-08-24,9148.35,True,00000000-0000-0000-0000-000000001632,84
5683,user_5683,2020-08-24,2117.14,True,00000000-0000-0000-0000-000000001633,89
5684,user_5684,2020-08-24,1442.4,True,00000000-0000-0000-0000-000000001634,54
5685,user_5685,2020-08-24,7589.77,False,00000000-0000-0000-0000-000000001635,65
5686,user_5686,2020-08-24,5006.2,True,00000000-0000-0000-0000-000000001636,13
5687,user_5687,2020-08-24,9117.85,True,00000000-0000-0000-0000-000000001637,3
5688,user_5688,2020-08-25,1466.15,False,00000000-0000-0000-0000-000000001638,16
5689,user_5689,2020-08-25,6459.28,False,00000000-0000-0000-0000-000000001639,68
5690,user_5690,2020-08-25,2328.79,True,00000000-0000-0000-0000-00000000163a,23
5691,user_5691,2020-08-25,1567.6,True,00000000-0000-0000-0000-00000000163b,48
5692,user_5692,2020-08-25,6834.29,True,00000000-0000-0000-0000-00000000163c,54
5693,user_5693,2020-08-25,5936.85,True,00000000-0000-0000-0000-00000000163d,70
5694,user_5694,2020-08-25,7548.27,True,00000000-0000-0000-0000-00000000163e,22
5695,user_5695,2020-08-25,3094.63,True,00000000-0000-0000-0000-00000000163f,80
5696,user_5696,2020-08-25,4479.72,False,00000000-0000-0000-0000-000000001640,11
5697,user_5697,2020-08-25,4054.72,False,00000000-0000-0000-0000-000000001641,10
5698,user_5698,2020-08-25,9840.89,False,00000000-0000-0000-0000-000000001642,74
5699,user_5699,2020-08-25,2922.49,False,00000000-0000-0000-0000-000000001643,97
5700,user_5700,2020-08-25,2948.17,True,00000000-0000-0000-0000-000000001644,28
5701,user_5701,2020-08-25,3545.48,True,00000000-0000-0000-0000-000000001645,61
5702,user_5702,2020-08-25,5645.94,True,00000000-0000-0000-0000-000000001646,52
5703,user_5703,2020-08-25,2523.23,True,00000000-0000-0000-0000-000000001647,47
5704,user_5704,2020-08-25,9152.9,False,00000000-0000-0000-0000-000000001648,99
5705,user_5705,2020-08-25,2656.86,True,00000000-0000-0000-0000-000000001649,90
5706,user_5706,2020-08-25,8958.16,True,00000000-0000-0000-0000-00000000164a,85
5707,user_5707,2020-08-25,1034.75,True,00000000-0000-0000-0000-00000000164b,65
5708,user_5708,2020-08-25,6565.63,True,00000000-0000-0000-0000-00000000164c,99
5709,user_5709,2020-08-25,9069.86,False,00000000-0000-0000-0000-00000000164d,47
5710,user_5710,2020-08-25,1687.49,True,00000000-0000-0000-0000-00000000164e,93
5711,user_5711,2020-08-25,9683.27,False,00000000-0000-0000-0000-00000000164f,58
5712,user_5712,2020-08-26,4528.83,True,00000000-0000-0000-0000-000000001650,70
5713,user_5713,2020-08-26,9457.15,True,00000000-0000-0000-0000-000000001651,56
5714,user_5714,2020-08-26,6768.2,True,00000000-0000-0000-0000-000000001652,75
5715,user_5715,2020-08-26,3015.87,False,00000000-0000-0000-0000-000000001653,2
5716,user_5716,2020-08-26,1883.03,True,00000000-0000-0000-0000-000000001654,80
5717,user_5717,2020-08-26,3037.35,True,00000000-0000-0000-0000-000000001655,31
5718,user_5718,2020-08-26,930.17,True,00000000-0000-0000-0000-000000001656,7
5719,user_5719,2020-08-26,1438.68,False,00000000-0000-0000-0000-000000001657,86
5720,user_5720,2020-08-26,1046.6,False,00000000-0000-0000-0000-000000001658,29
5721,user_5721,2020-08-26,4229.44,True,00000000-0000-0000-0000-000000001659,14
5722,user_5722,2020-08-26,7955.78,False,00000000-0000-0000-0000-00000000165a,73
5723,user_5723,2020-08-26,1413.84,True,00000000-0000-0000-0000-00000000165b,54
5724,user_5724,2020-08-26,1303.2,True,00000000-0000-0000-0000-00000000165c,37
5725,user_5725,2020-08-26,6434.29,False,00000000-0000-0000-0000-00000000165d,14
5726,user_5726,2020-08-26,1971.83,True,00000000-0000-0000-0000-00000000165e,29
5727,user_5727,2020-08-26,976.1,True,00000000-0000-0000-0000-00000000165f,45
5728,user_5728,2020-08-26,1668.49,False,00000000-0000-0000-0000-000000001660,63
5729,user_5729,2020-08-26,9237.31,False,00000000-0000-0000-0000-000000001661,25
5730,user_5730,2020-08-26,8214.71,False,00000000-0000-0000-0000-000000001662,77
5731,user_5731,2020-08-26,3540.65,False,00000000-0000-0000-0000-000000001663,66
5732,user_5732,2020-08-26,6558.21,True,00000000-0000-0000-0000-000000001664,35
5733,user_5733,2020-08-26,5372.76,True,00000000-0000-0000-0000-000000001665,89
5734,user_5734,2020-08-26,6771.24,True,00000000-0000-0000-0000-000000001666,77
5735,user_5735,2020-08-26,6826.71,True,00000000-0000-0000-0000-000000001667,30
5736,user_5736,2020-08-27,6287.34,True,00000000-0000-0000-0000-000000001668,77
5737,user_5737,2020-08-27,2661.01,True,00000000-0000-0000-0000-000000001669,39
5738,user_5738,2020-08-27,390.06,True,00000000-0000-0000-0000-00000000166a,73
5739,user_5739,2020-08-27,4555.67,True,00000000-0000-0000-0000-00000000166b,72
5740,user_5740,2020-08-27,8909.74,False,00000000-0000-0000-0000-00000000166c,45
5741,user_5741,2020-08-27,5694.97,True,00000000-0000-0000-0000-00000000166d,41
5742,user_5742,2020-08-27,8323.91,True,00000000-0000-0000-0000-00000000166e,17
5743,user_5743,2020-08-27,9916.24,True,00000000-0000-0000-0000-00000000166f,99
5744,user_5744,2020-08-27,1636.16,True,00000000-0000-0000-0000-000000001670,35
5745,user_5745,2020-08-27,6917.78,True,00000000-0000-0000-0000-000000001671,75
5746,user_5746,2020-08-27,6742.94,False,00000000-0000-0000-0000-000000001672,49
5747,user_5747,2020-08-27,9799.55,False,00000000-0000-0000-0000-000000001673,60
5748,user_5748,2020-08-27,9856.01,False,00000000-0000-0000-0000-000000001674,39
5749,user_5749,2020-08-27,6866.79,True,00000000-0000-0000-0000-000000001675,2
5750,user_5750,2020-08-27,2436.15,True,00000000-0000-0000-0000-000000001676,81
5751,user_5751,2020-08-27,7985.56,True,00000000-0000-0000-0000-000000001677,6
5752,user_5752,2020-08-27,1070.29,True,00000000-0000-0000-0000-000000001678,30
5753,user_5753,2020-08-27,7806.99,False,00000000-0000-0000-0000-000000001679,64
5754,user_5754,2020-08-27,9101.96,False,00000000-0000-0000-0000-00000000167a,94
5755,user_5755,2020-08-27,3828.33,True,00000000-0000-0000-0000-00000000167b,63
5756,user_5756,2020-08-27,6306.35,True,00000000-0000-0000-0000-00000000167c,76
5757,user_5757,2020-08-27,4301.43,False,00000000-0000-0000-0000-00000000167d,92
5758,user_5758,2020-08-27,4377.65,False,00000000-0000-0000-0000-00000000167e,2
5759,user_5759,2020-08-27,3103.71,False,00000000-0000-0000-0000-00000000167f,92
5760,user_5760,2020-08-28,7621.3,False,00000000-0000-0000-0000-000000001680,34
5761,user_5761,2020-08-28,9361.77,False,00000000-0000-0000-0000-000000001681,14
5762,user_5762,2020-08-28,9407.51,False,00000000-0000-0000-0000-000000001682,20
5763,user_5763,2020-08-28,1747.81,False,00000000-0000-0000-0000-000000001683,61
5764,user_5764,2020-08-28,8747.44,True,00000000-0000-0000-0000-000000001684,82
5765,user_5765,2020-08-28,7374.31,True,00000000-0000-0000-0000-000000001685,27
5766,user_5766,2020-08-28,2528.37,False,00000000-0000-0000-0000-000000001686,3
5767,user_5767,2020-08-28,672.85,True,00000000-0000-0000-0000-000000001687,12
5768,user_5768,2020-08-28,2679.97,False,00000000-0000-0000-0000-000000001688,78
5769,user_5769,2020-08-28,9122.08,True,00000000-0000-0000-0000-000000001689,50
5770,user_5770,2020-08-28,6331.79,False,00000000-0000-0000-0000-00000000168a,47
5771,user_5771,2020-08-28,7210.55,True,00000000-0000-0000-0000-00000000168b,38
5772,user_5772,2020-08-28,2571.52,False,00000000-0000-0000-0000-00000000168c,95
5773,user_5773,2020-08-28,7193.88,True,00000000-0000-0000-0000-00000000168d,66
5774,user_5774,2020-08-28,281.22,True,00000000-0000-0000-0000-00000000168e,93
5775,user_5775,2020-08-28,3753.21,False,00000000-0000-0000-0000-00000000168f,57
5776,user_5776,2020-08-28,6267.53,False,00000000-0000-0000-0000-000000001690,83
5777,user_5777,2020-08-28,1460.97,False,00000000-0000-0000-0000-000000001691,1
5778,user_5778,2020-08-28,8230.04,True,00000000-0000-0000-0000-000000001692,24
5779,user_5779,2020-08-28,2350.31,True,00000000-0000-0000-0000-000000001693,10
5780,user_5780,2020-08-28,6522.81,True,00000000-0000-0000-0000-000000001694,0
5781,user_5781,2020-08-28,4051.97,True,00000000-0000-0000-0000-000000001695,47
5782,user_5782,2020-08-28,5960.44,False,00000000-0000-0000-0000-000000001696,47
5783,user_5783,2020-08-28,1074.51,False,00000000-0000-0000-0000-000000001697,9
5784,user_5784,2020-08-29,169.13,True,00000000-0000-0000-0000-000000001698,80
5785,user_5785,2020-08-29,9095.64,False,00000000-0000-0000-0000-000000001699,29
5786,user_5786,2020-08-29,2696.3,False,00000000-0000-0000-0000-00000000169a,34
5787,user_5787,2020-08-29,8196.77,False,00000000-0000-0000-0000-00000000169b,18
5788,user_5788,2020-08-29,9993.5,False,00000000-0000-0000-0000-00000000169c,52
5789,user_5789,2020-08-29,2114.31,True,00000000-0000-0000-0000-00000000169d,33
5790,user_5790,2020-08-29,2651.71,False,00000000-0000-0000-0000-00000000169e,31
5791,user_5791,2020-08-29,6628.6,False,00000000-0000-0000-0000-00000000169f,75
5792,user_5792,2020-08-29,9654.49,False,00000000-0000-0000-0000-0000000016a0,80
5793,user_5793,2020-08-29,9158.14,True,00000000-0000-0000-0000-0000000016a1,5
5794,user_5794,2020-08-29,5028.76,False,00000000-0000-0000-0000-0000000016a2,12
5795,user_5795,2020-08-29,7951.1,True,00000000-0000-0000-0000-0000000016a3,85
5796,user_5796,2020-08-29,1357.46,True,00000000-0000-0000-0000-0000000016a4,74
5797,user_5797,2020-08-29,9774.38,False,00000000-0000-0000-0000-0000000016a5,63
5798,user_5798,2020-08-29,9643.53,False,00000000-0000-0000-0000-0000000016a6,6
5799,user_5799,2020-08-29,1637.29,True,00000000-0000-0000-0000-0000000016a7,44
5800,user_5800,2020-08-29,2994.23,True,00000000-0000-0000-0000-0000000016a8,44
5801,user_5801,2020-08-29,1001.55,True,00000000-0000-0000-0000-0000000016a9,84
5802,user_5802,2020-08-29,2717.18,True,00000000-0000-0000-0000-0000000016aa,64
5803,user_5803,2020-08-29,8159.56,False,00000000-0000-0000-0000-0000000016ab,93
5804,user_5804,2020-08-29,3783.16,True,00000000-0000-0000-0000-0000000016ac,18
5805,user_5805,2020-08-29,883.97,False,00000000-0000-0000-0000-0000000016ad,46
5806,user_5806,2020-08-29,3422.26,False,00000000-0000-0000-0000-0000000016ae,45
5807,user_5807,2020-08-29,9813.83,True,00000000-0000-0000-0000-0000000016af,28
5808,user_5808,2020-08-30,6296.84,False,00000000-0000-0000-0000-0000000016b0,98
5809,user_5809,2020-08-30,4161.61,True,00000000-0000-0000-0000-0000000016b1,83
5810,user_5810,2020-08-30,1665.39,True,00000000-0000-0000-0000-0000000016b2,99
5811,user_5811,2020-08-30,9861.77,True,00000000-0000-0000-0000-0000000016b3,60
5812,user_5812,2020-08-30,8208.49,False,00000000-0000-0000-0000-0000000016b4,64
5813,user_5813,2020-08-30,2814.77,False,00000000-0000-0000-0000-0000000016b5,22
5814,user_5814,2020-08-30,700.69,True,00000000-0000-0000-0000-0000000016b6,94
5815,user_5815,2020-08-30,566.26,False,00000000-0000-0000-0000-0000000016b7,50
5816,user_5816,2020-08-30,1203.78,False,00000000-0000-0000-0000-0000000016b8,62
5817,user_5817,2020-08-30,5807.69,False,00000000-0000-0000-0000-0000000016b9,98
5818,user_5818,2020-08-30,9287.63,False,00000000-0000-0000-0000-0000000016ba,21
5819,user_5819,2020-08-30,4967.43,False,00000000-0000-0000-0000-0000000016bb,70
5820,user_5820,2020-08-30,8429.45,True,00000000-0000-0000-0000-0000000016bc,32
5821,user_5821,2020-08-30,4458.87,False,00000000-0000-0000-0000-0000000016bd,99
5822,user_5822,2020-08-30,7085.84,False,00000000-0000-0000-0000-0000000016be,43
5823,user_5823,2020-08-30,7318.73,True,00000000-0000-0000-0000-0000000016bf,6
5824,user_5824,2020-08-30,1739.64,False,00000000-0000-0000-0000-0000000016c0,90
5825,user_5825,2020-08-30,3612.16,False,00000000-0000-0000-0000-0000000016c1,1
5826,user_5826,2020-08-30,6373.02,False,00000000-0000-0000-0000-0000000016c2,16
5827,user_5827,2020-08-30,706.97,True,00000000-0000-0000-0000-0000000016c3,64
5828,user_5828,2020-08-30,3615.4,False,00000000-0000-0000-0000-0000000016c4,57
5829,user_5829,2020-08-30,5347.99,False,00000000-0000-0000-0000-0000000016c5,29
5830,user_5830,2020-08-30,9962.24,True,00000000-0000-0000-0000-0000000016c6,85
5831,user_5831,2020-08-30,4745.34,True,00000000-0000-0000-0000-0000000016c7,91
5832,user_5832,2020-08-31,8160.57,False,00000000-0000-0000-0000-0000000016c8,96
5833,user_5833,2020-08-31,4320.67,True,00000000-0000-0000-0000-0000000016c9,25
5834,user_5834,2020-08-31,7963.91,True,00000000-0000-0000-0000-0000000016ca,34
5835,user_5835,2020-08-31,5954.15,True,00000000-0000-0000-0000-0000000016cb,62
5836,user_5836,2020-08-31,8865.95,False,00000000-0000-0000-0000-0000000016cc,74
5837,user_5837,2020-08-31,4109.43,False,00000000-0000-0000-0000-0000000016cd,70
5838,user_5838,2020-08-31,6043.04,True,00000000-0000-0000-0000-0000000016ce,27
5839,user_5839,2020-08-31,6300.19,True,00000000-0000-0000-0000-0000000016cf,24
5840,user_5840,2020-08-31,4173.83,True,00000000-0000-0000-0000-0000000016d0,60
5841,user_5841,2020-08-31,1443.12,True,00000000-0000-0000-0000-0000000016d1,30
5842,user_5842,2020-08-31,935.59,False,00000000-0000-0000-0000-0000000016d2,53
5843,user_5843,2020-08-31,166.72,True,00000000-0000-0000-0000-0000000016d3,66
5844,user_5844,2020-08-31,8735.34,False,00000000-0000-0000-0000-0000000016d4,96
5845,user_5845,2020-08-31,2364.75,True,00000000-0000-0000-0000-0000000016d5,50
5846,user_5846,2020-08-31,2115.07,False,00000000-0000-0000-0000-0000000016d6,57
5847,user_5847,2020-08-31,7360.35,False,00000000-0000-0000-0000-0000000016d7,33
5848,user_5848,2020-08-31,3200.16,True,00000000-0000-0000-0000-0000000016d8,58
5849,user_5849,2020-08-31,5060.45,False,00000000-0000-0000-0000-0000000016d9,20
5850,user_5850,2020-08-31,1625.11,False,00000000-0000-0000-0000-0000000016da,55
5851,user_5851,2020-08-31,9597.46,False,00000000-0000-0000-0000-0000000016db,36
5852,user_5852,2020-08-31,8515.81,True,00000000-0000-0000-0000-0000000016dc,63
5853,user_5853,2020-08-31,8637.9,False,00000000-0000-0000-0000-0000000016dd,18
5854,user_5854,2020-08-31,4067.74,False,00000000-0000-0000-0000-0000000016de,84
5855,user_5855,2020-08-31,7623.61,True,00000000-0000-0000-0000-0000000016df,77
5856,user_5856,2020-09-01,1438.76,True,00000000-0000-0000-0000-0000000016e0,73
5857,user_5857,2020-09-01,86.19,False,00000000-0000-0000-0000-0000000016e1,52
5858,user_5858,2020-09-01,199.73,False,00000000-0000-0000-0000-0000000016e2,70
5859,user_5859,2020-09-01,5866.02,True,00000000-0000-0000-0000-0000000016e3,92
5860,user_5860,2020-09-01,4553.95,True,00000000-0000-0000-0000-0000000016e4,62
5861,user_5861,2020-09-01,5180.15,False,00000000-0000-0000-0000-0000000016e5,61
5862,user_5862,2020-09-01,74.63,False,00000000-0000-0000-0000-0000000016e6,71
5863,user_5863,2020-09-01,4226.87,True,00000000-0000-0000-0000-0000000016e7,76
5864,user_5864,2020-09-01,7180.68,True,00000000-0000-0000-0000-0000000016e8,18
5865,user_5865,2020-09-01,4426.94,False,00000000-0000-0000-0000-0000000016e9,74
5866,user_5866,2020-09-01,7322.19,False,00000000-0000-0000-0000-0000000016ea,1
5867,user_5867,2020-09-01,2330.19,True,00000000-0000-0000-0000-0000000016eb,5
5868,user_5868,2020-09-01,8131.42,False,00000000-0000-0000-0000-0000000016ec,28
5869,user_5869,2020-09-01,5884.31,False,00000000-0000-0000-0000-0000000016ed,40
5870,user_5870,2020-09-01,2107.63,False,00000000-0000-0000-0000-0000000016ee,50
5871,user_5871,2020-09-01,2367.2,False,00000000-0000-0000-0000-0000000016ef,4
5872,user_5872,2020-09-01,6280.3,True,00000000-0000-0000-0000-0000000016f0,40
5873,user_5873,2020-09-01,8299.4,True,00000000-0000-0000-0000-0000000016f1,61
5874,user_5874,2020-09-01,4156.28,False,00000000-0000-0000-0000-0000000016f2,29
5875,user_5875,2020-09-01,2583.0,False,00000000-0000-0000-0000-0000000016f3,61
5876,user_5876,2020-09-01,8670.12,False,00000000-0000-0000-0000-0000000016f4,99
5877,user_5877,2020-09-01,6692.68,False,00000000-0000-0000-0000-0000000016f5,26
5878,user_5878,2020-09-01,4480.85,True,00000000-0000-0000-0000-0000000016f6,49
5879,user_5879,2020-09-01,4879.0,False,00000000-0000-0000-0000-0000000016f7,81
5880,user_5880,2020-09-02,2042.56,False,00000000-0000-0000-0000-0000000016f8,51
5881,user_5881,2020-09-02,6268.03,True,00000000-0000-0000-0000-0000000016f9,48
5882,user_5882,2020-09-02,3587.43,True,00000000-0000-0000-0000-0000000016fa,61
5883,user_5883,2020-09-02,9956.45,False,00000000-0000-0000-0000-0000000016fb,99
5884,user_5884,2020-09-02,4801.84,True,00000000-0000-0000-0000-0000000016fc,59
5885,user_5885,2020-09-02,4858.86,True,00000000-0000-0000-0000-0000000016fd,79
5886,user_5886,2020-09-02,5658.52,False,00000000-0000-0000-0000-0000000016fe,53
5887,user_5887,2020-09-02,9167.56,False,00000000-0000-0000-0000-0000000016ff,4
5888,user_5888,2020-09-02,8008.18,True,00000000-0000-0000-0000-000000001700,8
5889,user_5889,2020-09-02,4511.3,False,00000000-0000-0000-0000-000000001701,33
5890,user_5890,2020-09-02,7186.99,True,00000000-0000-0000-0000-000000001702,97
5891,user_5891,2020-09-02,5862.35,True,00000000-0000-0000-0000-000000001703,35
5892,user_5892,2020-09-02,4923.67,True,00000000-0000-0000-0000-000000001704,94
5893,user_5893,2020-09-02,1923.16,False,00000000-0000-0000-0000-000000001705,19
5894,user_5894,2020-09-02,4639.36,False,00000000-0000-0000-0000-000000001706,80
5895,user_5895,2020-09-02,2458.19,True,00000000-0000-0000-0000-000000001707,83
5896,user_5896,2020-09-02,9148.42,True,00000000-0000-0000-0000-000000001708,91
5897,user_5897,2020-09-02,3354.07,False,00000000-0000-0000-0000-000000001709,84
5898,user_5898,2020-09-02,9522.64,True,00000000-0000-0000-0000-00000000170a,82
5899,user_5899,2020-09-02,5330.55,True,00000000-0000-0000-0000-00000000170b,62
5900,user_5900,2020-09-02,6315.44,False,00000000-0000-0000-0000-00000000170c,66
5901,user_5901,2020-09-02,5429.4,False,00000000-0000-0000-0000-00000000170d,29
5902,user_5902,2020-09-02,1293.81,False,00000000-0000-0000-0000-00000000170e,68
5903,user_5903,2020-09-02,3758.21,False,00000000-0000-0000-0000-00000000170f,69
5904,user_5904,2020-09-03,991.46,True,00000000-0000-0000-0000-000000001710,2
5905,user_5905,2020-09-03,6229.54,False,00000000-0000-0000-0000-000000001711,48
5906,user_5906,2020-09-03,4468.74,False,00000000-0000-0000-0000-000000001712,41
5907,user_5907,2020-09-03,7779.85,True,00000000-0000-0000-0000-000000001713,23
5908,user_5908,2020-09-03,2204.7,True,00000000-0000-0000-0000-000000001714,43
5909,user_5909,2020-09-03,1645.66,True,00000000-0000-0000-0000-000000001715,0
5910,user_5910,2020-09-03,4063.32,False,00000000-0000-0000-0000-000000001716,53
5911,user_5911,2020-09-03,9265.85,True,00000000-0000-0000-0000-000000001717,51
5912,user_5912,2020-09-03,7104.22,False,00000000-0000-0000-0000-000000001718,35
5913,user_5913,2020-09-03,4189.24,True,00000000-0000-0000-0000-000000001719,78
5914,user_5914,2020-09-03,5172.72,False,00000000-0000-0000-0000-00000000171a,37
5915,user_5915,2020-09-03,842.13,True,00000000-0000-0000-0000-00000000171b,43
5916,user_5916,2020-09-03,9845.76,False,00000000-0000-0000-0000-00000000171c,81
5917,user_5917,2020-09-03,6664.07,False,00000000-0000-0000-0000-00000000171d,86
5918,user_5918,2020-09-03,2854.04,True,00000000-0000-0000-0000-00000000171e,46
5919,user_5919,2020-09-03,5858.08,True,00000000-0000-0000-0000-00000000171f,28
5920,user_5920,2020-09-03,1094.82,False,00000000-0000-0000-0000-000000001720,50
5921,user_5921,2020-09-03,9658.37,True,00000000-0000-0000-0000-000000001721,40
5922,user_5922,2020-09-03,1747.85,False,00000000-0000-0000-0000-000000001722,85
5923,user_5923,2020-09-03,6480.3,False,00000000-0000-0000-0000-000000001723,63
5924,user_5924,2020-09-03,2454.54,False,00000000-0000-0000-0000-000000001724,87
5925,user_5925,2020-09-03,7175.61,True,00000000-0000-0000-0000-000000001725,47
5926,user_5926,2020-09-03,7768.21,False,00000000-0000-0000-0000-000000001726,76
5927,user_5927,2020-09-03,6734.2,False,00000000-0000-0000-0000-000000001727,96
5928,user_5928,2020-09-04,6144.99,False,00000000-0000-0000-0000-000000001728,21
5929,user_5929,2020-09-04,8924.69,False,00000000-0000-0000-0000-000000001729,98
5930,user_5930,2020-09-04,786.27,True,00000000-0000-0000-0000-00000000172a,16
5931,user_5931,2020-09-04,3309.15,True,00000000-0000-0000-0000-00000000172b,85
5932,user_5932,2020-09-04,2482.87,False,00000000-0000-0000-0000-00000000172c,4
5933,user_5933,2020-09-04,9880.14,True,00000000-0000-0000-0000-00000000172d,60
5934,user_5934,2020-09-04,3893.9,True,00000000-0000-0000-0000-00000000172e,88
5935,user_5935,2020-09-04,7326.13,False,00000000-0000-0000-0000-00000000172f,5
5936,user_5936,2020-09-04,6847.25,True,00000000-0000-0000-0000-000000001730,52
5937,user_5937,2020-09-04,2120.81,True,00000000-0000-0000-0000-000000001731,80
5938,user_5938,2020-09-04,2389.98,True,00000000-0000-0000-0000-000000001732,94
5939,user_5939,2020-09-04,2812.85,True,00000000-0000-0000-0000-000000001733,16
5940,user_5940,2020-09-04,4111.27,True,00000000-0000-0000-0000-000000001734,58
5941,user_5941,2020-09-04,2343.25,True,00000000-0000-0000-0000-000000001735,96
5942,user_5942,2020-09-04,196.51,False,00000000-0000-0000-0000-000000001736,38
5943,user_5943,2020-09-04,8793.93,True,00000000-0000-0000-0000-000000001737,53
5944,user_5944,2020-09-04,9656.1,False,00000000-0000-0000-0000-000000001738,47
5945,user_5945,2020-09-04,3415.7,False,00000000-0000-0000-0000-000000001739,36
5946,user_5946,2020-09-04,3385.07,False,00000000-0000-0000-0000-00000000173a,47
5947,user_5947,2020-09-04,70.92,True,00000000-0000-0000-0000-00000000173b,67
5948,user_5948,2020-09-04,6802.51,True,00000000-0000-0000-0000-00000000173c,77
5949,user_5949,2020-09-04,8254.4,False,00000000-0000-0000-0000-00000000173d,76
5950,user_5950,2020-09-04,1466.08,False,00000000-0000-0000-0000-00000000173e,26
5951,user_5951,2020-09-04,1596.66,False,00000000-0000-0000-0000-00000000173f,87
5952,user_5952,2020-09-05,7900.83,True,00000000-0000-0000-0000-000000001740,26
5953,user_5953,2020-09-05,6162.91,True,00000000-0000-0000-0000-000000001741,71
5954,user_5954,2020-09-05,448.61,True,00000000-0000-0000-0000-000000001742,62
5955,user_5955,2020-09-05,6225.47,False,00000000-0000-0000-0000-000000001743,51
5956,user_5956,2020-09-05,3089.18,True,00000000-0000-0000-0000-000000001744,46
5957,user_5957,2020-09-05,3687.25,True,00000000-0000-0000-0000-000000001745,20
5958,user_5958,2020-09-05,7697.31,False,00000000-0000-0000-0000-000000001746,56
5959,user_5959,2020-09-05,8109.35,True,00000000-0000-0000-0000-000000001747,74
5960,user_5960,2020-09-05,4003.57,False,00000000-0000-0000-0000-000000001748,94
5961,user_5961,2020-09-05,9471.53,True,00000000-0000-0000-0000-000000001749,90
5962,user_5962,2020-09-05,4064.63,False,00000000-0000-0000-0000-00000000174a,41
5963,user_5963,2020-09-05,7718.36,True,00000000-0000-0000-0000-00000000174b,47
5964,user_5964,2020-09-05,4838.77,False,00000000-0000-0000-0000-00000000174c,26
5965,user_5965,2020-09-05,8975.32,True,00000000-0000-0000-0000-00000000174d,71
5966,user_5966,2020-09-05,9077.61,False,00000000-0000-0000-0000-00000000174e,32
5967,user_5967,2020-09-05,874.17,False,00000000-0000-0000-0000-00000000174f,75
5968,user_5968,2020-09-05,9364.93,True,00000000-0000-0000-0000-000000001750,34
5969,user_5969,2020-09-05,8255.35,True,00000000-0000-0000-0000-000000001751,97
5970,user_5970,2020-09-05,7913.11,False,00000000-0000-0000-0000-000000001752,15
5971,user_5971,2020-09-05,2009.11,True,00000000-0000-0000-0000-000000001753,35
5972,user_5972,2020-09-05,8051.19,False,00000000-0000-0000-0000-000000001754,65
5973,user_5973,2020-09-05,8501.33,False,00000000-0000-0000-0000-000000001755,75
5974,user_5974,2020-09-05,2891.5,True,00000000-0000-0000-0000-000000001756,90
5975,user_5975,2020-09-05,9522.6,True,00000000-0000-0000-0000-000000001757,55
5976,user_5976,2020-09-06,498.6,True,00000000-0000-0000-0000-000000001758,16
5977,user_5977,2020-09-06,1499.09,False,00000000-0000-0000-0000-000000001759,19
5978,user_5978,2020-09-06,5375.81,False,00000000-0000-0000-0000-00000000175a,84
5979,user_5979,2020-09-06,5757.92,True,00000000-0000-0000-0000-00000000175b,93
5980,user_5980,2020-09-06,6451.5,False,00000000-0000-0000-0000-00000000175c,83
5981,user_5981,2020-09-06,169.69,False,00000000-0000-0000-0000-00000000175d,7
5982,user_5982,2020-09-06,9603.67,True,00000000-0000-0000-0000-00000000175e,17
5983,user_5983,2020-09-06,445.88,False,00000000-0000-0000-0000-00000000175f,17
5984,user_5984,2020-09-06,1430.62,False,00000000-0000-0000-0000-000000001760,17
5985,user_5985,2020-09-06,140.15,False,00000000-0000-0000-0000-000000001761,1
5986,user_5986,2020-09-06,5668.58,True,00000000-0000-0000-0000-000000001762,75
5987,user_5987,2020-09-06,9322.67,True,00000000-0000-0000-0000-000000001763,95
5988,user_5988,2020-09-06,6659.47,False,00000000-0000-0000-0000-000000001764,71
5989,user_5989,2020-09-06,8226.57,True,00000000-0000-0000-0000-000000001765,50
5990,user_5990,2020-09-06,132.81,False,00000000-0000-0000-0000-000000001766,9
5991,user_5991,2020-09-06,5420.15,True,00000000-0000-0000-0000-000000001767,74
5992,user_5992,2020-09-06,4595.63,False,00000000-0000-0000-0000-000000001768,13
5993,user_5993,2020-09-06,4989.68,False,00000000-0000-0000-0000-000000001769,25
5994,user_5994,2020-09-06,722.13,False,00000000-0000-0000-0000-00000000176a,46
5995,user_5995,2020-09-06,6844.35,False,00000000-0000-0000-0000-00000000176b,29
5996,user_5996,2020-09-06,5032.2,True,00000000-0000-0000-0000-00000000176c,55
5997,user_5997,2020-09-06,7651.49,False,00000000-0000-0000-0000-00000000176d,41
5998,user_5998,2020-09-06,4852.91,False,00000000-0000-0000-0000-00000000176e,3
5999,user_5999,2020-09-06,1493.82,True,00000000-0000-0000-0000-00000000176f,10
6000,user_6000,2020-09-07,6482.57,True,00000000-0000-0000-0000-000000001770,23
6001,user_6001,2020-09-07,1723.86,False,00000000-0000-0000-0000-000000001771,85
6002,user_6002,2020-09-07,8723.95,False,00000000-0000-0000-0000-000000001772,66
6003,user_6003,2020-09-07,6131.16,True,00000000-0000-0000-0000-000000001773,36
6004,user_6004,2020-09-07,1572.04,False,00000000-0000-0000-0000-000000001774,1
6005,user_6005,2020-09-07,9623.38,False,00000000-0000-0000-0000-000000001775,11
6006,user_6006,2020-09-07,5183.65,False,00000000-0000-0000-0000-000000001776,20
6007,user_6007,2020-09-07,728.98,False,00000000-0000-0000-0000-000000001777,68
6008,user_6008,2020-09-07,6268.33,False,00000000-0000-0000-0000-000000001778,70
6009,user_6009,2020-09-07,2531.99,False,00000000-0000-0000-0000-000000001779,63
6010,user_6010,2020-09-07,8036.93,False,00000000-0000-0000-0000-00000000177a,67
6011,user_6011,2020-09-07,8178.22,False,00000000-0000-0000-0000-00000000177b,42
6012,user_6012,2020-09-07,9789.47,False,00000000-0000-0000-0000-00000000177c,53
6013,user_6013,2020-09-07,5018.7,True,00000000-0000-0000-0000-00000000177d,99
6014,user_6014,2020-09-07,4549.57,True,00000000-0000-0000-0000-00000000177e,61
6015,user_6015,2020-09-07,7534.76,True,00000000-0000-0000-0000-00000000177f,85
6016,user_6016,2020-09-07,1324.71,False,00000000-0000-0000-0000-000000001780,92
6017,user_6017,2020-09-07,5469.16,False,00000000-0000-0000-0000-000000001781,72
6018,user_6018,2020-09-07,5462.48,False,00000000-0000-0000-0000-000000001782,89
6019,user_6019,2020-09-07,894.73,True,00000000-0000-0000-0000-000000001783,11
6020,user_6020,2020-09-07,4179.84,True,00000000-0000-0000-0000-000000001784,0
6021,user_6021,2020-09-07,8532.85,False,00000000-0000-0000-0000-000000001785,71
6022,user_6022,2020-09-07,8561.54,True,00000000-0000-0000-0000-000000001786,32
6023,user_6023,2020-09-07,992.38,True,00000000-0000-0000-0000-000000001787,63
6024,user_6024,2020-09-08,907.21,False,00000000-0000-0000-0000-000000001788,67
6025,user_6025,2020-09-08,2626.95,False,00000000-0000-0000-0000-000000001789,13
6026,user_6026,2020-09-08,8747.66,True,00000000-0000-0000-0000-00000000178a,92
6027,user_6027,2020-09-08,1289.03,False,00000000-0000-0000-0000-00000000178b,13
6028,user_6028,2020-09-08,7199.97,True,00000000-0000-0000-0000-00000000178c,8
6029,user_6029,2020-09-08,1011.66,True,00000000-0000-0000-0000-00000000178d,72
6030,user_6030,2020-09-08,6231.38,True,00000000-0000-0000-0000-00000000178e,25
6031,user_6031,2020-09-08,3560.67,False,00000000-0000-0000-0000-00000000178f,48
6032,user_6032,2020-09-08,7889.14,True,00000000-0000-0000-0000-000000001790,16
6033,user_6033,2020-09-08,2336.9,True,00000000-0000-0000-0000-000000001791,67
6034,user_6034,2020-09-08,6392.02,False,00000000-0000-0000-0000-000000001792,59
6035,user_6035,2020-09-08,2356.83,False,00000000-0000-0000-0000-000000001793,2
6036,user_6036,2020-09-08,7136.6,True,00000000-0000-0000-0000-000000001794,92
6037,user_6037,2020-09-08,8736.78,False,00000000-0000-0000-0000-000000001795,24
6038,user_6038,2020-09-08,1268.02,False,00000000-0000-0000-0000-000000001796,20
6039,user_6039,2020-09-08,8665.96,True,00000000-0000-0000-0000-000000001797,11
6040,user_6040,2020-09-08,5935.75,False,00000000-0000-0000-0000-000000001798,53
6041,user_6041,2020-09-08,1271.1,True,00000000-0000-0000-0000-000000001799,0
6042,user_6042,2020-09-08,4275.42,False,00000000-0000-0000-0000-00000000179a,0
6043,user_6043,2020-09-08,1608.6,False,00000000-0000-0000-0000-00000000179b,44
6044,user_6044,2020-09-08,7003.48,True,00000000-0000-0000-0000-00000000179c,45
6045,user_6045,2020-09-08,7588.68,True,00000000-0000-0000-0000-00000000179d,47
6046,user_6046,2020-09-08,1057.97,False,00000000-0000-0000-0000-00000000179e,6
6047,user_6047,2020-09-08,5061.4,False,00000000-0000-0000-0000-00000000179f,9
6048,user_6048,2020-09-09,8146.25,False,00000000-0000-0000-0000-0000000017a0,14
6049,user_6049,2020-09-09,9361.63,True,00000000-0000-0000-0000-0000000017a1,39
6050,user_6050,2020-09-09,5135.18,False,00000000-0000-0000-0000-0000000017a2,10
6051,user_6051,2020-09-09,9502.79,True,00000000-0000-0000-0000-0000000017a3,55
6052,user_6052,2020-09-09,5356.89,False,00000000-0000-0000-0000-0000000017a4,45
6053,user_6053,2020-09-09,3941.9,False,00000000-0000-0000-0000-0000000017a5,44
6054,user_6054,2020-09-09,8482.03,False,00000000-0000-0000-0000-0000000017a6,86
6055,user_6055,2020-09-09,4929.83,False,00000000-0000-0000-0000-0000000017a7,12
6056,user_6056,2020-09-09,4719.03,False,00000000-0000-0000-0000-0000000017a8,26
6057,user_6057,2020-09-09,4903.12,True,00000000-0000-0000-0000-0000000017a9,80
6058,user_6058,2020-09-09,8467.85,True,00000000-0000-0000-0000-0000000017aa,49
6059,user_6059,2020-09-09,8319.42,True,00000000-0000-0000-0000-0000000017ab,60
6060,user_6060,2020-09-09,4035.2,False,00000000-0000-0000-0000-0000000017ac,12
6061,user_6061,2020-09-09,3333.0,True,00000000-0000-0000-0000-0000000017ad,11
6062,user_6062,2020-09-09,4919.28,True,00000000-0000-0000-0000-0000000017ae,28
6063,user_6063,2020-09-09,5727.73,False,00000000-0000-0000-0000-0000000017af,84
6064,user_6064,2020-09-09,2383.37,False,00000000-0000-0000-0000-0000000017b0,83
6065,user_6065,2020-09-09,7939.55,True,00000000-0000-0000-0000-0000000017b1,19
6066,user_6066,2020-09-09,4864.83,True,00000000-0000-0000-0000-0000000017b2,30
6067,user_6067,2020-09-09,3340.46,True,00000000-0000-0000-0000-0000000017b3,7
6068,user_6068,2020-09-09,1068.21,True,00000000-0000-0000-0000-0000000017b4,23
6069,user_6069,2020-09-09,2388.45,True,00000000-0000-0000-0000-0000000017b5,74
6070,user_6070,2020-09-09,9492.81,True,00000000-0000-0000-0000-0000000017b6,38
6071,user_6071,2020-09-09,3051.0,True,00000000-0000-0000-0000-0000000017b7,32
6072,user_6072,2020-09-10,1688.59,False,00000000-0000-0000-0000-0000000017b8,41
6073,user_6073,2020-09-10,4606.73,True,00000000-0000-0000-0000-0000000017b9,14
6074,user_6074,2020-09-10,3070.88,False,00000000-0000-0000-0000-0000000017ba,67
6075,user_6075,2020-09-10,351.59,False,00000000-0000-0000-0000-0000000017bb,64
6076,user_6076,2020-09-10,3231.45,False,00000000-0000-0000-0000-0000000017bc,31
6077,user_6077,2020-09-10,5441.09,True,00000000-0000-0000-0000-0000000017bd,10
6078,user_6078,2020-09-10,5517.12,True,00000000-0000-0000-0000-0000000017be,93
6079,user_6079,2020-09-10,3565.59,False,00000000-0000-0000-0000-0000000017bf,36
6080,user_6080,2020-09-10,4473.03,True,00000000-0000-0000-0000-0000000017c0,18
6081,user_6081,2020-09-10,9655.18,True,00000000-0000-0000-0000-0000000017c1,50
6082,user_6082,2020-09-10,3773.48,False,00000000-0000-0000-0000-0000000017c2,99
6083,user_6083,2020-09-10,2582.27,True,00000000-0000-0000-0000-0000000017c3,33
6084,user_6084,2020-09-10,2434.67,False,00000000-0000-0000-0000-0000000017c4,70
6085,user_6085,2020-09-10,4577.65,False,00000000-0000-0000-0000-0000000017c5,59
6086,user_6086,2020-09-10,7595.2,False,00000000-0000-0000-0000-0000000017c6,83
6087,user_6087,2020-09-10,2059.88,False,00000000-0000-0000-0000-0000000017c7,52
6088,user_6088,2020-09-10,7092.96,True,00000000-0000-0000-0000-0000000017c8,11
6089,user_6089,2020-09-10,211.5,False,00000000-0000-0000-0000-0000000017c9,61
6090,user_6090,2020-09-10,4189.33,True,00000000-0000-0000-0000-0000000017ca,95
6091,user_6091,2020-09-10,7758.65,True,00000000-0000-0000-0000-0000000017cb,65
6092,user_6092,2020-09-10,3387.33,True,00000000-0000-0000-0000-0000000017cc,85
6093,user_6093,2020-09-10,5637.37,True,00000000-0000-0000-0000-0000000017cd,47
6094,user_6094,2020-09-10,2049.79,False,00000000-0000-0000-0000-0000000017ce,39
6095,user_6095,2020-09-10,7419.95,False,00000000-0000-0000-0000-0000000017cf,23
6096,user_6096,2020-09-11,522.79,False,00000000-0000-0000-0000-0000000017d0,49
6097,user_6097,2020-09-11,8525.43,False,00000000-0000-0000-0000-0000000017d1,94
6098,user_6098,2020-09-11,1981.96,False,00000000-0000-0000-0000-0000000017d2,67
6099,user_6099,2020-09-11,8743.98,True,00000000-0000-0000-0000-0000000017d3,87
6100,user_6100,2020-09-11,3525.29,False,00000000-0000-0000-0000-0000000017d4,42
6101,user_6101,2020-09-11,7226.84,True,00000000-0000-0000-0000-0000000017d5,16
6102,user_6102,2020-09-11,3192.25,True,00000000-0000-0000-0000-0000000017d6,82
6103,user_6103,2020-09-11,9059.12,False,00000000-0000-0000-0000-0000000017d7,54
6104,user_6104,2020-09-11,1266.37,True,00000000-0000-0000-0000-0000000017d8,33
6105,user_6105,2020-09-11,1785.2,True,00000000-0000-0000-0000-0000000017d9,96
6106,user_6106,2020-09-11,4930.3,False,00000000-0000-0000-0000-0000000017da,69
6107,user_6107,2020-09-11,819.38,False,00000000-0000-0000-0000-0000000017db,59
6108,user_6108,2020-09-11,1959.8,False,00000000-0000-0000-0000-0000000017dc,50
6109,user_6109,2020-09-11,9437.66,True,00000000-0000-0000-0000-0000000017dd,99
6110,user_6110,2020-09-11,9764.9,False,00000000-0000-0000-0000-0000000017de,76
6111,user_6111,2020-09-11,3762.59,False,00000000-0000-0000-0000-0000000017df,72
6112,user_6112,2020-09-11,9232.86,True,00000000-0000-0000-0000-0000000017e0,34
6113,user_6113,2020-09-11,5448.25,False,00000000-0000-0000-0000-0000000017e1,33
6114,user_6114,2020-09-11,2697.42,True,00000000-0000-0000-0000-0000000017e2,15
6115,user_6115,2020-09-11,7023.99,True,00000000-0000-0000-0000-0000000017e3,81
6116,user_6116,2020-09-11,6589.02,False,00000000-0000-0000-0000-0000000017e4,17
6117,user_6117,2020-09-11,9891.25,True,00000000-0000-0000-0000-0000000017e5,37
6118,user_6118,2020-09-11,2650.47,True,00000000-0000-0000-0000-0000000017e6,42
6119,user_6119,2020-09-11,6720.6,False,00000000-0000-0000-0000-0000000017e7,31
6120,user_6120,2020-09-12,520.24,False,00000000-0000-0000-0000-0000000017e8,6
6121,user_6121,2020-09-12,1136.46,False,00000000-0000-0000-0000-0000000017e9,86
6122,user_6122,2020-09-12,39.18,True,00000000-0000-0000-0000-0000000017ea,86
6123,user_6123,2020-09-12,9994.61,True,00000000-0000-0000-0000-0000000017eb,45
6124,user_6124,2020-09-12,8022.74,False,00000000-0000-0000-0000-0000000017ec,60
6125,user_6125,2020-09-12,7867.23,False,00000000-0000-0000-0000-0000000017ed,17
6126,user_6126,2020-09-12,5097.26,False,00000000-0000-0000-0000-0000000017ee,70
6127,user_6127,2020-09-12,3000.67,True,00000000-0000-0000-0000-0000000017ef,39
6128,user_6128,2020-09-12,1512.64,False,00000000-0000-0000-0000-0000000017f0,87
6129,user_6129,2020-09-12,2846.75,True,00000000-0000-0000-0000-0000000017f1,77
6130,user_6130,2020-09-12,3759.71,False,00000000-0000-0000-0000-0000000017f2,49
6131,user_6131,2020-09-12,7563.1,True,00000000-0000-0000-0000-0000000017f3,4
6132,user_6132,2020-09-12,5396.62,True,00000000-0000-0000-0000-0000000017f4,53
6133,user_6133,2020-09-12,774.84,False,00000000-0000-0000-0000-0000000017f5,85
6134,user_6134,2020-09-12,180.29,True,00000000-0000-0000-0000-0000000017f6,57
6135,user_6135,2020-09-12,1023.32,True,00000000-0000-0000-0000-0000000017f7,21
6136,user_6136,2020-09-12,4104.99,False,00000000-0000-0000-0000-0000000017f8,73
6137,user_6137,2020-09-12,9331.93,False,00000000-0000-0000-0000-0000000017f9,89
6138,user_6138,2020-09-12,6374.02,True,00000000-0000-0000-0000-0000000017fa,78
6139,user_6139,2020-09-12,8018.26,True,00000000-0000-0000-0000-0000000017fb,37
6140,user_6140,2020-09-12,4663.75,True,00000000-0000-0000-0000-0000000017fc,48
6141,user_6141,2020-09-12,3616.66,False,00000000-0000-0000-0000-0000000017fd,0
6142,user_6142,2020-09-12,1084.0,True,00000000-0000-0000-0000-0000000017fe,77
6143,user_6143,2020-09-12,8759.33,True,00000000-0000-0000-0000-0000000017ff,35
6144,user_6144,2020-09-13,7831.6,False,00000000-0000-0000-0000-000000001800,94
6145,user_6145,2020-09-13,1681.18,False,00000000-0000-0000-0000-000000001801,27
6146,user_6146,2020-09-13,5122.61,False,00000000-0000-0000-0000-000000001802,97
6147,user_6147,2020-09-13,4873.75,False,00000000-0000-0000-0000-000000001803,34
6148,user_6148,2020-09-13,6250.92,False,00000000-0000-0000-0000-000000001804,59
6149,user_6149,2020-09-13,9461.87,True,00000000-0000-0000-0000-000000001805,61
6150,user_6150,2020-09-13,5797.71,True,00000000-0000-0000-0000-000000001806,86
6151,user_6151,2020-09-13,5402.17,True,00000000-0000-0000-0000-000000001807,45
6152,user_6152,2020-09-13,503.23,False,00000000-0000-0000-0000-000000001808,82
6153,user_6153,2020-09-13,629.07,False,00000000-0000-0000-0000-000000001809,81
6154,user_6154,2020-09-13,1873.47,False,00000000-0000-0000-0000-00000000180a,78
6155,user_6155,2020-09-13,324.71,True,00000000-0000-0000-0000-00000000180b,60
6156,user_6156,2020-09-13,7433.53,False,00000000-0000-0000-0000-00000000180c,64
6157,user_6157,2020-09-13,7233.3,False,00000000-0000-0000-0000-00000000180d,88
6158,user_6158,2020-09-13,1360.56,False,00000000-0000-0000-0000-00000000180e,25
6159,user_6159,2020-09-13,8360.79,True,00000000-0000-0000-0000-00000000180f,34
6160,user_6160,2020-09-13,1547.86,False,00000000-0000-0000-0000-000000001810,56
6161,user_6161,2020-09-13,3011.76,False,00000000-0000-0000-0000-000000001811,78
6162,user_6162,2020-09-13,2489.77,True,00000000-0000-0000-0000-000000001812,62
6163,user_6163,2020-09-13,3723.07,False,00000000-0000-0000-0000-000000001813,3
6164,user_6164,2020-09-13,2546.64,False,00000000-0000-0000-0000-000000001814,78
6165,user_6165,2020-09-13,4889.51,False,00000000-0000-0000-0000-000000001815,41
6166,user_6166,2020-09-13,4074.08,True,00000000-0000-0000-0000-000000001816,44
6167,user_6167,2020-09-13,9865.69,False,00000000-0000-0000-0000-000000001817,38
6168,user_6168,2020-09-14,559.26,False,00000000-0000-0000-0000-000000001818,64
6169,user_6169,2020-09-14,1421.81,True,00000000-0000-0000-0000-000000001819,21
6170,user_6170,2020-09-14,528.26,True,00000000-0000-0000-0000-00000000181a,10
6171,user_6171,2020-09-14,6258.41,False,00000000-0000-0000-0000-00000000181b,36
6172,user_6172,2020-09-14,545.09,True,00000000-0000-0000-0000-00000000181c,89
6173,user_6173,2020-09-14,8364.4,False,00000000-0000-0000-0000-00000000181d,50
6174,user_6174,2020-09-14,5119.39,True,00000000-0000-0000-0000-00000000181e,90
6175,user_6175,2020-09-14,5270.08,False,00000000-0000-0000-0000-00000000181f,57
6176,user_6176,2020-09-14,5615.95,False,00000000-0000-0000-0000-000000001820,76
6177,user_6177,2020-09-14,1708.14,False,00000000-0000-0000-0000-000000001821,6
6178,user_6178,2020-09-14,1976.9,True,00000000-0000-0000-0000-000000001822,7
6179,user_6179,2020-09-14,3188.17,True,00000000-0000-0000-0000-000000001823,50
6180,user_6180,2020-09-14,5934.96,False,00000000-0000-0000-0000-000000001824,22
6181,user_6181,2020-09-14,2101.18,False,00000000-0000-0000-0000-000000001825,89
6182,user_6182,2020-09-14,1163.32,False,00000000-0000-0000-0000-000000001826,90
6183,user_6183,2020-09-14,9701.17,False,00000000-0000-0000-0000-000000001827,8
6184,user_6184,2020-09-14,219.82,True,00000000-0000-0000-0000-000000001828,45
6185,user_6185,2020-09-14,8026.97,True,00000000-0000-0000-0000-000000001829,37
6186,user_6186,2020-09-14,7880.35,False,00000000-0000-0000-0000-00000000182a,12
6187,user_6187,2020-09-14,2972.14,True,00000000-0000-0000-0000-00000000182b,6
6188,user_6188,2020-09-14,1356.27,True,00000000-0000-0000-0000-00000000182c,10
6189,user_6189,2020-09-14,1456.29,True,00000000-0000-0000-0000-00000000182d,73
6190,user_6190,2020-09-14,6974.32,False,00000000-0000-0000-0000-00000000182e,96
6191,user_6191,2020-09-14,6428.07,False,00000000-0000-0000-0000-00000000182f,49
6192,user_6192,2020-09-15,7827.46,True,00000000-0000-0000-0000-000000001830,66
6193,user_6193,2020-09-15,9374.81,True,00000000-0000-0000-0000-000000001831,40
6194,user_6194,2020-09-15,6919.27,False,00000000-0000-0000-0000-000000001832,28
6195,user_6195,2020-09-15,1558.52,False,00000000-0000-0000-0000-000000001833,36
6196,user_6196,2020-09-15,2434.43,False,00000000-0000-0000-0000-000000001834,55
6197,user_6197,2020-09-15,8421.94,True,00000000-0000-0000-0000-000000001835,79
6198,user_6198,2020-09-15,2093.06,True,00000000-0000-0000-0000-000000001836,15
6199,user_6199,2020-09-15,725.22,True,00000000-0000-0000-0000-000000001837,43
6200,user_6200,2020-09-15,7032.8,False,00000000-0000-0000-0000-000000001838,49
6201,user_6201,2020-09-15,4025.26,False,00000000-0000-0000-0000-000000001839,70
6202,user_6202,2020-09-15,9200.4,False,00000000-0000-0000-0000-00000000183a,78
6203,user_6203,2020-09-15,6502.55,False,00000000-0000-0000-0000-00000000183b,5
6204,user_6204,2020-09-15,904.19,False,00000000-0000-0000-0000-00000000183c,17
6205,user_6205,2020-09-15,9478.57,True,00000000-0000-0000-0000-00000000183d,18
6206,user_6206,2020-09-15,2585.57,True,00000000-0000-0000-0000-00000000183e,50
6207,user_6207,2020-09-15,3372.12,True,00000000-0000-0000-0000-00000000183f,65
6208,user_6208,2020-09-15,4022.6,False,00000000-0000-0000-0000-000000001840,2
6209,user_6209,2020-09-15,512.24,True,00000000-0000-0000-0000-000000001841,88
6210,user_6210,2020-09-15,4965.15,False,00000000-0000-0000-0000-000000001842,99
6211,user_6211,2020-09-15,1233.18,True,00000000-0000-0000-0000-000000001843,53
6212,user_6212,2020-09-15,4009.7,True,00000000-0000-0000-0000-000000001844,48
6213,user_6213,2020-09-15,3507.1,False,00000000-0000-0000-0000-000000001845,27
6214,user_6214,2020-09-15,7728.4,True,00000000-0000-0000-0000-000000001846,37
6215,user_6215,2020-09-15,8031.71,True,00000000-0000-0000-0000-000000001847,27
6216,user_6216,2020-09-16,1534.13,True,00000000-0000-0000-0000-000000001848,31
6217,user_6217,2020-09-16,3665.51,True,00000000-0000-0000-0000-000000001849,40
6218,user_6218,2020-09-16,3733.53,True,00000000-0000-0000-0000-00000000184a,35
6219,user_6219,2020-09-16,1514.1,True,00000000-0000-0000-0000-00000000184b,35
6220,user_6220,2020-09-16,7984.54,True,00000000-0000-0000-0000-00000000184c,86
6221,user_6221,2020-09-16,7072.28,False,00000000-0000-0000-0000-00000000184d,65
6222,user_6222,2020-09-16,1903.82,True,00000000-0000-0000-0000-00000000184e,9
6223,user_6223,2020-09-16,3667.22,False,00000000-0000-0000-0000-00000000184f,69
6224,user_6224,2020-09-16,1058.05,True,00000000-0000-0000-0000-000000001850,71
6225,user_6225,2020-09-16,6282.07,False,00000000-0000-0000-0000-000000001851,78
6226,user_6226,2020-09-16,1213.72,False,00000000-0000-0000-0000-000000001852,92
6227,user_6227,2020-09-16,9859.34,True,00000000-0000-0000-0000-000000001853,62
6228,user_6228,2020-09-16,7806.82,False,00000000-0000-0000-0000-000000001854,91
6229,user_6229,2020-09-16,3902.39,False,00000000-0000-0000-0000-000000001855,21
6230,user_6230,2020-09-16,5785.64,True,00000000-0000-0000-0000-000000001856,97
6231,user_6231,2020-09-16,9113.42,False,00000000-0000-0000-0000-000000001857,19
6232,user_6232,2020-09-16,5540.99,True,00000000-0000-0000-0000-000000001858,32
6233,user_6233,2020-09-16,1744.98,False,00000000-0000-0000-0000-000000001859,14
6234,user_6234,2020-09-16,3787.03,False,00000000-0000-0000-0000-00000000185a,6
6235,user_6235,2020-09-16,8431.45,False,00000000-0000-0000-0000-00000000185b,87
6236,user_6236,2020-09-16,6442.13,False,00000000-0000-0000-0000-00000000185c,89
6237,user_6237,2020-09-16,6507.24,True,00000000-0000-0000-0000-00000000185d,49
6238,user_6238,2020-09-16,8668.21,True,00000000-0000-0000-0000-00000000185e,9
6239,user_6239,2020-09-16,8939.73,True,00000000-0000-0000-0000-00000000185f,78
6240,user_6240,2020-09-17,9197.93,True,00000000-0000-0000-0000-000000001860,36
6241,user_6241,2020-09-17,948.49,True,00000000-0000-0000-0000-000000001861,58
6242,user_6242,2020-09-17,5441.26,False,00000000-0000-0000-0000-000000001862,87
6243,user_6243,2020-09-17,7405.1,True,00000000-0000-0000-0000-000000001863,74
6244,user_6244,2020-09-17,7569.27,False,00000000-0000-0000-0000-000000001864,62
6245,user_6245,2020-09-17,6067.16,True,00000000-0000-0000-0000-000000001865,20
6246,user_6246,2020-09-17,1667.87,True,00000000-0000-0000-0000-000000001866,78
6247,user_6247,2020-09-17,7974.21,True,00000000-0000-0000-0000-000000001867,78
6248,user_6248,2020-09-17,7201.11,True,00000000-0000-0000-0000-000000001868,36
6249,user_6249,2020-09-17,861.36,False,00000000-0000-0000-0000-000000001869,44
6250,user_6250,2020-09-17,4638.1,True,00000000-0000-0000-0000-00000000186a,13
6251,user_6251,2020-09-17,1739.77,False,00000000-0000-0000-0000-00000000186b,42
6252,user_6252,2020-09-17,3374.77,False,00000000-0000-0000-0000-00000000186c,84
6253,user_6253,2020-09-17,180.81,True,00000000-0000-0000-0000-00000000186d,83
6254,user_6254,2020-09-17,4003.3,False,00000000-0000-0000-0000-00000000186e,32
6255,user_6255,2020-09-17,5498.77,False,00000000-0000-0000-0000-00000000186f,2
6256,user_6256,2020-09-17,6195.83,True,00000000-0000-0000-0000-000000001870,86
6257,user_6257,2020-09-17,6634.9,False,00000000-0000-0000-0000-000000001871,43
6258,user_6258,2020-09-17,8362.91,True,00000000-0000-0000-0000-000000001872,86
6259,user_6259,2020-09-17,2154.63,True,00000000-0000-0000-0000-000000001873,90
6260,user_6260,2020-09-17,1204.82,False,00000000-0000-0000-0000-000000001874,34
6261,user_6261,2020-09-17,8515.37,False,00000000-0000-0000-0000-000000001875,24
6262,user_6262,2020-09-17,1566.13,False,00000000-0000-0000-0000-000000001876,95
6263,user_6263,2020-09-17,9747.6,False,00000000-0000-0000-0000-000000001877,85
6264,user_6264,2020-09-18,8425.38,False,00000000-0000-0000-0000-000000001878,7
6265,user_6265,2020-09-18,5008.77,False,00000000-0000-0000-0000-000000001879,61
6266,user_6266,2020-09-18,9814.21,False,00000000-0000-0000-0000-00000000187a,17
6267,user_6267,2020-09-18,973.77,True,00000000-0000-0000-0000-00000000187b,91
6268,user_6268,2020-09-18,3030.66,True,00000000-0000-0000-0000-00000000187c,27
6269,user_6269,2020-09-18,6382.24,True,00000000-0000-0000-0000-00000000187d,74
6270,user_6270,2020-09-18,3500.07,False,00000000-0000-0000-0000-00000000187e,11
6271,user_6271,2020-09-18,9283.73,False,00000000-0000-0000-0000-00000000187f,63
6272,user_6272,2020-09-18,656.26,False,00000000-0000-0000-0000-000000001880,1
6273,user_6273,2020-09-18,5494.12,True,00000000-0000-0000-0000-000000001881,58
6274,user_6274,2020-09-18,5908.66,True,00000000-0000-0000-0000-000000001882,36
6275,user_6275,2020-09-18,6527.28,True,00000000-0000-0000-0000-000000001883,3
6276,user_6276,2020-09-18,2556.66,False,00000000-0000-0000-0000-000000001884,40
6277,user_6277,2020-09-18,3645.66,True,00000000-0000-0000-0000-000000001885,44
6278,user_6278,2020-09-18,8436.81,True,00000000-0000-0000-0000-000000001886,33
6279,user_6279,2020-09-18,1949.43,False,00000000-0000-0000-0000-000000001887,86
6280,user_6280,2020-09-18,8268.68,True,00000000-0000-0000-0000-000000001888,12
6281,user_6281,2020-09-18,5626.55,True,00000000-0000-0000-0000-000000001889,6
6282,user_6282,2020-09-18,7621.88,True,00000000-0000-0000-0000-00000000188a,31
6283,user_6283,2020-09-18,7136.07,False,00000000-0000-0000-0000-00000000188b,22
6284,user_6284,2020-09-18,2075.11,True,00000000-0000-0000-0000-00000000188c,48
6285,user_6285,2020-09-18,5688.13,False,00000000-0000-0000-0000-00000000188d,71
6286,user_6286,2020-09-18,8677.23,False,00000000-0000-0000-0000-00000000188e,46
6287,user_6287,2020-09-18,4321.16,True,00000000-0000-0000-0000-00000000188f,36
6288,user_6288,2020-09-19,9665.91,True,00000000-0000-0000-0000-000000001890,97
6289,user_6289,2020-09-19,4522.15,False,00000000-0000-0000-0000-000000001891,47
6290,user_6290,2020-09-19,1427.86,False,00000000-0000-0000-0000-000000001892,28
6291,user_6291,2020-09-19,3894.35,False,00000000-0000-0000-0000-000000001893,36
6292,user_6292,2020-09-19,9517.02,False,00000000-0000-0000-0000-000000001894,22
6293,user_6293,2020-09-19,3197.21,False,00000000-0000-0000-0000-000000001895,37
6294,user_6294,2020-09-19,8680.98,True,00000000-0000-0000-0000-000000001896,92
6295,user_6295,2020-09-19,8812.51,False,00000000-0000-0000-0000-000000001897,43
6296,user_6296,2020-09-19,3501.87,True,00000000-0000-0000-0000-000000001898,4
6297,user_6297,2020-09-19,832.58,False,00000000-0000-0000-0000-000000001899,51
6298,user_6298,2020-09-19,7245.58,True,00000000-0000-0000-0000-00000000189a,39
6299,user_6299,2020-09-19,3115.12,False,00000000-0000-0000-0000-00000000189b,10
6300,user_6300,2020-09-19,7829.24,True,00000000-0000-0000-0000-00000000189c,77
6301,user_6301,2020-09-19,4426.55,True,00000000-0000-0000-0000-00000000189d,1
6302,user_6302,2020-09-19,4852.67,False,00000000-0000-0000-0000-00000000189e,34
6303,user_6303,2020-09-19,7779.09,False,00000000-0000-0000-0000-00000000189f,44
6304,user_6304,2020-09-19,3823.63,True,00000000-0000-0000-0000-0000000018a0,48
6305,user_6305,2020-09-19,4431.27,True,00000000-0000-0000-0000-0000000018a1,34
6306,user_6306,2020-09-19,3761.9,True,00000000-0000-0000-0000-0000000018a2,91
6307,user_6307,2020-09-19,3673.41,False,00000000-0000-0000-0000-0000000018a3,71
6308,user_6308,2020-09-19,5259.47,False,00000000-0000-0000-0000-0000000018a4,31
6309,user_6309,2020-09-19,8087.99,False,00000000-0000-0000-0000-0000000018a5,67
6310,user_6310,2020-09-19,3617.68,False,00000000-0000-0000-0000-0000000018a6,70
6311,user_6311,2020-09-19,5242.55,True,00000000-0000-0000-0000-0000000018a7,38
6312,user_6312,2020-09-20,6707.27,False,00000000-0000-0000-0000-0000000018a8,47
6313,user_6313,2020-09-20,2694.39,False,00000000-0000-0000-0000-0000000018a9,90
6314,user_6314,2020-09-20,2775.23,False,00000000-0000-0000-0000-0000000018aa,36
6315,user_6315,2020-09-20,9334.13,False,00000000-0000-0000-0000-0000000018ab,59
6316,user_6316,2020-09-20,7235.35,False,00000000-0000-0000-0000-0000000018ac,80
6317,user_6317,2020-09-20,5771.87,True,00000000-0000-0000-0000-0000000018ad,73
6318,user_6318,2020-09-20,6477.2,False,00000000-0000-0000-0000-0000000018ae,3
6319,user_6319,2020-09-20,292.99,True,00000000-0000-0000-0000-0000000018af,22
6320,user_6320,2020-09-20,6181.03,False,00000000-0000-0000-0000-0000000018b0,13
6321,user_6321,2020-09-20,5095.09,False,00000000-0000-0000-0000-0000000018b1,4
6322,user_6322,2020-09-20,5457.5,False,00000000-0000-0000-0000-0000000018b2,65
6323,user_6323,2020-09-20,3594.24,False,00000000-0000-0000-0000-0000000018b3,23
6324,user_6324,2020-09-20,814.74,True,00000000-0000-0000-0000-0000000018b4,17
6325,user_6325,2020-09-20,1933.39,True,00000000-0000-0000-0000-0000000018b5,26
6326,user_6326,2020-09-20,9507.45,False,00000000-0000-0000-0000-0000000018b6,23
6327,user_6327,2020-09-20,4087.0,True,00000000-0000-0000-0000-0000000018b7,28
6328,user_6328,2020-09-20,4666.83,True,00000000-0000-0000-0000-0000000018b8,10
6329,user_6329,2020-09-20,527.1,False,00000000-0000-0000-0000-0000000018b9,17
6330,user_6330,2020-09-20,375.66,True,00000000-0000-0000-0000-0000000018ba,3
6331,user_6331,2020-09-20,7171.81,True,00000000-0000-0000-0000-0000000018bb,32
6332,user_6332,2020-09-20,5380.95,False,00000000-0000-0000-0000-0000000018bc,77
6333,user_6333,2020-09-20,5087.06,False,00000000-0000-0000-0000-0000000018bd,41
6334,user_6334,2020-09-20,2431.25,True,00000000-0000-0000-0000-0000000018be,31
6335,user_6335,2020-09-20,7447.51,False,00000000-0000-0000-0000-0000000018bf,50
6336,user_6336,2020-09-21,1682.37,False,00000000-0000-0000-0000-0000000018c0,3
6337,user_6337,2020-09-21,1899.35,False,00000000-0000-0000-0000-0000000018c1,19
6338,user_6338,2020-09-21,4607.12,True,00000000-0000-0000-0000-0000000018c2,84
6339,user_6339,2020-09-21,2862.8,False,00000000-0000-0000-0000-0000000018c3,66
6340,user_6340,2020-09-21,2474.63,False,00000000-0000-0000-0000-0000000018c4,88
6341,user_6341,2020-09-21,6452.38,True,00000000-0000-0000-0000-0000000018c5,67
6342,user_6342,2020-09-21,6509.72,True,00000000-0000-0000-0000-0000000018c6,61
6343,user_6343,2020-09-21,8245.17,True,00000000-0000-0000-0000-0000000018c7,57
6344,user_6344,2020-09-21,4177.09,True,00000000-0000-0000-0000-0000000018c8,46
6345,user_6345,2020-09-21,730.85,True,00000000-0000-0000-0000-0000000018c9,74
6346,user_6346,2020-09-21,2736.66,False,00000000-0000-0000-0000-0000000018ca,79
6347,user_6347,2020-09-21,9800.05,True,00000000-0000-0000-0000-0000000018cb,58
6348,user_6348,2020-09-21,5962.59,False,00000000-0000-0000-0000-0000000018cc,99
6349,user_6349,2020-09-21,7097.37,True,00000000-0000-0000-0000-0000000018cd,5
6350,user_6350,2020-09-21,73.58,False,00000000-0000-0000-0000-0000000018ce,94
6351,user_6351,2020-09-21,5182.06,False,00000000-0000-0000-0000-0000000018cf,39
6352,user_6352,2020-09-21,375.29,True,00000000-0000-0000-0000-0000000018d0,76
6353,user_6353,2020-09-21,5692.3,True,00000000-0000-0000-0000-0000000018d1,22
6354,user_6354,2020-09-21,9207.71,True,00000000-0000-0000-0000-0000000018d2,51
6355,user_6355,2020-09-21,9684.19,True,00000000-0000-0000-0000-0000000018d3,3
6356,user_6356,2020-09-21,5405.53,True,00000000-0000-0000-0000-0000000018d4,36
6357,user_6357,2020-09-21,4582.05,True,00000000-0000-0000-0000-0000000018d5,41
6358,user_6358,2020-09-21,9450.17,False,00000000-0000-0000-0000-0000000018d6,43
6359,user_6359,2020-09-21,6736.1,False,00000000-0000-0000-0000-0000000018d7,96
6360,user_6360,2020-09-22,648.99,False,00000000-0000-0000-0000-0000000018d8,41
6361,user_6361,2020-09-22,4657.26,False,00000000-0000-0000-0000-0000000018d9,28
6362,user_6362,2020-09-22,2402.45,False,00000000-0000-0000-0000-0000000018da,18
6363,user_6363,2020-09-22,4698.04,True,00000000-0000-0000-0000-0000000018db,83
6364,user_6364,2020-09-22,4554.66,True,00000000-0000-0000-0000-0000000018dc,31
6365,user_6365,2020-09-22,5821.45,False,00000000-0000-0000-0000-0000000018dd,43
6366,user_6366,2020-09-22,3567.7,False,00000000-0000-0000-0000-0000000018de,54
6367,user_6367,2020-09-22,1642.7,True,00000000-0000-0000-0000-0000000018df,79
6368,user_6368,2020-09-22,5037.19,True,00000000-0000-0000-0000-0000000018e0,4
6369,user_6369,2020-09-22,8302.03,True,00000000-0000-0000-0000-0000000018e1,45
6370,user_6370,2020-09-22,6640.12,True,00000000-0000-0000-0000-0000000018e2,75
6371,user_6371,2020-09-22,3383.68,False,00000000-0000-0000-0000-0000000018e3,44
6372,user_6372,2020-09-22,9355.23,False,00000000-0000-0000-0000-0000000018e4,20
6373,user_6373,2020-09-22,9122.08,True,00000000-0000-0000-0000-0000000018e5,77
6374,user_6374,2020-09-22,2093.48,True,00000000-0000-0000-0000-0000000018e6,21
6375,user_6375,2020-09-22,394.18,False,00000000-0000-0000-0000-0000000018e7,29
6376,user_6376,2020-09-22,7413.09,False,00000000-0000-0000-0000-0000000018e8,22
6377,user_6377,2020-09-22,8276.1,False,00000000-0000-0000-0000-0000000018e9,4
6378,user_6378,2020-09-22,9678.65,True,00000000-0000-0000-0000-0000000018ea,62
6379,user_6379,2020-09-22,8898.36,False,00000000-0000-0000-0000-0000000018eb,92
6380,user_6380,2020-09-22,6005.35,True,00000000-0000-0000-0000-0000000018ec,58
6381,user_6381,2020-09-22,5300.52,True,00000000-0000-0000-0000-0000000018ed,93
6382,user_6382,2020-09-22,278.41,True,00000000-0000-0000-0000-0000000018ee,81
6383,user_6383,2020-09-22,2466.56,False,00000000-0000-0000-0000-0000000018ef,51
6384,user_6384,2020-09-23,4596.15,False,00000000-0000-0000-0000-0000000018f0,64
6385,user_6385,2020-09-23,6285.04,True,00000000-0000-0000-0000-0000000018f1,38
6386,user_6386,2020-09-23,5572.52,False,00000000-0000-0000-0000-0000000018f2,80
6387,user_6387,2020-09-23,7426.36,True,00000000-0000-0000-0000-0000000018f3,2
6388,user_6388,2020-09-23,2797.67,False,00000000-0000-0000-0000-0000000018f4,41
6389,user_6389,2020-09-23,5649.53,True,00000000-0000-0000-0000-0000000018f5,70
6390,user_6390,2020-09-23,881.42,True,00000000-0000-0000-0000-0000000018f6,26
6391,user_6391,2020-09-23,4136.66,False,00000000-0000-0000-0000-0000000018f7,27
6392,user_6392,2020-09-23,7501.61,False,00000000-0000-0000-0000-0000000018f8,53
6393,user_6393,2020-09-23,6934.01,True,00000000-0000-0000-0000-0000000018f9,94
6394,user_6394,2020-09-23,9906.43,False,00000000-0000-0000-0000-0000000018fa,14
6395,user_6395,2020-09-23,2778.91,True,00000000-0000-0000-0000-0000000018fb,52
6396,user_6396,2020-09-23,4981.89,True,00000000-0000-0000-0000-0000000018fc,71
6397,user_6397,2020-09-23,3295.3,True,00000000-0000-0000-0000-0000000018fd,69
6398,user_6398,2020-09-23,4406.03,True,00000000-0000-0000-0000-0000000018fe,91
6399,user_6399,2020-09-23,8569.5,True,00000000-0000-0000-0000-0000000018ff,3
6400,user_6400,2020-09-23,6842.09,True,00000000-0000-0000-0000-000000001900,93
6401,user_6401,2020-09-23,8824.41,True,00000000-0000-0000-0000-000000001901,16
6402,user_6402,2020-09-23,2035.11,True,00000000-0000-0000-0000-000000001902,33
6403,user_6403,2020-09-23,8733.61,False,00000000-0000-0000-0000-000000001903,5
6404,user_6404,2020-09-23,597.62,False,00000000-0000-0000-0000-000000001904,35
6405,user_6405,2020-09-23,8885.99,True,00000000-0000-0000-0000-000000001905,98
6406,user_6406,2020-09-23,3290.74,True,00000000-0000-0000-0000-000000001906,38
6407,user_6407,2020-09-23,3145.88,True,00000000-0000-0000-0000-000000001907,79
6408,user_6408,2020-09-24,5120.89,False,00000000-0000-0000-0000-000000001908,65
6409,user_6409,2020-09-24,9406.9,True,00000000-0000-0000-0000-000000001909,7
6410,user_6410,2020-09-24,477.81,True,00000000-0000-0000-0000-00000000190a,14
6411,user_6411,2020-09-24,3522.31,True,00000000-0000-0000-0000-00000000190b,62
6412,user_6412,2020-09-24,8565.72,False,00000000-0000-0000-0000-00000000190c,90
6413,user_6413,2020-09-24,3960.54,False,00000000-0000-0000-0000-00000000190d,79
6414,user_6414,2020-09-24,1991.57,False,00000000-0000-0000-0000-00000000190e,64
6415,user_6415,2020-09-24,4247.94,True,00000000-0000-0000-0000-00000000190f,58
6416,user_6416,2020-09-24,3855.53,True,00000000-0000-0000-0000-000000001910,9
6417,user_6417,2020-09-24,9154.16,False,00000000-0000-0000-0000-000000001911,6
6418,user_6418,2020-09-24,7619.34,True,00000000-0000-0000-0000-000000001912,73
6419,user_6419,2020-09-24,5051.16,False,00000000-0000-0000-0000-000000001913,75
6420,user_6420,2020-09-24,9883.71,False,00000000-0000-0000-0000-000000001914,80
6421,user_6421,2020-09-24,4652.78,True,00000000-0000-0000-0000-000000001915,11
6422,user_6422,2020-09-24,582.38,True,00000000-0000-0000-0000-000000001916,78
6423,user_6423,2020-09-24,2622.74,True,00000000-0000-0000-0000-000000001917,45
6424,user_6424,2020-09-24,4360.7,True,00000000-0000-0000-0000-000000001918,31
6425,user_6425,2020-09-24,1569.03,False,00000000-0000-0000-0000-000000001919,31
6426,user_6426,2020-09-24,9475.65,False,00000000-0000-0000-0000-00000000191a,89
6427,user_6427,2020-09-24,7668.49,False,00000000-0000-0000-0000-00000000191b,77
6428,user_6428,2020-09-24,2682.87,False,00000000-0000-0000-0000-00000000191c,89
6429,user_6429,2020-09-24,5908.05,False,00000000-0000-0000-0000-00000000191d,60
6430,user_6430,2020-09-24,7214.49,False,00000000-0000-0000-0000-00000000191e,68
6431,user_6431,2020-09-24,9412.79,True,00000000-0000-0000-0000-00000000191f,60
6432,user_6432,2020-09-25,8816.35,False,00000000-0000-0000-0000-000000001920,45
6433,user_6433,2020-09-25,5151.92,True,00000000-0000-0000-0000-000000001921,67
6434,user_6434,2020-09-25,7746.53,True,00000000-0000-0000-0000-000000001922,91
6435,user_6435,2020-09-25,5621.45,False,00000000-0000-0000-0000-000000001923,54
6436,user_6436,2020-09-25,5527.04,False,00000000-0000-0000-0000-000000001924,0
6437,user_6437,2020-09-25,1147.42,True,00000000-0000-0000-0000-000000001925,76
6438,user_6438,2020-09-25,1261.38,True,00000000-0000-0000-0000-000000001926,66
6439,user_6439,2020-09-25,5295.34,False,00000000-0000-0000-0000-000000001927,48
6440,user_6440,2020-09-25,2688.62,False,00000000-0000-0000-0000-000000001928,24
6441,user_6441,2020-09-25,210.37,True,00000000-0000-0000-0000-000000001929,15
6442,user_6442,2020-09-25,7228.39,False,00000000-0000-0000-0000-00000000192a,84
6443,user_6443,2020-09-25,324.87,False,00000000-0000-0000-0000-00000000192b,12
6444,user_6444,2020-09-25,5952.77,False,00000000-0000-0000-0000-00000000192c,51
6445,user_6445,2020-09-25,5391.94,False,00000000-0000-0000-0000-00000000192d,35
6446,user_6446,2020-09-25,9688.15,False,00000000-0000-0000-0000-00000000192e,71
6447,user_6447,2020-09-25,4842.13,True,00000000-0000-0000-0000-00000000192f,43
6448,user_6448,2020-09-25,636.01,False,00000000-0000-0000-0000-000000001930,82
6449,user_6449,2020-09-25,5516.88,False,00000000-0000-0000-0000-000000001931,46
6450,user_6450,2020-09-25,8410.96,True,00000000-0000-0000-0000-000000001932,79
6451,user_6451,2020-09-25,9968.49,True,00000000-0000-0000-0000-000000001933,75
6452,user_6452,2020-09-25,4303.43,False,00000000-0000-0000-0000-000000001934,19
6453,user_6453,2020-09-25,3202.99,False,00000000-0000-0000-0000-000000001935,17
6454,user_6454,2020-09-25,9066.53,True,00000000-0000-0000-0000-000000001936,53
6455,user_6455,2020-09-25,1912.42,False,00000000-0000-0000-0000-000000001937,11
6456,user_6456,2020-09-26,6154.29,False,00000000-0000-0000-0000-000000001938,24
6457,user_6457,2020-09-26,4057.14,False,00000000-0000-0000-0000-000000001939,59
6458,user_6458,2020-09-26,410.82,True,00000000-0000-0000-0000-00000000193a,74
6459,user_6459,2020-09-26,3472.88,False,00000000-0000-0000-0000-00000000193b,85
6460,user_6460,2020-09-26,2652.29,False,00000000-0000-0000-0000-00000000193c,33
6461,user_6461,2020-09-26,6860.91,True,00000000-0000-0000-0000-00000000193d,12
6462,user_6462,2020-09-26,9487.9,False,00000000-0000-0000-0000-00000000193e,37
6463,user_6463,2020-09-26,2680.47,False,00000000-0000-0000-0000-00000000193f,11
6464,user_6464,2020-09-26,8114.66,False,00000000-0000-0000-0000-000000001940,35
6465,user_6465,2020-09-26,553.6,False,00000000-0000-0000-0000-000000001941,27
6466,user_6466,2020-09-26,5381.21,True,00000000-0000-0000-0000-000000001942,90
6467,user_6467,2020-09-26,705.5,True,00000000-0000-0000-0000-000000001943,38
6468,user_6468,2020-09-26,9340.33,False,00000000-0000-0000-0000-000000001944,76
6469,user_6469,2020-09-26,7663.51,False,00000000-0000-0000-0000-000000001945,42
6470,user_6470,2020-09-26,6579.5,False,00000000-0000-0000-0000-000000001946,90
6471,user_6471,2020-09-26,8238.96,False,00000000-0000-0000-0000-000000001947,30
6472,user_6472,2020-09-26,6475.2,True,00000000-0000-0000-0000-000000001948,1
6473,user_6473,2020-09-26,9689.44,True,00000000-0000-0000-0000-000000001949,81
6474,user_6474,2020-09-26,7139.58,True,00000000-0000-0000-0000-00000000194a,89
6475,user_6475,2020-09-26,9246.59,False,00000000-0000-0000-0000-00000000194b,41
6476,user_6476,2020-09-26,5171.32,False,00000000-0000-0000-0000-00000000194c,30
6477,user_6477,2020-09-26,1170.64,False,00000000-0000-0000-0000-00000000194d,60
6478,user_6478,2020-09-26,5281.78,True,00000000-0000-0000-0000-00000000194e,55
6479,user_6479,2020-09-26,1268.73,True,00000000-0000-0000-0000-00000000194f,85
6480,user_6480,2020-09-27,5924.93,True,00000000-0000-0000-0000-000000001950,99
6481,user_6481,2020-09-27,4824.93,True,00000000-0000-0000-0000-000000001951,82
6482,user_6482,2020-09-27,6225.75,True,00000000-0000-0000-0000-000000001952,13
6483,user_6483,2020-09-27,100.47,False,00000000-0000-0000-0000-000000001953,13
6484,user_6484,2020-09-27,1948.4,False,00000000-0000-0000-0000-000000001954,28
6485,user_6485,2020-09-27,4913.3,False,00000000-0000-0000-0000-000000001955,80
6486,user_6486,2020-09-27,9505.04,True,00000000-0000-0000-0000-000000001956,49
6487,user_6487,2020-09-27,3836.09,False,00000000-0000-0000-0000-000000001957,49
6488,user_6488,2020-09-27,4243.72,False,00000000-0000-0000-0000-000000001958,62
6489,user_6489,2020-09-27,7146.96,True,00000000-0000-0000-0000-000000001959,72
6490,user_6490,2020-09-27,6037.93,True,00000000-0000-0000-0000-00000000195a,64
6491,user_6491,2020-09-27,2989.26,True,00000000-0000-0000-0000-00000000195b,67
6492,user_6492,2020-09-27,4108.16,False,00000000-0000-0000-0000-00000000195c,70
6493,user_6493,2020-09-27,2177.0,True,00000000-0000-0000-0000-00000000195d,10
6494,user_6494,2020-09-27,9660.21,False,00000000-0000-0000-0000-00000000195e,13
6495,user_6495,2020-09-27,1306.34,False,00000000-0000-0000-0000-00000000195f,82
6496,user_6496,2020-09-27,3718.37,True,00000000-0000-0000-0000-000000001960,2
6497,user_6497,2020-09-27,258.39,False,00000000-0000-0000-0000-000000001961,7
6498,user_6498,2020-09-27,2217.79,True,00000000-0000-0000-0000-000000001962,92
6499,user_6499,2020-09-27,7804.71,True,00000000-0000-0000-0000-000000001963,42
6500,user_6500,2020-09-27,2011.75,False,00000000-0000-0000-0000-000000001964,8
6501,user_6501,2020-09-27,800.63,False,00000000-0000-0000-0000-000000001965,18
6502,user_6502,2020-09-27,4744.53,False,00000000-0000-0000-0000-000000001966,11
6503,user_6503,2020-09-27,99.69,True,00000000-0000-0000-0000-000000001967,26
6504,user_6504,2020-09-28,847.66,False,00000000-0000-0000-0000-000000001968,57
6505,user_6505,2020-09-28,8076.26,True,00000000-0000-0000-0000-000000001969,24
6506,user_6506,2020-09-28,7714.73,True,00000000-0000-0000-0000-00000000196a,44
6507,user_6507,2020-09-28,9151.39,False,00000000-0000-0000-0000-00000000196b,47
6508,user_6508,2020-09-28,8545.15,False,00000000-0000-0000-0000-00000000196c,49
6509,user_6509,2020-09-28,6831.76,False,00000000-0000-0000-0000-00000000196d,80
6510,user_6510,2020-09-28,523.33,False,00000000-0000-0000-0000-00000000196e,43
6511,user_6511,2020-09-28,7828.49,True,00000000-0000-0000-0000-00000000196f,58
6512,user_6512,2020-09-28,8455.11,False,00000000-0000-0000-0000-000000001970,32
6513,user_6513,2020-09-28,7990.82,True,00000000-0000-0000-0000-000000001971,77
6514,user_6514,2020-09-28,5084.79,False,00000000-0000-0000-0000-000000001972,27
6515,user_6515,2020-09-28,2329.02,False,00000000-0000-0000-0000-000000001973,17
6516,user_6516,2020-09-28,8453.3,False,00000000-0000-0000-0000-000000001974,54
6517,user_6517,2020-09-28,7271.63,True,00000000-0000-0000-0000-000000001975,32
6518,user_6518,2020-09-28,9807.61,False,00000000-0000-0000-0000-000000001976,14
6519,user_6519,2020-09-28,1556.93,True,00000000-0000-0000-0000-000000001977,60
6520,user_6520,2020-09-28,2256.65,False,00000000-0000-0000-0000-000000001978,10
6521,user_6521,2020-09-28,2117.98,False,00000000-0000-0000-0000-000000001979,35
6522,user_6522,2020-09-28,7925.4,True,00000000-0000-0000-0000-00000000197a,14
6523,user_6523,2020-09-28,1869.07,True,00000000-0000-0000-0000-00000000197b,52
6524,user_6524,2020-09-28,666.6,False,00000000-0000-0000-0000-00000000197c,61
6525,user_6525,2020-09-28,9985.61,False,00000000-0000-0000-0000-00000000197d,47
6526,user_6526,2020-09-28,248.17,True,00000000-0000-0000-0000-00000000197e,93
6527,user_6527,2020-09-28,8352.44,False,00000000-0000-0000-0000-00000000197f,14
6528,user_6528,2020-09-29,3653.67,True,00000000-0000-0000-0000-000000001980,62
6529,user_6529,2020-09-29,8416.15,False,00000000-0000-0000-0000-000000001981,86
6530,user_6530,2020-09-29,5546.2,True,00000000-0000-0000-0000-000000001982,42
6531,user_6531,2020-09-29,9016.31,True,00000000-0000-0000-0000-000000001983,49
6532,user_6532,2020-09-29,9261.93,True,00000000-0000-0000-0000-000000001984,59
6533,user_6533,2020-09-29,90.98,True,00000000-0000-0000-0000-000000001985,58
6534,user_6534,2020-09-29,754.12,True,00000000-0000-0000-0000-000000001986,14
6535,user_6535,2020-09-29,2503.59,False,00000000-0000-0000-0000-000000001987,28
6536,user_6536,2020-09-29,6693.15,False,00000000-0000-0000-0000-000000001988,74
6537,user_6537,2020-09-29,8882.72,False,00000000-0000-0000-0000-000000001989,81
6538,user_6538,2020-09-29,4599.42,False,00000000-0000-0000-0000-00000000198a,39
6539,user_6539,2020-09-29,6069.73,False,00000000-0000-0000-0000-00000000198b,30
6540,user_6540,2020-09-29,1885.0,False,00000000-0000-0000-0000-00000000198c,72
6541,user_6541,2020-09-29,8049.67,False,00000000-0000-0000-0000-00000000198d,85
6542,user_6542,2020-09-29,9673.28,False,00000000-0000-0000-0000-00000000198e,10
6543,user_6543,2020-09-29,2685.99,False,00000000-0000-0000-0000-00000000198f,80
6544,user_6544,2020-09-29,4948.26,True,00000000-0000-0000-0000-000000001990,96
6545,user_6545,2020-09-29,861.16,True,00000000-0000-0000-0000-000000001991,61
6546,user_6546,2020-09-29,5591.37,False,00000000-0000-0000-0000-000000001992,74
6547,user_6547,2020-09-29,5027.83,True,00000000-0000-0000-0000-000000001993,7
6548,user_6548,2020-09-29,1444.36,False,00000000-0000-0000-0000-000000001994,50
6549,user_6549,2020-09-29,4420.66,True,00000000-0000-0000-0000-000000001995,56
6550,user_6550,2020-09-29,3341.05,True,00000000-0000-0000-0000-000000001996,3
6551,user_6551,2020-09-29,5218.31,True,00000000-0000-0000-0000-000000001997,35
6552,user_6552,2020-09-30,5856.54,False,00000000-0000-0000-0000-000000001998,18
6553,user_6553,2020-09-30,84.96,False,00000000-0000-0000-0000-000000001999,23
6554,user_6554,2020-09-30,7610.06,False,00000000-0000-0000-0000-00000000199a,40
6555,user_6555,2020-09-30,7130.14,False,00000000-0000-0000-0000-00000000199b,48
6556,user_6556,2020-09-30,3662.86,True,00000000-0000-0000-0000-00000000199c,81
6557,user_6557,2020-09-30,529.36,False,00000000-0000-0000-0000-00000000199d,96
6558,user_6558,2020-09-30,7549.33,True,00000000-0000-0000-0000-00000000199e,45
6559,user_6559,2020-09-30,9551.75,False,00000000-0000-0000-0000-00000000199f,35
6560,user_6560,2020-09-30,2401.52,True,00000000-0000-0000-0000-0000000019a0,9
6561,user_6561,2020-09-30,3235.25,True,00000000-0000-0000-0000-0000000019a1,77
6562,user_6562,2020-09-30,1838.13,True,00000000-0000-0000-0000-0000000019a2,6
6563,user_6563,2020-09-30,5769.36,True,00000000-0000-0000-0000-0000000019a3,11
6564,user_6564,2020-09-30,1548.41,False,00000000-0000-0000-0000-0000000019a4,85
6565,user_6565,2020-09-30,3561.94,False,00000000-0000-0000-0000-0000000019a5,90
6566,user_6566,2020-09-30,6970.13,True,00000000-0000-0000-0000-0000000019a6,47
6567,user_6567,2020-09-30,5601.16,False,00000000-0000-0000-0000-0000000019a7,36
6568,user_6568,2020-09-30,3864.63,False,00000000-0000-0000-0000-0000000019a8,74
6569,user_6569,2020-09-30,4202.5,True,00000000-0000-0000-0000-0000000019a9,35
6570,user_6570,2020-09-30,5621.11,False,00000000-0000-0000-0000-0000000019aa,59
6571,user_6571,2020-09-30,58.65,False,00000000-0000-0000-0000-0000000019ab,76
6572,user_6572,2020-09-30,785.1,False,00000000-0000-0000-0000-0000000019ac,95
6573,user_6573,2020-09-30,8812.58,True,00000000-0000-0000-0000-0000000019ad,7
6574,user_6574,2020-09-30,778.79,False,00000000-0000-0000-0000-0000000019ae,6
6575,user_6575,2020-09-30,7068.04,True,00000000-0000-0000-0000-0000000019af,42
6576,user_6576,2020-10-01,9200.38,True,00000000-0000-0000-0000-0000000019b0,57
6577,user_6577,2020-10-01,2706.84,True,00000000-0000-0000-0000-0000000019b1,80
6578,user_6578,2020-10-01,3704.91,False,00000000-0000-0000-0000-0000000019b2,85
6579,user_6579,2020-10-01,5689.21,False,00000000-0000-0000-0000-0000000019b3,45
6580,user_6580,2020-10-01,8817.09,False,00000000-0000-0000-0000-0000000019b4,33
6581,user_6581,2020-10-01,9419.06,True,00000000-0000-0000-0000-0000000019b5,83
6582,user_6582,2020-10-01,7395.63,False,00000000-0000-0000-0000-0000000019b6,71
6583,user_6583,2020-10-01,866.2,True,00000000-0000-0000-0000-0000000019b7,21
6584,user_6584,2020-10-01,6691.54,False,00000000-0000-0000-0000-0000000019b8,90
6585,user_6585,2020-10-01,4103.04,True,00000000-0000-0000-0000-0000000019b9,97
6586,user_6586,2020-10-01,4707.01,False,00000000-0000-0000-0000-0000000019ba,20
6587,user_6587,2020-10-01,491.48,False,00000000-0000-0000-0000-0000000019bb,14
6588,user_6588,2020-10-01,1910.62,False,00000000-0000-0000-0000-0000000019bc,4
6589,user_6589,2020-10-01,7905.14,True,00000000-0000-0000-0000-0000000019bd,16
6590,user_6590,2020-10-01,4539.59,True,00000000-0000-0000-0000-0000000019be,71
6591,user_6591,2020-10-01,3016.62,False,00000000-0000-0000-0000-0000000019bf,18
6592,user_6592,2020-10-01,3840.19,True,00000000-0000-0000-0000-0000000019c0,4
6593,user_6593,2020-10-01,8544.0,True,00000000-0000-0000-0000-0000000019c1,22
6594,user_6594,2020-10-01,7489.99,True,00000000-0000-0000-0000-0000000019c2,82
6595,user_6595,2020-10-01,2723.15,False,00000000-0000-0000-0000-0000000019c3,13
6596,user_6596,2020-10-01,1175.02,False,00000000-0000-0000-0000-0000000019c4,9
6597,user_6597,2020-10-01,2519.98,False,00000000-0000-0000-0000-0000000019c5,30
6598,user_6598,2020-10-01,9207.56,True,00000000-0000-0000-0000-0000000019c6,12
6599,user_6599,2020-10-01,5815.89,False,00000000-0000-0000-0000-0000000019c7,21
6600,user_6600,2020-10-02,5334.8,True,00000000-0000-0000-0000-0000000019c8,36
6601,user_6601,2020-10-02,5963.94,True,00000000-0000-0000-0000-0000000019c9,38
6602,user_6602,2020-10-02,3660.28,False,00000000-0000-0000-0000-0000000019ca,9
6603,user_6603,2020-10-02,8071.07,False,00000000-0000-0000-0000-0000000019cb,30
6604,user_6604,2020-10-02,5232.86,False,00000000-0000-0000-0000-0000000019cc,42
6605,user_6605,2020-10-02,1167.48,True,00000000-0000-0000-0000-0000000019cd,98
6606,user_6606,2020-10-02,1290.65,True,00000000-0000-0000-0000-0000000019ce,76
6607,user_6607,2020-10-02,5368.59,False,00000000-0000-0000-0000-0000000019cf,93
6608,user_6608,2020-10-02,9365.7,True,00000000-0000-0000-0000-0000000019d0,97
6609,user_6609,2020-10-02,3083.52,False,00000000-0000-0000-0000-0000000019d1,35
6610,user_6610,2020-10-02,8695.41,False,00000000-0000-0000-0000-0000000019d2,34
6611,user_6611,2020-10-02,7640.96,False,00000000-0000-0000-0000-0000000019d3,67
6612,user_6612,2020-10-02,2478.12,False,00000000-0000-0000-0000-0000000019d4,54
6613,user_6613,2020-10-02,363.41,False,00000000-0000-0000-0000-0000000019d5,67
6614,user_6614,2020-10-02,1018.47,False,00000000-0000-0000-0000-0000000019d6,46
6615,user_6615,2020-10-02,7284.94,True,00000000-0000-0000-0000-0000000019d7,5
6616,user_6616,2020-10-02,1996.7,True,00000000-0000-0000-0000-0000000019d8,27
6617,user_6617,2020-10-02,3712.71,False,00000000-0000-0000-0000-0000000019d9,29
6618,user_6618,2020-10-02,5016.99,False,00000000-0000-0000-0000-0000000019da,26
6619,user_6619,2020-10-02,7254.68,True,00000000-0000-0000-0000-0000000019db,68
6620,user_6620,2020-10-02,1132.31,True,00000000-0000-0000-0000-0000000019dc,38
6621,user_6621,2020-10-02,4063.66,False,00000000-0000-0000-0000-0000000019dd,34
6622,user_6622,2020-10-02,4850.73,False,00000000-0000-0000-0000-0000000019de,43
6623,user_6623,2020-10-02,5408.27,True,00000000-0000-0000-0000-0000000019df,14
6624,user_6624,2020-10-03,8183.61,False,00000000-0000-0000-0000-0000000019e0,82
6625,user_6625,2020-10-03,1716.78,True,00000000-0000-0000-0000-0000000019e1,93
6626,user_6626,2020-10-03,8078.31,False,00000000-0000-0000-0000-0000000019e2,31
6627,user_6627,2020-10-03,6928.78,True,00000000-0000-0000-0000-0000000019e3,28
6628,user_6628,2020-10-03,5558.71,False,00000000-0000-0000-0000-0000000019e4,62
6629,user_6629,2020-10-03,6995.28,False,00000000-0000-0000-0000-0000000019e5,5
6630,user_6630,2020-10-03,4120.18,False,00000000-0000-0000-0000-0000000019e6,89
6631,user_6631,2020-10-03,1383.98,True,00000000-0000-0000-0000-0000000019e7,26
6632,user_6632,2020-10-03,6657.65,False,00000000-0000-0000-0000-0000000019e8,98
6633,user_6633,2020-10-03,5246.72,True,00000000-0000-0000-0000-0000000019e9,27
6634,user_6634,2020-10-03,6393.75,True,00000000-0000-0000-0000-0000000019ea,4
6635,user_6635,2020-10-03,3379.99,True,00000000-0000-0000-0000-0000000019eb,40
6636,user_6636,2020-10-03,9068.67,True,00000000-0000-0000-0000-0000000019ec,55
6637,user_6637,2020-10-03,5873.7,False,00000000-0000-0000-0000-0000000019ed,53
6638,user_6638,2020-10-03,854.02,False,00000000-0000-0000-0000-0000000019ee,79
6639,user_6639,2020-10-03,4498.04,False,00000000-0000-0000-0000-0000000019ef,17
6640,user_6640,2020-10-03,7563.56,True,00000000-0000-0000-0000-0000000019f0,76
6641,user_6641,2020-10-03,7941.35,False,00000000-0000-0000-0000-0000000019f1,42
6642,user_6642,2020-10-03,4945.97,True,00000000-0000-0000-0000-0000000019f2,88
6643,user_6643,2020-10-03,8947.48,True,00000000-0000-0000-0000-0000000019f3,73
6644,user_6644,2020-10-03,2676.68,True,00000000-0000-0000-0000-0000000019f4,28
6645,user_6645,2020-10-03,4105.99,False,00000000-0000-0000-0000-0000000019f5,9
6646,user_6646,2020-10-03,8985.97,True,00000000-0000-0000-0000-0000000019f6,5
6647,user_6647,2020-10-03,8962.57,False,00000000-0000-0000-0000-0000000019f7,79
6648,user_6648,2020-10-04,6857.13,False,00000000-0000-0000-0000-0000000019f8,88
6649,user_6649,2020-10-04,8589.81,False,00000000-0000-0000-0000-0000000019f9,3
6650,user_6650,2020-10-04,887.73,True,00000000-0000-0000-0000-0000000019fa,33
6651,user_6651,2020-10-04,8649.95,False,00000000-0000-0000-0000-0000000019fb,82
6652,user_6652,2020-10-04,3206.2,True,00000000-0000-0000-0000-0000000019fc,32
6653,user_6653,2020-10-04,1783.32,True,00000000-0000-0000-0000-0000000019fd,3
6654,user_6654,2020-10-04,2393.7,True,00000000-0000-0000-0000-0000000019fe,43
6655,user_6655,2020-10-04,4179.69,True,00000000-0000-0000-0000-0000000019ff,97
6656,user_6656,2020-10-04,2511.92,False,00000000-0000-0000-0000-000000001a00,75
6657,user_6657,2020-10-04,3205.68,False,00000000-0000-0000-0000-000000001a01,30
6658,user_6658,2020-10-04,1349.78,False,00000000-0000-0000-0000-000000001a02,79
6659,user_6659,2020-10-04,2961.77,False,00000000-0000-0000-0000-000000001a03,65
6660,user_6660,2020-10-04,5722.84,True,00000000-0000-0000-0000-000000001a04,57
6661,user_6661,2020-10-04,4418.54,True,00000000-0000-0000-0000-000000001a05,59
6662,user_6662,2020-10-04,3467.19,True,00000000-0000-0000-0000-000000001a06,1
6663,user_6663,2020-10-04,7464.52,True,00000000-0000-0000-0000-000000001a07,35
6664,user_6664,2020-10-04,8935.1,False,00000000-0000-0000-0000-000000001a08,69
6665,user_6665,2020-10-04,7567.89,False,00000000-0000-0000-0000-000000001a09,59
6666,user_6666,2020-10-04,3320.01,True,00000000-0000-0000-0000-000000001a0a,22
6667,user_6667,2020-10-04,7444.42,True,00000000-0000-0000-0000-000000001a0b,46
6668,user_6668,2020-10-04,1519.8,True,00000000-0000-0000-0000-000000001a0c,45
6669,user_6669,2020-10-04,1303.18,True,00000000-0000-0000-0000-000000001a0d,79
6670,user_6670,2020-10-04,3456.27,False,00000000-0000-0000-0000-000000001a0e,43
6671,user_6671,2020-10-04,8077.02,True,00000000-0000-0000-0000-000000001a0f,18
6672,user_6672,2020-10-05,2463.48,False,00000000-0000-0000-0000-000000001a10,48
6673,user_6673,2020-10-05,632.53,False,00000000-0000-0000-0000-000000001a11,87
6674,user_6674,2020-10-05,1317.1,True,00000000-0000-0000-0000-000000001a12,57
6675,user_6675,2020-10-05,8587.45,True,00000000-0000-0000-0000-000000001a13,90
6676,user_6676,2020-10-05,6337.83,False,00000000-0000-0000-0000-000000001a14,6
6677,user_6677,2020-10-05,2532.01,False,00000000-0000-0000-0000-000000001a15,93
6678,user_6678,2020-10-05,5552.96,True,00000000-0000-0000-0000-000000001a16,40
6679,user_6679,2020-10-05,5275.8,False,00000000-0000-0000-0000-000000001a17,77
6680,user_6680,2020-10-05,6554.36,True,00000000-0000-0000-0000-000000001a18,14
6681,user_6681,2020-10-05,2331.88,True,00000000-0000-0000-0000-000000001a19,75
6682,user_6682,2020-10-05,8644.03,False,00000000-0000-0000-0000-000000001a1a,52
6683,user_6683,2020-10-05,3093.69,False,00000000-0000-0000-0000-000000001a1b,92
6684,user_6684,2020-10-05,6941.32,True,00000000-0000-0000-0000-000000001a1c,22
6685,user_6685,2020-10-05,161.25,True,00000000-0000-0000-0000-000000001a1d,76
6686,user_6686,2020-10-05,3726.57,False,00000000-0000-0000-0000-000000001a1e,72
6687,user_6687,2020-10-05,3517.1,False,00000000-0000-0000-0000-000000001a1f,87
6688,user_6688,2020-10-05,5434.84,False,00000000-0000-0000-0000-000000001a20,93
6689,user_6689,2020-10-05,727.36,False,00000000-0000-0000-0000-000000001a21,64
6690,user_6690,2020-10-05,7901.31,True,00000000-0000-0000-0000-000000001a22,59
6691,user_6691,2020-10-05,2177.81,True,00000000-0000-0000-0000-000000001a23,9
6692,user_6692,2020-10-05,6770.38,True,00000000-0000-0000-0000-000000001a24,57
6693,user_6693,2020-10-05,8032.12,False,00000000-0000-0000-0000-000000001a25,46
6694,user_6694,2020-10-05,5618.77,False,00000000-0000-0000-0000-000000001a26,14
6695,user_6695,2020-10-05,7408.83,True,00000000-0000-0000-0000-000000001a27,8
6696,user_6696,2020-10-06,6618.6,False,00000000-0000-0000-0000-000000001a28,12
6697,user_6697,2020-10-06,3555.3,False,00000000-0000-0000-0000-000000001a29,22
6698,user_6698,2020-10-06,8088.59,False,00000000-0000-0000-0000-000000001a2a,32
6699,user_6699,2020-10-06,2947.01,False,00000000-0000-0000-0000-000000001a2b,8
6700,user_6700,2020-10-06,5712.13,False,00000000-0000-0000-0000-000000001a2c,2
6701,user_6701,2020-10-06,7453.98,False,00000000-0000-0000-0000-000000001a2d,93
6702,user_6702,2020-10-06,3789.56,True,00000000-0000-0000-0000-000000001a2e,72
6703,user_6703,2020-10-06,3027.68,True,00000000-0000-0000-0000-000000001a2f,24
6704,user_6704,2020-10-06,4593.46,True,00000000-0000-0000-0000-000000001a30,87
6705,user_6705,2020-10-06,8179.63,True,00000000-0000-0000-0000-000000001a31,95
6706,user_6706,2020-10-06,9299.22,False,00000000-0000-0000-0000-000000001a32,70
6707,user_6707,2020-10-06,5450.83,True,00000000-0000-0000-0000-000000001a33,35
6708,user_6708,2020-10-06,6614.66,True,00000000-0000-0000-0000-000000001a34,88
6709,user_6709,2020-10-06,9032.74,True,00000000-0000-0000-0000-000000001a35,19
6710,user_6710,2020-10-06,985.47,True,00000000-0000-0000-0000-000000001a36,80
6711,user_6711,2020-10-06,2320.79,False,00000000-0000-0000-0000-000000001a37,53
6712,user_6712,2020-10-06,7089.0,False,00000000-0000-0000-0000-000000001a38,99
6713,user_6713,2020-10-06,8237.44,True,00000000-0000-0000-0000-000000001a39,89
6714,user_6714,2020-10-06,8570.29,True,00000000-0000-0000-0000-000000001a3a,18
6715,user_6715,2020-10-06,4151.07,False,00000000-0000-0000-0000-000000001a3b,59
6716,user_6716,2020-10-06,893.4,False,00000000-0000-0000-0000-000000001a3c,36
6717,user_6717,2020-10-06,4377.81,True,00000000-0000-0000-0000-000000001a3d,2
6718,user_6718,2020-10-06,2307.35,False,00000000-0000-0000-0000-000000001a3e,91
6719,user_6719,2020-10-06,2911.96,False,00000000-0000-0000-0000-000000001a3f,85
6720,user_6720,2020-10-07,7722.68,True,00000000-0000-0000-0000-000000001a40,18
6721,user_6721,2020-10-07,755.27,False,00000000-0000-0000-0000-000000001a41,52
6722,user_6722,2020-10-07,8275.81,True,00000000-0000-0000-0000-000000001a42,45
6723,user_6723,2020-10-07,4276.69,True,00000000-0000-0000-0000-000000001a43,79
6724,user_6724,2020-10-07,5960.64,False,00000000-0000-0000-0000-000000001a44,55
6725,user_6725,2020-10-07,896.52,False,00000000-0000-0000-0000-000000001a45,69
6726,user_6726,2020-10-07,3373.59,False,00000000-0000-0000-0000-000000001a46,30
6727,user_6727,2020-10-07,897.01,False,00000000-0000-0000-0000-000000001a47,52
6728,user_6728,2020-10-07,9615.44,False,00000000-0000-0000-0000-000000001a48,33
6729,user_6729,2020-10-07,8072.62,False,00000000-0000-0000-0000-000000001a49,30
6730,user_6730,2020-10-07,4596.33,True,00000000-0000-0000-0000-000000001a4a,59
6731,user_6731,2020-10-07,2236.03,False,00000000-0000-0000-0000-000000001a4b,10
6732,user_6732,2020-10-07,9334.55,True,00000000-0000-0000-0000-000000001a4c,99
6733,user_6733,2020-10-07,3445.97,False,00000000-0000-0000-0000-000000001a4d,5
6734,user_6734,2020-10-07,1609.84,False,00000000-0000-0000-0000-000000001a4e,26
6735,user_6735,2020-10-07,5631.64,False,00000000-0000-0000-0000-000000001a4f,6
6736,user_6736,2020-10-07,9437.74,False,00000000-0000-0000-0000-000000001a50,48
6737,user_6737,2020-10-07,38.3,False,00000000-0000-0000-0000-000000001a51,95
6738,user_6738,2020-10-07,2381.25,True,00000000-0000-0000-0000-000000001a52,71
6739,user_6739,2020-10-07,9384.48,True,00000000-0000-0000-0000-000000001a53,59
6740,user_6740,2020-10-07,1710.86,True,00000000-0000-0000-0000-000000001a54,32
6741,user_6741,2020-10-07,1132.43,False,00000000-0000-0000-0000-000000001a55,46
6742,user_6742,2020-10-07,5701.87,False,00000000-0000-0000-0000-000000001a56,43
6743,user_6743,2020-10-07,8618.44,False,00000000-0000-0000-0000-000000001a57,78
6744,user_6744,2020-10-08,4771.1,True,00000000-0000-0000-0000-000000001a58,26
6745,user_6745,2020-10-08,9945.64,True,00000000-0000-0000-0000-000000001a59,93
6746,user_6746,2020-10-08,6791.72,False,00000000-0000-0000-0000-000000001a5a,21
6747,user_6747,2020-10-08,740.75,True,00000000-0000-0000-0000-000000001a5b,46
6748,user_6748,2020-10-08,9928.32,False,00000000-0000-0000-0000-000000001a5c,92
6749,user_6749,2020-10-08,4078.94,False,00000000-0000-0000-0000-000000001a5d,47
6750,user_6750,2020-10-08,2874.03,True,00000000-0000-0000-0000-000000001a5e,29
6751,user_6751,2020-10-08,5578.79,True,00000000-0000-0000-0000-000000001a5f,1
6752,user_6752,2020-10-08,3043.08,True,00000000-0000-0000-0000-000000001a60,14
6753,user_6753,2020-10-08,864.58,True,00000000-0000-0000-0000-000000001a61,46
6754,user_6754,2020-10-08,14.28,False,00000000-0000-0000-0000-000000001a62,26
6755,user_6755,2020-10-08,4495.83,False,00000000-0000-0000-0000-000000001a63,70
6756,user_6756,2020-10-08,8368.63,True,00000000-0000-0000-0000-000000001a64,26
6757,user_6757,2020-10-08,5723.15,True,00000000-0000-0000-0000-000000001a65,84
6758,user_6758,2020-10-08,9992.07,True,00000000-0000-0000-0000-000000001a66,12
6759,user_6759,2020-10-08,2868.47,True,00000000-0000-0000-0000-000000001a67,54
6760,user_6760,2020-10-08,2804.55,False,00000000-0000-0000-0000-000000001a68,16
6761,user_6761,2020-10-08,1597.49,False,00000000-0000-0000-0000-000000001a69,74
6762,user_6762,2020-10-08,1640.64,False,00000000-0000-0000-0000-000000001a6a,58
6763,user_6763,2020-10-08,2851.87,False,00000000-0000-0000-0000-000000001a6b,9
6764,user_6764,2020-10-08,7928.4,False,00000000-0000-0000-0000-000000001a6c,32
6765,user_6765,2020-10-08,9057.57,False,00000000-0000-0000-0000-000000001a6d,77
6766,user_6766,2020-10-08,9750.87,False,00000000-0000-0000-0000-000000001a6e,36
6767,user_6767,2020-10-08,2322.9,True,00000000-0000-0000-0000-000000001a6f,7
6768,user_6768,2020-10-09,8812.98,False,00000000-0000-0000-0000-000000001a70,32
6769,user_6769,2020-10-09,3282.55,True,00000000-0000-0000-0000-000000001a71,6
6770,user_6770,2020-10-09,1128.41,True,00000000-0000-0000-0000-000000001a72,33
6771,user_6771,2020-10-09,8700.25,True,00000000-0000-0000-0000-000000001a73,70
6772,user_6772,2020-10-09,6361.06,False,00000000-0000-0000-0000-000000001a74,6
6773,user_6773,2020-10-09,1647.31,False,00000000-0000-0000-0000-000000001a75,40
6774,user_6774,2020-10-09,4298.31,False,00000000-0000-0000-0000-000000001a76,99
6775,user_6775,2020-10-09,2872.58,False,00000000-0000-0000-0000-000000001a77,54
6776,user_6776,2020-10-09,7367.95,True,00000000-0000-0000-0000-000000001a78,6
6777,user_6777,2020-10-09,4534.16,False,00000000-0000-0000-0000-000000001a79,83
6778,user_6778,2020-10-09,9892.8,True,00000000-0000-0000-0000-000000001a7a,17
6779,user_6779,2020-10-09,547.45,False,00000000-0000-0000-0000-000000001a7b,42
6780,user_6780,2020-10-09,3550.15,False,00000000-0000-0000-0000-000000001a7c,77
6781,user_6781,2020-10-09,4819.0,True,00000000-0000-0000-0000-000000001a7d,39
6782,user_6782,2020-10-09,5031.34,True,00000000-0000-0000-0000-000000001a7e,52
6783,user_6783,2020-10-09,3159.36,True,00000000-0000-0000-0000-000000001a7f,13
6784,user_6784,2020-10-09,7292.4,False,00000000-0000-0000-0000-000000001a80,20
6785,user_6785,2020-10-09,8747.47,False,00000000-0000-0000-0000-000000001a81,56
6786,user_6786,2020-10-09,9387.19,True,00000000-0000-0000-0000-000000001a82,90
6787,user_6787,2020-10-09,8050.93,False,00000000-0000-0000-0000-000000001a83,45
6788,user_6788,2020-10-09,8505.8,True,00000000-0000-0000-0000-000000001a84,25
6789,user_6789,2020-10-09,5505.45,False,00000000-0000-0000-0000-000000001a85,90
6790,user_6790,2020-10-09,8258.88,True,00000000-0000-0000-0000-000000001a86,23
6791,user_6791,2020-10-09,3035.04,True,00000000-0000-0000-0000-000000001a87,4
6792,user_6792,2020-10-10,3984.79,False,00000000-0000-0000-0000-000000001a88,41
6793,user_6793,2020-10-10,3169.13,True,00000000-0000-0000-0000-000000001a89,91
6794,user_6794,2020-10-10,4673.87,False,00000000-0000-0000-0000-000000001a8a,42
6795,user_6795,2020-10-10,2855.8,False,00000000-0000-0000-0000-000000001a8b,31
6796,user_6796,2020-10-10,9616.11,True,00000000-0000-0000-0000-000000001a8c,87
6797,user_6797,2020-10-10,3128.45,True,00000000-0000-0000-0000-000000001a8d,5
6798,user_6798,2020-10-10,980.45,False,00000000-0000-0000-0000-000000001a8e,73
6799,user_6799,2020-10-10,5268.17,False,00000000-0000-0000-0000-000000001a8f,66
6800,user_6800,2020-10-10,570.99,True,00000000-0000-0000-0000-000000001a90,6
6801,user_6801,2020-10-10,1105.43,True,00000000-0000-0000-0000-000000001a91,28
6802,user_6802,2020-10-10,2193.89,True,00000000-0000-0000-0000-000000001a92,33
6803,user_6803,2020-10-10,4643.5,False,00000000-0000-0000-0000-000000001a93,6
6804,user_6804,2020-10-10,4332.51,False,00000000-0000-0000-0000-000000001a94,80
6805,user_6805,2020-10-10,7996.92,False,00000000-0000-0000-0000-000000001a95,76
6806,user_6806,2020-10-10,7394.75,True,00000000-0000-0000-0000-000000001a96,57
6807,user_6807,2020-10-10,4263.18,True,00000000-0000-0000-0000-000000001a97,84
6808,user_6808,2020-10-10,3337.04,False,00000000-0000-0000-0000-000000001a98,30
6809,user_6809,2020-10-10,3164.69,False,00000000-0000-0000-0000-000000001a99,72
6810,user_6810,2020-10-10,7739.95,True,00000000-0000-0000-0000-000000001a9a,44
6811,user_6811,2020-10-10,520.72,False,00000000-0000-0000-0000-000000001a9b,46
6812,user_6812,2020-10-10,128.22,True,00000000-0000-0000-0000-000000001a9c,76
6813,user_6813,2020-10-10,7955.44,True,00000000-0000-0000-0000-000000001a9d,80
6814,user_6814,2020-10-10,4771.46,True,00000000-0000-0000-0000-000000001a9e,71
6815,user_6815,2020-10-10,1308.81,False,00000000-0000-0000-0000-000000001a9f,72
6816,user_6816,2020-10-11,2355.66,False,00000000-0000-0000-0000-000000001aa0,72
6817,user_6817,2020-10-11,9325.04,True,00000000-0000-0000-0000-000000001aa1,39
6818,user_6818,2020-10-11,8595.03,True,00000000-0000-0000-0000-000000001aa2,29
6819,user_6819,2020-10-11,7097.85,False,00000000-0000-0000-0000-000000001aa3,61
6820,user_6820,2020-10-11,4822.25,True,00000000-0000-0000-0000-000000001aa4,70
6821,user_6821,2020-10-11,5203.24,False,00000000-0000-0000-0000-000000001aa5,16
6822,user_6822,2020-10-11,9752.45,False,00000000-0000-0000-0000-000000001aa6,4
6823,user_6823,2020-10-11,9657.7,False,00000000-0000-0000-0000-000000001aa7,80
6824,user_6824,2020-10-11,2152.69,True,00000000-0000-0000-0000-000000001aa8,0
6825,user_6825,2020-10-11,8111.05,True,00000000-0000-0000-0000-000000001aa9,79
6826,user_6826,2020-10-11,1972.43,True,00000000-0000-0000-0000-000000001aaa,80
6827,user_6827,2020-10-11,2135.37,True,00000000-0000-0000-0000-000000001aab,93
6828,user_6828,2020-10-11,6760.93,False,00000000-0000-0000-0000-000000001aac,30
6829,user_6829,2020-10-11,4050.01,True,00000000-0000-0000-0000-000000001aad,34
6830,user_6830,2020-10-11,9315.44,False,00000000-0000-0000-0000-000000001aae,71
6831,user_6831,2020-10-11,890.1,True,00000000-0000-0000-0000-000000001aaf,29
6832,user_6832,2020-10-11,5115.26,True,00000000-0000-0000-0000-000000001ab0,84
6833,user_6833,2020-10-11,9185.22,True,00000000-0000-0000-0000-000000001ab1,14
6834,user_6834,2020-10-11,9041.14,True,00000000-0000-0000-0000-000000001ab2,97
6835,user_6835,2020-10-11,1565.29,True,00000000-0000-0000-0000-000000001ab3,55
6836,user_6836,2020-10-11,3666.38,False,00000000-0000-0000-0000-000000001ab4,59
6837,user_6837,2020-10-11,6191.21,True,00000000-0000-0000-0000-000000001ab5,26
6838,user_6838,2020-10-11,1593.95,True,00000000-0000-0000-0000-000000001ab6,1
6839,user_6839,2020-10-11,9680.22,True,00000000-0000-0000-0000-000000001ab7,73
6840,user_6840,2020-10-12,9147.49,True,00000000-0000-0000-0000-000000001ab8,63
6841,user_6841,2020-10-12,1669.5,True,00000000-0000-0000-0000-000000001ab9,4
6842,user_6842,2020-10-12,1211.55,False,00000000-0000-0000-0000-000000001aba,90
6843,user_6843,2020-10-12,854.08,True,00000000-0000-0000-0000-000000001abb,67
6844,user_6844,2020-10-12,9094.44,False,00000000-0000-0000-0000-000000001abc,12
6845,user_6845,2020-10-12,1936.24,True,00000000-0000-0000-0000-000000001abd,80
6846,user_6846,2020-10-12,4162.85,False,00000000-0000-0000-0000-000000001abe,84
6847,user_6847,2020-10-12,4488.51,True,00000000-0000-0000-0000-000000001abf,22
6848,user_6848,2020-10-12,5990.11,True,00000000-0000-0000-0000-000000001ac0,96
6849,user_6849,2020-10-12,717.35,False,00000000-0000-0000-0000-000000001ac1,49
6850,user_6850,2020-10-12,2267.59,True,00000000-0000-0000-0000-000000001ac2,78
6851,user_6851,2020-10-12,9314.9,False,00000000-0000-0000-0000-000000001ac3,77
6852,user_6852,2020-10-12,9084.1,True,00000000-0000-0000-0000-000000001ac4,72
6853,user_6853,2020-10-12,7812.91,False,00000000-0000-0000-0000-000000001ac5,36
6854,user_6854,2020-10-12,194.01,False,00000000-0000-0000-0000-000000001ac6,29
6855,user_6855,2020-10-12,3270.07,False,00000000-0000-0000-0000-000000001ac7,92
6856,user_6856,2020-10-12,6279.59,True,00000000-0000-0000-0000-000000001ac8,22
6857,user_6857,2020-10-12,2751.9,False,00000000-0000-0000-0000-000000001ac9,33
6858,user_6858,2020-10-12,9095.87,True,00000000-0000-0000-0000-000000001aca,63
6859,user_6859,2020-10-12,6338.89,False,00000000-0000-0000-0000-000000001acb,54
6860,user_6860,2020-10-12,719.07,False,00000000-0000-0000-0000-000000001acc,70
6861,user_6861,2020-10-12,9090.06,False,00000000-0000-0000-0000-000000001acd,8
6862,user_6862,2020-10-12,9577.67,True,00000000-0000-0000-0000-000000001ace,3
6863,user_6863,2020-10-12,777.12,True,00000000-0000-0000-0000-000000001acf,65
6864,user_6864,2020-10-13,5323.6,True,00000000-0000-0000-0000-000000001ad0,90
6865,user_6865,2020-10-13,3033.64,False,00000000-0000-0000-0000-000000001ad1,32
6866,user_6866,2020-10-13,3928.39,True,00000000-0000-0000-0000-000000001ad2,31
6867,user_6867,2020-10-13,1796.51,True,00000000-0000-0000-0000-000000001ad3,43
6868,user_6868,2020-10-13,5780.72,False,00000000-0000-0000-0000-000000001ad4,36
6869,user_6869,2020-10-13,9579.79,False,00000000-0000-0000-0000-000000001ad5,90
6870,user_6870,2020-10-13,5030.73,True,00000000-0000-0000-0000-000000001ad6,91
6871,user_6871,2020-10-13,829.15,True,00000000-0000-0000-0000-000000001ad7,66
6872,user_6872,2020-10-13,6200.01,True,00000000-0000-0000-0000-000000001ad8,59
6873,user_6873,2020-10-13,3402.23,False,00000000-0000-0000-0000-000000001ad9,58
6874,user_6874,2020-10-13,8559.25,False,00000000-0000-0000-0000-000000001ada,35
6875,user_6875,2020-10-13,4346.78,False,00000000-0000-0000-0000-000000001adb,48
6876,user_6876,2020-10-13,1928.4,False,00000000-0000-0000-0000-000000001adc,50
6877,user_6877,2020-10-13,1911.06,False,00000000-0000-0000-0000-000000001add,7
6878,user_6878,2020-10-13,7687.64,True,00000000-0000-0000-0000-000000001ade,49
6879,user_6879,2020-10-13,2655.88,True,00000000-0000-0000-0000-000000001adf,40
6880,user_6880,2020-10-13,7672.33,True,00000000-0000-0000-0000-000000001ae0,37
6881,user_6881,2020-10-13,2058.87,False,00000000-0000-0000-0000-000000001ae1,85
6882,user_6882,2020-10-13,3216.86,False,00000000-0000-0000-0000-000000001ae2,77
6883,user_6883,2020-10-13,4654.87,True,00000000-0000-0000-0000-000000001ae3,78
6884,user_6884,2020-10-13,9431.96,True,00000000-0000-0000-0000-000000001ae4,54
6885,user_6885,2020-10-13,9317.31,True,00000000-0000-0000-0000-000000001ae5,67
6886,user_6886,2020-10-13,2068.72,False,00000000-0000-0000-0000-000000001ae6,17
6887,user_6887,2020-10-13,3582.19,False,00000000-0000-0000-0000-000000001ae7,64
6888,user_6888,2020-10-14,1493.99,False,00000000-0000-0000-0000-000000001ae8,63
6889,user_6889,2020-10-14,5099.85,False,00000000-0000-0000-0000-000000001ae9,11
6890,user_6890,2020-10-14,4605.83,False,00000000-0000-0000-0000-000000001aea,40
6891,user_6891,2020-10-14,9007.6,True,00000000-0000-0000-0000-000000001aeb,41
6892,user_6892,2020-10-14,9300.05,True,00000000-0000-0000-0000-000000001aec,59
6893,user_6893,2020-10-14,3835.67,False,00000000-0000-0000-0000-000000001aed,49
6894,user_6894,2020-10-14,4917.38,False,00000000-0000-0000-0000-000000001aee,80
6895,user_6895,2020-10-14,8962.36,True,00000000-0000-0000-0000-000000001aef,82
6896,user_6896,2020-10-14,8067.08,False,00000000-0000-0000-0000-000000001af0,35
6897,user_6897,2020-10-14,36.56,False,00000000-0000-0000-0000-000000001af1,47
6898,user_6898,2020-10-14,3200.6,True,00000000-0000-0000-0000-000000001af2,70
6899,user_6899,2020-10-14,4217.74,False,00000000-0000-0000-0000-000000001af3,72
6900,user_6900,2020-10-14,2297.16,False,00000000-0000-0000-0000-000000001af4,7
6901,user_6901,2020-10-14,1995.72,True,00000000-0000-0000-0000-000000001af5,24
6902,user_6902,2020-10-14,377.85,False,00000000-0000-0000-0000-000000001af6,6
6903,user_6903,2020-10-14,6433.7,False,00000000-0000-0000-0000-000000001af7,7
6904,user_6904,2020-10-14,2625.1,True,00000000-0000-0000-0000-000000001af8,87
6905,user_6905,2020-10-14,523.47,True,00000000-0000-0000-0000-000000001af9,80
6906,user_6906,2020-10-14,2309.79,False,00000000-0000-0000-0000-000000001afa,75
6907,user_6907,2020-10-14,8019.14,True,00000000-0000-0000-0000-000000001afb,30
6908,user_6908,2020-10-14,8514.89,True,00000000-0000-0000-0000-000000001afc,11
6909,user_6909,2020-10-14,4830.66,False,00000000-0000-0000-0000-000000001afd,56
6910,user_6910,2020-10-14,4160.71,True,00000000-0000-0000-0000-000000001afe,65
6911,user_6911,2020-10-14,9778.54,False,00000000-0000-0000-0000-000000001aff,11
6912,user_6912,2020-10-15,2005.65,True,00000000-0000-0000-0000-000000001b00,26
6913,user_6913,2020-10-15,2153.59,True,00000000-0000-0000-0000-000000001b01,45
6914,user_6914,2020-10-15,2918.67,False,00000000-0000-0000-0000-000000001b02,6
6915,user_6915,2020-10-15,1727.57,False,00000000-0000-0000-0000-000000001b03,60
6916,user_6916,2020-10-15,3793.66,False,00000000-0000-0000-0000-000000001b04,57
6917,user_6917,2020-10-15,9108.34,True,00000000-0000-0000-0000-000000001b05,57
6918,user_6918,2020-10-15,6153.48,False,00000000-0000-0000-0000-000000001b06,12
6919,user_6919,2020-10-15,4119.47,False,00000000-0000-0000-0000-000000001b07,52
6920,user_6920,2020-10-15,9344.11,True,00000000-0000-0000-0000-000000001b08,99
6921,user_6921,2020-10-15,484.64,True,00000000-0000-0000-0000-000000001b09,64
6922,user_6922,2020-10-15,2102.76,True,00000000-0000-0000-0000-000000001b0a,48
6923,user_6923,2020-10-15,5658.89,False,00000000-0000-0000-0000-000000001b0b,34
6924,user_6924,2020-10-15,6155.53,True,00000000-0000-0000-0000-000000001b0c,93
6925,user_6925,2020-10-15,395.58,True,00000000-0000-0000-0000-000000001b0d,94
6926,user_6926,2020-10-15,4030.39,False,00000000-0000-0000-0000-000000001b0e,16
6927,user_6927,2020-10-15,6491.54,True,00000000-0000-0000-0000-000000001b0f,71
6928,user_6928,2020-10-15,6980.71,True,00000000-0000-0000-0000-000000001b10,66
6929,user_6929,2020-10-15,6381.4,False,00000000-0000-0000-0000-000000001b11,9
6930,user_6930,2020-10-15,3205.63,True,00000000-0000-0000-0000-000000001b12,33
6931,user_6931,2020-10-15,935.2,False,00000000-0000-0000-0000-000000001b13,85
6932,user_6932,2020-10-15,4271.12,False,00000000-0000-0000-0000-000000001b14,3
6933,user_6933,2020-10-15,1287.54,False,00000000-0000-0000-0000-000000001b15,95
6934,user_6934,2020-10-15,9476.24,False,00000000-0000-0000-0000-000000001b16,28
6935,user_6935,2020-10-15,4751.71,False,00000000-0000-0000-0000-000000001b17,45
6936,user_6936,2020-10-16,3172.59,True,00000000-0000-0000-0000-000000001b18,74
6937,user_6937,2020-10-16,7663.04,False,00000000-0000-0000-0000-000000001b19,45
6938,user_6938,2020-10-16,4979.49,False,00000000-0000-0000-0000-000000001b1a,76
6939,user_6939,2020-10-16,3100.34,False,00000000-0000-0000-0000-000000001b1b,58
6940,user_6940,2020-10-16,8119.68,False,00000000-0000-0000-0000-000000001b1c,60
6941,user_6941,2020-10-16,8671.52,True,00000000-0000-0000-0000-000000001b1d,67
6942,user_6942,2020-10-16,6730.08,True,00000000-0000-0000-0000-000000001b1e,65
6943,user_6943,2020-10-16,469.64,True,00000000-0000-0000-0000-000000001b1f,33
6944,user_6944,2020-10-16,5663.23,False,00000000-0000-0000-0000-000000001b20,85
6945,user_6945,2020-10-16,7632.95,True,00000000-0000-0000-0000-000000001b21,4
6946,user_6946,2020-10-16,1365.03,True,00000000-0000-0000-0000-000000001b22,8
6947,user_6947,2020-10-16,2286.71,False,00000000-0000-0000-0000-000000001b23,19
6948,user_6948,2020-10-16,8824.95,False,00000000-0000-0000-0000-000000001b24,20
6949,user_6949,2020-10-16,201.22,True,00000000-0000-0000-0000-000000001b25,16
6950,user_6950,2020-10-16,7527.27,True,00000000-0000-0000-0000-000000001b26,11
6951,user_6951,2020-10-16,4737.73,True,00000000-0000-0000-0000-000000001b27,91
6952,user_6952,2020-10-16,4467.72,True,00000000-0000-0000-0000-000000001b28,81
6953,user_6953,2020-10-16,70.97,False,00000000-0000-0000-0000-000000001b29,66
6954,user_6954,2020-10-16,8193.98,False,00000000-0000-0000-0000-000000001b2a,4
6955,user_6955,2020-10-16,3598.25,False,00000000-0000-0000-0000-000000001b2b,59
6956,user_6956,2020-10-16,5407.66,False,00000000-0000-0000-0000-000000001b2c,52
6957,user_6957,2020-10-16,6773.01,False,00000000-0000-0000-0000-000000001b2d,51
6958,user_6958,2020-10-16,7026.3,True,00000000-0000-0000-0000-000000001b2e,77
6959,user_6959,2020-10-16,9559.8,False,00000000-0000-0000-0000-000000001b2f,47
6960,user_6960,2020-10-17,5313.4,False,00000000-0000-0000-0000-000000001b30,89
6961,user_6961,2020-10-17,3997.2,True,00000000-0000-0000-0000-000000001b31,18
6962,user_6962,2020-10-17,9537.04,False,00000000-0000-0000-0000-000000001b32,16
6963,user_6963,2020-10-17,6421.1,True,00000000-0000-0000-0000-000000001b33,53
6964,user_6964,2020-10-17,2981.5,False,00000000-0000-0000-0000-000000001b34,67
6965,user_6965,2020-10-17,1264.64,False,00000000-0000-0000-0000-000000001b35,34
6966,user_6966,2020-10-17,8425.55,False,00000000-0000-0000-0000-000000001b36,87
6967,user_6967,2020-10-17,3621.82,True,00000000-0000-0000-0000-000000001b37,40
6968,user_6968,2020-10-17,6604.7,False,00000000-0000-0000-0000-000000001b38,12
6969,user_6969,2020-10-17,4708.16,True,00000000-0000-0000-0000-000000001b39,32
6970,user_6970,2020-10-17,1989.3,False,00000000-0000-0000-0000-000000001b3a,14
6971,user_6971,2020-10-17,6016.87,False,00000000-0000-0000-0000-000000001b3b,62
6972,user_6972,2020-10-17,606.83,True,00000000-0000-0000-0000-000000001b3c,14
6973,user_6973,2020-10-17,4133.42,True,00000000-0000-0000-0000-000000001b3d,30
6974,user_6974,2020-10-17,5466.15,False,00000000-0000-0000-0000-000000001b3e,27
6975,user_6975,2020-10-17,4360.47,True,00000000-0000-0000-0000-000000001b3f,9
6976,user_6976,2020-10-17,7486.72,False,00000000-0000-0000-0000-000000001b40,56
6977,user_6977,2020-10-17,8279.25,False,00000000-0000-0000-0000-000000001b41,70
6978,user_6978,2020-10-17,7712.43,True,00000000-0000-0000-0000-000000001b42,32
6979,user_6979,2020-10-17,388.13,True,00000000-0000-0000-0000-000000001b43,6
6980,user_6980,2020-10-17,1941.29,True,00000000-0000-0000-0000-000000001b44,4
6981,user_6981,2020-10-17,5366.08,False,00000000-0000-0000-0000-000000001b45,89
6982,user_6982,2020-10-17,9348.22,True,00000000-0000-0000-0000-000000001b46,79
6983,user_6983,2020-10-17,8349.57,False,00000000-0000-0000-0000-000000001b47,56
6984,user_6984,2020-10-18,8425.35,True,00000000-0000-0000-0000-000000001b48,71
6985,user_6985,2020-10-18,3032.08,True,00000000-0000-0000-0000-000000001b49,85
6986,user_6986,2020-10-18,4294.48,True,00000000-0000-0000-0000-000000001b4a,97
6987,user_6987,2020-10-18,4707.06,True,00000000-0000-0000-0000-000000001b4b,39
6988,user_6988,2020-10-18,1573.72,True,00000000-0000-0000-0000-000000001b4c,27
6989,user_6989,2020-10-18,310.68,False,00000000-0000-0000-0000-000000001b4d,35
6990,user_6990,2020-10-18,9469.03,True,00000000-0000-0000-0000-000000001b4e,55
6991,user_6991,2020-10-18,2407.13,True,00000000-0000-0000-0000-000000001b4f,46
6992,user_6992,2020-10-18,2399.49,False,00000000-0000-0000-0000-000000001b50,70
6993,user_6993,2020-10-18,833.79,False,00000000-0000-0000-0000-000000001b51,39
6994,user_6994,2020-10-18,9285.08,False,00000000-0000-0000-0000-000000001b52,58
6995,user_6995,2020-10-18,5797.37,False,00000000-0000-0000-0000-000000001b53,42
6996,user_6996,2020-10-18,6670.37,True,00000000-0000-0000-0000-000000001b54,91
6997,user_6997,2020-10-18,9115.77,True,00000000-0000-0000-0000-000000001b55,65
6998,user_6998,2020-10-18,3456.2,False,00000000-0000-0000-0000-000000001b56,8
6999,user_6999,2020-10-18,6215.07,True,00000000-0000-0000-0000-000000001b57,5
7000,user_7000,2020-10-18,387.99,False,00000000-0000-0000-0000-000000001b58,64
7001,user_7001,2020-10-18,1867.73,False,00000000-0000-0000-0000-000000001b59,2
7002,user_7002,2020-10-18,8312.46,True,00000000-0000-0000-0000-000000001b5a,73
7003,user_7003,2020-10-18,7667.68,True,00000000-0000-0000-0000-000000001b5b,36
7004,user_7004,2020-10-18,3506.43,False,00000000-0000-0000-0000-000000001b5c,86
7005,user_7005,2020-10-18,3768.11,True,00000000-0000-0000-0000-000000001b5d,32
7006,user_7006,2020-10-18,5335.54,False,00000000-0000-0000-0000-000000001b5e,8
7007,user_7007,2020-10-18,2.41,False,00000000-0000-0000-0000-000000001b5f,52
7008,user_7008,2020-10-19,2412.44,False,00000000-0000-0000-0000-000000001b60,76
7009,user_7009,2020-10-19,2082.32,False,00000000-0000-0000-0000-000000001b61,91
7010,user_7010,2020-10-19,2504.83,True,00000000-0000-0000-0000-000000001b62,50
7011,user_7011,2020-10-19,8059.06,False,00000000-0000-0000-0000-000000001b63,70
7012,user_7012,2020-10-19,2796.74,False,00000000-0000-0000-0000-000000001b64,25
7013,user_7013,2020-10-19,1915.21,False,00000000-0000-0000-0000-000000001b65,15
7014,user_7014,2020-10-19,5042.63,True,00000000-0000-0000-0000-000000001b66,39
7015,user_7015,2020-10-19,8656.45,False,00000000-0000-0000-0000-000000001b67,89
7016,user_7016,2020-10-19,2413.5,False,00000000-0000-0000-0000-000000001b68,50
7017,user_7017,2020-10-19,785.36,True,00000000-0000-0000-0000-000000001b69,38
7018,user_7018,2020-10-19,3564.05,False,00000000-0000-0000-0000-000000001b6a,54
7019,user_7019,2020-10-19,7476.52,False,00000000-0000-0000-0000-000000001b6b,95
7020,user_7020,2020-10-19,5506.91,False,00000000-0000-0000-0000-000000001b6c,35
7021,user_7021,2020-10-19,8167.93,False,00000000-0000-0000-0000-000000001b6d,64
7022,user_7022,2020-10-19,9595.92,True,00000000-0000-0000-0000-000000001b6e,84
7023,user_7023,2020-10-19,7926.62,True,00000000-0000-0000-0000-000000001b6f,76
7024,user_7024,2020-10-19,6038.03,True,00000000-0000-0000-0000-000000001b70,89
7025,user_7025,2020-10-19,4933.42,False,00000000-0000-0000-0000-000000001b71,44
7026,user_7026,2020-10-19,400.69,True,00000000-0000-0000-0000-000000001b72,8
7027,user_7027,2020-10-19,9843.22,True,00000000-0000-0000-0000-000000001b73,36
7028,user_7028,2020-10-19,3834.81,False,00000000-0000-0000-0000-000000001b74,86
7029,user_7029,2020-10-19,1522.28,True,00000000-0000-0000-0000-000000001b75,0
7030,user_7030,2020-10-19,6667.09,True,00000000-0000-0000-0000-000000001b76,65
7031,user_7031,2020-10-19,2842.88,True,00000000-0000-0000-0000-000000001b77,62
7032,user_7032,2020-10-20,5857.78,False,00000000-0000-0000-0000-000000001b78,42
7033,user_7033,2020-10-20,5867.68,False,00000000-0000-0000-0000-000000001b79,27
7034,user_7034,2020-10-20,4457.3,True,00000000-0000-0000-0000-000000001b7a,99
7035,user_7035,2020-10-20,8361.19,True,00000000-0000-0000-0000-000000001b7b,30
7036,user_7036,2020-10-20,2649.67,False,00000000-0000-0000-0000-000000001b7c,68
7037,user_7037,2020-10-20,4486.33,False,00000000-0000-0000-0000-000000001b7d,88
7038,user_7038,2020-10-20,5376.92,False,00000000-0000-0000-0000-000000001b7e,7
7039,user_7039,2020-10-20,6636.25,False,00000000-0000-0000-0000-000000001b7f,33
7040,user_7040,2020-10-20,7839.72,True,00000000-0000-0000-0000-000000001b80,48
7041,user_7041,2020-10-20,3948.07,False,00000000-0000-0000-0000-000000001b81,95
7042,user_7042,2020-10-20,6460.47,True,00000000-0000-0000-0000-000000001b82,57
7043,user_7043,2020-10-20,1506.11,False,00000000-0000-0000-0000-000000001b83,74
7044,user_7044,2020-10-20,9326.48,False,00000000-0000-0000-0000-000000001b84,46
7045,user_7045,2020-10-20,3830.59,False,00000000-0000-0000-0000-000000001b85,24
7046,user_7046,2020-10-20,7295.21,False,00000000-0000-0000-0000-000000001b86,2
7047,user_7047,2020-10-20,203.41,True,00000000-0000-0000-0000-000000001b87,44
7048,user_7048,2020-10-20,2051.87,True,00000000-0000-0000-0000-000000001b88,51
7049,user_7049,2020-10-20,4870.83,True,00000000-0000-0000-0000-000000001b89,95
7050,user_7050,2020-10-20,8782.52,False,00000000-0000-0000-0000-000000001b8a,98
7051,user_7051,2020-10-20,5272.55,True,00000000-0000-0000-0000-000000001b8b,95
7052,user_7052,2020-10-20,9298.7,False,00000000-0000-0000-0000-000000001b8c,33
7053,user_7053,2020-10-20,4837.97,False,00000000-0000-0000-0000-000000001b8d,68
7054,user_7054,2020-10-20,4904.49,True,00000000-0000-0000-0000-000000001b8e,91
7055,user_7055,2020-10-20,1197.47,False,00000000-0000-0000-0000-000000001b8f,91
7056,user_7056,2020-10-21,8026.56,False,00000000-0000-0000-0000-000000001b90,7
7057,user_7057,2020-10-21,2469.65,True,00000000-0000-0000-0000-000000001b91,26
7058,user_7058,2020-10-21,8996.12,False,00000000-0000-0000-0000-000000001b92,79
7059,user_7059,2020-10-21,9108.24,False,00000000-0000-0000-0000-000000001b93,62
7060,user_7060,2020-10-21,9433.1,True,00000000-0000-0000-0000-000000001b94,81
7061,user_7061,2020-10-21,5202.3,True,00000000-0000-0000-0000-000000001b95,24
7062,user_7062,2020-10-21,6770.94,False,00000000-0000-0000-0000-000000001b96,57
7063,user_7063,2020-10-21,7785.16,True,00000000-0000-0000-0000-000000001b97,47
7064,user_7064,2020-10-21,1310.15,False,00000000-0000-0000-0000-000000001b98,0
7065,user_7065,2020-10-21,6009.57,True,00000000-0000-0000-0000-000000001b99,7
7066,user_7066,2020-10-21,342.98,False,00000000-0000-0000-0000-000000001b9a,20
7067,user_7067,2020-10-21,4975.66,True,00000000-0000-0000-0000-000000001b9b,97
7068,user_7068,2020-10-21,1548.43,True,00000000-0000-0000-0000-000000001b9c,87
7069,user_7069,2020-10-21,1829.23,False,00000000-0000-0000-0000-000000001b9d,89
7070,user_7070,2020-10-21,3650.48,True,00000000-0000-0000-0000-000000001b9e,77
7071,user_7071,2020-10-21,4324.37,True,00000000-0000-0000-0000-000000001b9f,28
7072,user_7072,2020-10-21,6231.72,False,00000000-0000-0000-0000-000000001ba0,29
7073,user_7073,2020-10-21,744.28,True,00000000-0000-0000-0000-000000001ba1,2
7074,user_7074,2020-10-21,5036.92,True,00000000-0000-0000-0000-000000001ba2,6
7075,user_7075,2020-10-21,1826.25,True,00000000-0000-0000-0000-000000001ba3,99
7076,user_7076,2020-10-21,5739.75,False,00000000-0000-0000-0000-000000001ba4,10
7077,user_7077,2020-10-21,6374.05,True,00000000-0000-0000-0000-000000001ba5,31
7078,user_7078,2020-10-21,5567.09,False,00000000-0000-0000-0000-000000001ba6,58
7079,user_7079,2020-10-21,7382.96,False,00000000-0000-0000-0000-000000001ba7,11
7080,user_7080,2020-10-22,3356.09,True,00000000-0000-0000-0000-000000001ba8,78
7081,user_7081,2020-10-22,7651.07,False,00000000-0000-0000-0000-000000001ba9,37
7082,user_7082,2020-10-22,4327.67,False,00000000-0000-0000-0000-000000001baa,23
7083,user_7083,2020-10-22,4841.84,False,00000000-0000-0000-0000-000000001bab,64
7084,user_7084,2020-10-22,6481.02,False,00000000-0000-0000-0000-000000001bac,17
7085,user_7085,2020-10-22,183.58,True,00000000-0000-0000-0000-000000001bad,45
7086,user_7086,2020-10-22,6539.94,True,00000000-0000-0000-0000-000000001bae,55
7087,user_7087,2020-10-22,6185.85,True,00000000-0000-0000-0000-000000001baf,62
7088,user_7088,2020-10-22,3098.47,False,00000000-0000-0000-0000-000000001bb0,6
7089,user_7089,2020-10-22,857.94,False,00000000-0000-0000-0000-000000001bb1,65
7090,user_7090,2020-10-22,909.35,True,00000000-0000-0000-0000-000000001bb2,39
7091,user_7091,2020-10-22,9232.24,False,00000000-0000-0000-0000-000000001bb3,53
7092,user_7092,2020-10-22,6892.79,True,00000000-0000-0000-0000-000000001bb4,30
7093,user_7093,2020-10-22,1271.03,False,00000000-0000-0000-0000-000000001bb5,96
7094,user_7094,2020-10-22,3567.23,True,00000000-0000-0000-0000-000000001bb6,51
7095,user_7095,2020-10-22,5924.83,True,00000000-0000-0000-0000-000000001bb7,93
7096,user_7096,2020-10-22,8355.72,True,00000000-0000-0000-0000-000000001bb8,30
7097,user_7097,2020-10-22,436.61,False,00000000-0000-0000-0000-000000001bb9,33
7098,user_7098,2020-10-22,2366.33,True,00000000-0000-0000-0000-000000001bba,6
7099,user_7099,2020-10-22,8897.49,False,00000000-0000-0000-0000-000000001bbb,88
7100,user_7100,2020-10-22,91.66,False,00000000-0000-0000-0000-000000001bbc,15
7101,user_7101,2020-10-22,2013.99,True,00000000-0000-0000-0000-000000001bbd,21
7102,user_7102,2020-10-22,9590.24,True,00000000-0000-0000-0000-000000001bbe,99
7103,user_7103,2020-10-22,6134.02,False,00000000-0000-0000-0000-000000001bbf,52
7104,user_7104,2020-10-23,2616.71,False,00000000-0000-0000-0000-000000001bc0,90
7105,user_7105,2020-10-23,669.91,True,00000000-0000-0000-0000-000000001bc1,16
7106,user_7106,2020-10-23,281.91,True,00000000-0000-0000-0000-000000001bc2,3
7107,user_7107,2020-10-23,2447.45,False,00000000-0000-0000-0000-000000001bc3,60
7108,user_7108,2020-10-23,8814.86,True,00000000-0000-0000-0000-000000001bc4,98
7109,user_7109,2020-10-23,4159.14,True,00000000-0000-0000-0000-000000001bc5,85
7110,user_7110,2020-10-23,7203.33,True,00000000-0000-0000-0000-000000001bc6,51
7111,user_7111,2020-10-23,9182.85,True,00000000-0000-0000-0000-000000001bc7,34
7112,user_7112,2020-10-23,4080.4,False,00000000-0000-0000-0000-000000001bc8,43
7113,user_7113,2020-10-23,1912.77,False,00000000-0000-0000-0000-000000001bc9,14
7114,user_7114,2020-10-23,5171.18,True,00000000-0000-0000-0000-000000001bca,60
7115,user_7115,2020-10-23,9080.84,True,00000000-0000-0000-0000-000000001bcb,43
7116,user_7116,2020-10-23,8043.74,False,00000000-0000-0000-0000-000000001bcc,20
7117,user_7117,2020-10-23,658.3,False,00000000-0000-0000-0000-000000001bcd,76
7118,user_7118,2020-10-23,6925.73,False,00000000-0000-0000-0000-000000001bce,46
7119,user_7119,2020-10-23,5718.98,False,00000000-0000-0000-0000-000000001bcf,74
7120,user_7120,2020-10-23,9074.63,False,00000000-0000-0000-0000-000000001bd0,48
7121,user_7121,2020-10-23,1224.81,True,00000000-0000-0000-0000-000000001bd1,52
7122,user_7122,2020-10-23,5340.36,True,00000000-0000-0000-0000-000000001bd2,26
7123,user_7123,2020-10-23,8794.63,False,00000000-0000-0000-0000-000000001bd3,30
7124,user_7124,2020-10-23,4100.24,False,00000000-0000-0000-0000-000000001bd4,43
7125,user_7125,2020-10-23,4819.95,True,00000000-0000-0000-0000-000000001bd5,31
7126,user_7126,2020-10-23,704.61,False,00000000-0000-0000-0000-000000001bd6,29
7127,user_7127,2020-10-23,2781.44,False,00000000-0000-0000-0000-000000001bd7,17
7128,user_7128,2020-10-24,3245.07,True,00000000-0000-0000-0000-000000001bd8,62
7129,user_7129,2020-10-24,9451.22,True,00000000-0000-0000-0000-000000001bd9,15
7130,user_7130,2020-10-24,2826.67,True,00000000-0000-0000-0000-000000001bda,34
7131,user_7131,2020-10-24,4608.69,True,00000000-0000-0000-0000-000000001bdb,61
7132,user_7132,2020-10-24,6713.04,False,00000000-0000-0000-0000-000000001bdc,8
7133,user_7133,2020-10-24,1621.83,True,00000000-0000-0000-0000-000000001bdd,61
7134,user_7134,2020-10-24,4864.42,False,00000000-0000-0000-0000-000000001bde,38
7135,user_7135,2020-10-24,7385.39,False,00000000-0000-0000-0000-000000001bdf,50
7136,user_7136,2020-10-24,8668.55,False,00000000-0000-0000-0000-000000001be0,9
7137,user_7137,2020-10-24,6262.59,False,00000000-0000-0000-0000-000000001be1,51
7138,user_7138,2020-10-24,6690.54,True,00000000-0000-0000-0000-000000001be2,11
7139,user_7139,2020-10-24,1262.83,False,00000000-0000-0000-0000-000000001be3,71
7140,user_7140,2020-10-24,9457.76,False,00000000-0000-0000-0000-000000001be4,61
7141,user_7141,2020-10-24,1325.74,False,00000000-0000-0000-0000-000000001be5,2
7142,user_7142,2020-10-24,7746.73,True,00000000-0000-0000-0000-000000001be6,82
7143,user_7143,2020-10-24,2648.16,True,00000000-0000-0000-0000-000000001be7,10
7144,user_7144,2020-10-24,9335.93,True,00000000-0000-0000-0000-000000001be8,7
7145,user_7145,2020-10-24,7199.6,True,00000000-0000-0000-0000-000000001be9,89
7146,user_7146,2020-10-24,7538.14,True,00000000-0000-0000-0000-000000001bea,22
7147,user_7147,2020-10-24,2190.59,False,00000000-0000-0000-0000-000000001beb,9
7148,user_7148,2020-10-24,4430.4,True,00000000-0000-0000-0000-000000001bec,17
7149,user_7149,2020-10-24,6178.13,False,00000000-0000-0000-0000-000000001bed,75
7150,user_7150,2020-10-24,7699.74,True,00000000-0000-0000-0000-000000001bee,38
7151,user_7151,2020-10-24,1039.59,False,00000000-0000-0000-0000-000000001bef,25
7152,user_7152,2020-10-25,9623.65,True,00000000-0000-0000-0000-000000001bf0,10
7153,user_7153,2020-10-25,8902.21,False,00000000-0000-0000-0000-000000001bf1,9
7154,user_7154,2020-10-25,2703.49,True,00000000-0000-0000-0000-000000001bf2,2
7155,user_7155,2020-10-25,8227.6,False,00000000-0000-0000-0000-000000001bf3,61
7156,user_7156,2020-10-25,5183.24,False,00000000-0000-0000-0000-000000001bf4,70
7157,user_7157,2020-10-25,4618.06,False,00000000-0000-0000-0000-000000001bf5,60
7158,user_7158,2020-10-25,3144.34,False,00000000-0000-0000-0000-000000001bf6,3
7159,user_7159,2020-10-25,5809.69,False,00000000-0000-0000-0000-000000001bf7,60
7160,user_7160,2020-10-25,7298.89,False,00000000-0000-0000-0000-000000001bf8,7
7161,user_7161,2020-10-25,4109.33,True,00000000-0000-0000-0000-000000001bf9,12
7162,user_7162,2020-10-25,6292.19,True,00000000-0000-0000-0000-000000001bfa,11
7163,user_7163,2020-10-25,6993.13,False,00000000-0000-0000-0000-000000001bfb,34
7164,user_7164,2020-10-25,7111.22,False,00000000-0000-0000-0000-000000001bfc,53
7165,user_7165,2020-10-25,519.66,False,00000000-0000-0000-0000-000000001bfd,50
7166,user_7166,2020-10-25,8597.48,False,00000000-0000-0000-0000-000000001bfe,42
7167,user_7167,2020-10-25,4582.53,False,00000000-0000-0000-0000-000000001bff,99
7168,user_7168,2020-10-25,2624.16,False,00000000-0000-0000-0000-000000001c00,65
7169,user_7169,2020-10-25,2417.65,False,00000000-0000-0000-0000-000000001c01,14
7170,user_7170,2020-10-25,4830.14,True,00000000-0000-0000-0000-000000001c02,48
7171,user_7171,2020-10-25,8868.32,False,00000000-0000-0000-0000-000000001c03,33
7172,user_7172,2020-10-25,3783.48,False,00000000-0000-0000-0000-000000001c04,38
7173,user_7173,2020-10-25,7497.26,True,00000000-0000-0000-0000-000000001c05,25
7174,user_7174,2020-10-25,968.19,True,00000000-0000-0000-0000-000000001c06,68
7175,user_7175,2020-10-25,4760.57,False,00000000-0000-0000-0000-000000001c07,47
7176,user_7176,2020-10-26,9916.86,True,00000000-0000-0000-0000-000000001c08,88
7177,user_7177,2020-10-26,7704.38,True,00000000-0000-0000-0000-000000001c09,50
7178,user_7178,2020-10-26,2105.28,True,00000000-0000-0000-0000-000000001c0a,97
7179,user_7179,2020-10-26,5014.41,False,00000000-0000-0000-0000-000000001c0b,3
7180,user_7180,2020-10-26,2336.25,False,00000000-0000-0000-0000-000000001c0c,97
7181,user_7181,2020-10-26,4095.61,True,00000000-0000-0000-0000-000000001c0d,26
7182,user_7182,2020-10-26,7800.84,False,00000000-0000-0000-0000-000000001c0e,41
7183,user_7183,2020-10-26,7712.25,False,00000000-0000-0000-0000-000000001c0f,55
7184,user_7184,2020-10-26,2281.0,False,00000000-0000-0000-0000-000000001c10,92
7185,user_7185,2020-10-26,9222.23,True,00000000-0000-0000-0000-000000001c11,68
7186,user_7186,2020-10-26,5925.68,True,00000000-0000-0000-0000-000000001c12,17
7187,user_7187,2020-10-26,3799.24,True,00000000-0000-0000-0000-000000001c13,60
7188,user_7188,2020-10-26,5019.36,True,00000000-0000-0000-0000-000000001c14,3
7189,user_7189,2020-10-26,6050.71,False,00000000-0000-0000-0000-000000001c15,0
7190,user_7190,2020-10-26,5598.91,False,00000000-0000-0000-0000-000000001c16,49
7191,user_7191,2020-10-26,4864.05,False,00000000-0000-0000-0000-000000001c17,83
7192,user_7192,2020-10-26,5049.33,True,00000000-0000-0000-0000-000000001c18,69
7193,user_7193,2020-10-26,1764.12,True,00000000-0000-0000-0000-000000001c19,19
7194,user_7194,2020-10-26,8127.33,False,00000000-0000-0000-0000-000000001c1a,19
7195,user_7195,2020-10-26,5417.6,True,00000000-0000-0000-0000-000000001c1b,45
7196,user_7196,2020-10-26,1310.8,True,00000000-0000-0000-0000-000000001c1c,26
7197,user_7197,2020-10-26,7661.57,False,00000000-0000-0000-0000-000000001c1d,25
7198,user_7198,2020-10-26,9324.44,True,00000000-0000-0000-0000-000000001c1e,31
7199,user_7199,2020-10-26,9473.07,True,00000000-0000-0000-0000-000000001c1f,9
7200,user_7200,2020-10-27,3690.18,False,00000000-0000-0000-0000-000000001c20,81
7201,user_7201,2020-10-27,1355.17,True,00000000-0000-0000-0000-000000001c21,11
7202,user_7202,2020-10-27,5184.0,False,00000000-0000-0000-0000-000000001c22,73
7203,user_7203,2020-10-27,1126.09,False,00000000-0000-0000-0000-000000001c23,87
7204,user_7204,2020-10-27,9339.87,True,00000000-0000-0000-0000-000000001c24,23
7205,user_7205,2020-10-27,1835.8,False,00000000-0000-0000-0000-000000001c25,50
7206,user_7206,2020-10-27,2527.66,True,00000000-0000-0000-0000-000000001c26,37
7207,user_7207,2020-10-27,4066.37,True,00000000-0000-0000-0000-000000001c27,45
7208,user_7208,2020-10-27,3831.64,True,00000000-0000-0000-0000-000000001c28,88
7209,user_7209,2020-10-27,7946.63,True,00000000-0000-0000-0000-000000001c29,7
7210,user_7210,2020-10-27,4563.17,True,00000000-0000-0000-0000-000000001c2a,54
7211,user_7211,2020-10-27,1707.68,True,00000000-0000-0000-0000-000000001c2b,77
7212,user_7212,2020-10-27,2672.1,True,00000000-0000-0000-0000-000000001c2c,30
7213,user_7213,2020-10-27,5091.13,True,00000000-0000-0000-0000-000000001c2d,87
7214,user_7214,2020-10-27,1474.54,True,00000000-0000-0000-0000-000000001c2e,15
7215,user_7215,2020-10-27,6116.56,False,00000000-0000-0000-0000-000000001c2f,19
7216,user_7216,2020-10-27,5657.47,False,00000000-0000-0000-0000-000000001c30,37
7217,user_7217,2020-10-27,7147.02,True,00000000-0000-0000-0000-000000001c31,14
7218,user_7218,2020-10-27,9377.05,True,00000000-0000-0000-0000-000000001c32,77
7219,user_7219,2020-10-27,9122.55,True,00000000-0000-0000-0000-000000001c33,75
7220,user_7220,2020-10-27,9460.76,False,00000000-0000-0000-0000-000000001c34,33
7221,user_7221,2020-10-27,2447.16,False,00000000-0000-0000-0000-000000001c35,71
7222,user_7222,2020-10-27,1315.65,True,00000000-0000-0000-0000-000000001c36,18
7223,user_7223,2020-10-27,3022.77,True,00000000-0000-0000-0000-000000001c37,68
7224,user_7224,2020-10-28,8950.85,True,00000000-0000-0000-0000-000000001c38,90
7225,user_7225,2020-10-28,9720.53,False,00000000-0000-0000-0000-000000001c39,62
7226,user_7226,2020-10-28,8593.25,True,00000000-0000-0000-0000-000000001c3a,76
7227,user_7227,2020-10-28,1100.18,False,00000000-0000-0000-0000-000000001c3b,31
7228,user_7228,2020-10-28,9474.28,False,00000000-0000-0000-0000-000000001c3c,94
7229,user_7229,2020-10-28,4233.58,True,00000000-0000-0000-0000-000000001c3d,36
7230,user_7230,2020-10-28,93.1,False,00000000-0000-0000-0000-000000001c3e,65
7231,user_7231,2020-10-28,4423.94,True,00000000-0000-0000-0000-000000001c3f,6
7232,user_7232,2020-10-28,460.69,False,00000000-0000-0000-0000-000000001c40,47
7233,user_7233,2020-10-28,5438.78,False,00000000-0000-0000-0000-000000001c41,10
7234,user_7234,2020-10-28,3385.54,True,00000000-0000-0000-0000-000000001c42,74
7235,user_7235,2020-10-28,4734.35,True,00000000-0000-0000-0000-000000001c43,86
7236,user_7236,2020-10-28,6131.7,False,00000000-0000-0000-0000-000000001c44,30
7237,user_7237,2020-10-28,8688.01,False,00000000-0000-0000-0000-000000001c45,43
7238,user_7238,2020-10-28,6619.02,False,00000000-0000-0000-0000-000000001c46,44
7239,user_7239,2020-10-28,4340.49,True,00000000-0000-0000-0000-000000001c47,71
7240,user_7240,2020-10-28,8194.28,True,00000000-0000-0000-0000-000000001c48,55
7241,user_7241,2020-10-28,9055.82,True,00000000-0000-0000-0000-000000001c49,31
7242,user_7242,2020-10-28,1197.6,True,00000000-0000-0000-0000-000000001c4a,20
7243,user_7243,2020-10-28,5319.33,False,00000000-0000-0000-0000-000000001c4b,30
7244,user_7244,2020-10-28,2845.12,False,00000000-0000-0000-0000-000000001c4c,0
7245,user_7245,2020-10-28,470.61,False,00000000-0000-0000-0000-000000001c4d,76
7246,user_7246,2020-10-28,6685.47,False,00000000-0000-0000-0000-000000001c4e,10
7247,user_7247,2020-10-28,8627.71,False,00000000-0000-0000-0000-000000001c4f,92
7248,user_7248,2020-10-29,1629.03,True,00000000-0000-0000-0000-000000001c50,67
7249,user_7249,2020-10-29,8124.14,True,00000000-0000-0000-0000-000000001c51,35
7250,user_7250,2020-10-29,8533.96,False,00000000-0000-0000-0000-000000001c52,78
7251,user_7251,2020-10-29,9143.4,False,00000000-0000-0000-0000-000000001c53,58
7252,user_7252,2020-10-29,2652.85,False,00000000-0000-0000-0000-000000001c54,66
7253,user_7253,2020-10-29,9039.53,False,00000000-0000-0000-0000-000000001c55,55
7254,user_7254,2020-10-29,3206.63,False,00000000-0000-0000-0000-000000001c56,50
7255,user_7255,2020-10-29,5523.38,False,00000000-0000-0000-0000-000000001c57,28
7256,user_7256,2020-10-29,505.07,False,00000000-0000-0000-0000-000000001c58,84
7257,user_7257,2020-10-29,438.81,False,00000000-0000-0000-0000-000000001c59,1
7258,user_7258,2020-10-29,7203.73,True,00000000-0000-0000-0000-000000001c5a,5
7259,user_7259,2020-10-29,4444.8,False,00000000-0000-0000-0000-000000001c5b,30
7260,user_7260,2020-10-29,2562.92,False,00000000-0000-0000-0000-000000001c5c,53
7261,user_7261,2020-10-29,1904.13,True,00000000-0000-0000-0000-000000001c5d,87
7262,user_7262,2020-10-29,6699.53,True,00000000-0000-0000-0000-000000001c5e,39
7263,user_7263,2020-10-29,4.02,False,00000000-0000-0000-0000-000000001c5f,16
7264,user_7264,2020-10-29,8058.91,True,00000000-0000-0000-0000-000000001c60,4
7265,user_7265,2020-10-29,792.5,True,00000000-0000-0000-0000-000000001c61,1
7266,user_7266,2020-10-29,1914.9,False,00000000-0000-0000-0000-000000001c62,57
7267,user_7267,2020-10-29,3862.36,True,00000000-0000-0000-0000-000000001c63,11
7268,user_7268,2020-10-29,4848.59,False,00000000-0000-0000-0000-000000001c64,4
7269,user_7269,2020-10-29,3549.95,False,00000000-0000-0000-0000-000000001c65,59
7270,user_7270,2020-10-29,3207.12,False,00000000-0000-0000-0000-000000001c66,40
7271,user_7271,2020-10-29,9639.16,True,00000000-0000-0000-0000-000000001c67,19
7272,user_7272,2020-10-30,6415.8,True,00000000-0000-0000-0000-000000001c68,71
7273,user_7273,2020-10-30,234.33,False,00000000-0000-0000-0000-000000001c69,0
7274,user_7274,2020-10-30,4301.76,False,00000000-0000-0000-0000-000000001c6a,55
7275,user_7275,2020-10-30,8750.09,True,00000000-0000-0000-0000-000000001c6b,69
7276,user_7276,2020-10-30,3014.56,False,00000000-0000-0000-0000-000000001c6c,55
7277,user_7277,2020-10-30,945.56,True,00000000-0000-0000-0000-000000001c6d,53
7278,user_7278,2020-10-30,7583.85,True,00000000-0000-0000-0000-000000001c6e,10
7279,user_7279,2020-10-30,6060.14,True,00000000-0000-0000-0000-000000001c6f,2
7280,user_7280,2020-10-30,5703.13,True,00000000-0000-0000-0000-000000001c70,94
7281,user_7281,2020-10-30,535.77,True,00000000-0000-0000-0000-000000001c71,27
7282,user_7282,2020-10-30,1404.99,True,00000000-0000-0000-0000-000000001c72,4
7283,user_7283,2020-10-30,6225.49,False,00000000-0000-0000-0000-000000001c73,89
7284,user_7284,2020-10-30,2078.24,False,00000000-0000-0000-0000-000000001c74,15
7285,user_7285,2020-10-30,5040.7,True,00000000-0000-0000-0000-000000001c75,30
7286,user_7286,2020-10-30,5448.82,True,00000000-0000-0000-0000-000000001c76,27
7287,user_7287,2020-10-30,2835.07,False,00000000-0000-0000-0000-000000001c77,6
7288,user_7288,2020-10-30,9484.25,False,00000000-0000-0000-0000-000000001c78,8
7289,user_7289,2020-10-30,8424.64,False,00000000-0000-0000-0000-000000001c79,38
7290,user_7290,2020-10-30,7223.74,False,00000000-0000-0000-0000-000000001c7a,98
7291,user_7291,2020-10-30,779.94,False,00000000-0000-0000-0000-000000001c7b,42
7292,user_7292,2020-10-30,1061.3,False,00000000-0000-0000-0000-000000001c7c,26
7293,user_7293,2020-10-30,4927.81,False,00000000-0000-0000-0000-000000001c7d,75
7294,user_7294,2020-10-30,1607.13,False,00000000-0000-0000-0000-000000001c7e,88
7295,user_7295,2020-10-30,9782.65,True,00000000-0000-0000-0000-000000001c7f,92
7296,user_7296,2020-10-31,1585.2,False,00000000-0000-0000-0000-000000001c80,94
7297,user_7297,2020-10-31,4874.68,True,00000000-0000-0000-0000-000000001c81,97
7298,user_7298,2020-10-31,3641.21,False,00000000-0000-0000-0000-000000001c82,32
7299,user_7299,2020-10-31,6393.86,False,00000000-0000-0000-0000-000000001c83,90
7300,user_7300,2020-10-31,1290.36,False,00000000-0000-0000-0000-000000001c84,55
7301,user_7301,2020-10-31,4303.16,False,00000000-0000-0000-0000-000000001c85,1
7302,user_7302,2020-10-31,2747.05,False,00000000-0000-0000-0000-000000001c86,13
7303,user_7303,2020-10-31,8877.52,True,00000000-0000-0000-0000-000000001c87,12
7304,user_7304,2020-10-31,405.86,False,00000000-0000-0000-0000-000000001c88,23
7305,user_7305,2020-10-31,9137.27,True,00000000-0000-0000-0000-000000001c89,68
7306,user_7306,2020-10-31,8329.94,True,00000000-0000-0000-0000-000000001c8a,33
7307,user_7307,2020-10-31,2975.71,False,00000000-0000-0000-0000-000000001c8b,86
7308,user_7308,2020-10-31,7892.91,True,00000000-0000-0000-0000-000000001c8c,18
7309,user_7309,2020-10-31,312.14,False,00000000-0000-0000-0000-000000001c8d,29
7310,user_7310,2020-10-31,9668.66,False,00000000-0000-0000-0000-000000001c8e,48
7311,user_7311,2020-10-31,5265.95,False,00000000-0000-0000-0000-000000001c8f,42
7312,user_7312,2020-10-31,3032.81,True,00000000-0000-0000-0000-000000001c90,15
7313,user_7313,2020-10-31,3625.83,False,00000000-0000-0000-0000-000000001c91,51
7314,user_7314,2020-10-31,664.05,True,00000000-0000-0000-0000-000000001c92,97
7315,user_7315,2020-10-31,9893.5,False,00000000-0000-0000-0000-000000001c93,48
7316,user_7316,2020-10-31,392.92,False,00000000-0000-0000-0000-000000001c94,10
7317,user_7317,2020-10-31,6549.07,True,00000000-0000-0000-0000-000000001c95,77
7318,user_7318,2020-10-31,4427.36,True,00000000-0000-0000-0000-000000001c96,46
7319,user_7319,2020-10-31,9489.16,True,00000000-0000-0000-0000-000000001c97,78
7320,user_7320,2020-11-01,2460.0,True,00000000-0000-0000-0000-000000001c98,34
7321,user_7321,2020-11-01,5320.87,True,00000000-0000-0000-0000-000000001c99,70
7322,user_7322,2020-11-01,4823.56,True,00000000-0000-0000-0000-000000001c9a,28
7323,user_7323,2020-11-01,7028.66,False,00000000-0000-0000-0000-000000001c9b,53
7324,user_7324,2020-11-01,680.1,True,00000000-0000-0000-0000-000000001c9c,85
7325,user_7325,2020-11-01,1937.89,False,00000000-0000-0000-0000-000000001c9d,22
7326,user_7326,2020-11-01,2145.65,False,00000000-0000-0000-0000-000000001c9e,23
7327,user_7327,2020-11-01,7381.51,False,00000000-0000-0000-0000-000000001c9f,98
7328,user_7328,2020-11-01,1891.39,False,00000000-0000-0000-0000-000000001ca0,9
7329,user_7329,2020-11-01,5734.92,False,00000000-0000-0000-0000-000000001ca1,60
7330,user_7330,2020-11-01,2152.44,True,00000000-0000-0000-0000-000000001ca2,7
7331,user_7331,2020-11-01,8616.25,False,00000000-0000-0000-0000-000000001ca3,47
7332,user_7332,2020-11-01,9421.85,False,00000000-0000-0000-0000-000000001ca4,75
7333,user_7333,2020-11-01,5184.93,False,00000000-0000-0000-0000-000000001ca5,92
7334,user_7334,2020-11-01,3523.09,True,00000000-0000-0000-0000-000000001ca6,28
7335,user_7335,2020-11-01,2340.58,True,00000000-0000-0000-0000-000000001ca7,86
7336,user_7336,2020-11-01,497.81,True,00000000-0000-0000-0000-000000001ca8,25
7337,user_7337,2020-11-01,2685.0,True,00000000-0000-0000-0000-000000001ca9,36
7338,user_7338,2020-11-01,6542.36,False,00000000-0000-0000-0000-000000001caa,95
7339,user_7339,2020-11-01,5336.17,True,00000000-0000-0000-0000-000000001cab,51
7340,user_7340,2020-11-01,9440.41,False,00000000-0000-0000-0000-000000001cac,37
7341,user_7341,2020-11-01,3962.77,True,00000000-0000-0000-0000-000000001cad,5
7342,user_7342,2020-11-01,6938.63,True,00000000-0000-0000-0000-000000001cae,7
7343,user_7343,2020-11-01,4893.23,True,00000000-0000-0000-0000-000000001caf,16
7344,user_7344,2020-11-02,5125.76,True,00000000-0000-0000-0000-000000001cb0,75
7345,user_7345,2020-11-02,2677.74,False,00000000-0000-0000-0000-000000001cb1,61
7346,user_7346,2020-11-02,4549.51,True,00000000-0000-0000-0000-000000001cb2,85
7347,user_7347,2020-11-02,4707.85,False,00000000-0000-0000-0000-000000001cb3,77
7348,user_7348,2020-11-02,7066.43,False,00000000-0000-0000-0000-000000001cb4,33
7349,user_7349,2020-11-02,9406.4,False,00000000-0000-0000-0000-000000001cb5,18
7350,user_7350,2020-11-02,3293.21,False,00000000-0000-0000-0000-000000001cb6,69
7351,user_7351,2020-11-02,422.0,False,00000000-0000-0000-0000-000000001cb7,81
7352,user_7352,2020-11-02,4962.95,False,00000000-0000-0000-0000-000000001cb8,99
7353,user_7353,2020-11-02,5444.61,False,00000000-0000-0000-0000-000000001cb9,36
7354,user_7354,2020-11-02,1684.41,True,00000000-0000-0000-0000-000000001cba,37
7355,user_7355,2020-11-02,7604.65,False,00000000-0000-0000-0000-000000001cbb,14
7356,user_7356,2020-11-02,9849.29,True,00000000-0000-0000-0000-000000001cbc,39
7357,user_7357,2020-11-02,9457.75,True,00000000-0000-0000-0000-000000001cbd,8
7358,user_7358,2020-11-02,1971.06,False,00000000-0000-0000-0000-000000001cbe,52
7359,user_7359,2020-11-02,8753.63,False,00000000-0000-0000-0000-000000001cbf,69
7360,user_7360,2020-11-02,7044.94,True,00000000-0000-0000-0000-000000001cc0,65
7361,user_7361,2020-11-02,4538.47,True,00000000-0000-0000-0000-000000001cc1,79
7362,user_7362,2020-11-02,5406.11,False,00000000-0000-0000-0000-000000001cc2,51
7363,user_7363,2020-11-02,8496.0,False,00000000-0000-0000-0000-000000001cc3,0
7364,user_7364,2020-11-02,4801.35,True,00000000-0000-0000-0000-000000001cc4,29
7365,user_7365,2020-11-02,3732.07,True,00000000-0000-0000-0000-000000001cc5,96
7366,user_7366,2020-11-02,4932.47,False,00000000-0000-0000-0000-000000001cc6,0
7367,user_7367,2020-11-02,5791.3,True,00000000-0000-0000-0000-000000001cc7,38
7368,user_7368,2020-11-03,1890.78,True,00000000-0000-0000-0000-000000001cc8,15
7369,user_7369,2020-11-03,9009.08,False,00000000-0000-0000-0000-000000001cc9,16
7370,user_7370,2020-11-03,6741.87,True,00000000-0000-0000-0000-000000001cca,81
7371,user_7371,2020-11-03,6332.69,False,00000000-0000-0000-0000-000000001ccb,21
7372,user_7372,2020-11-03,994.96,False,00000000-0000-0000-0000-000000001ccc,85
7373,user_7373,2020-11-03,6041.74,False,00000000-0000-0000-0000-000000001ccd,98
7374,user_7374,2020-11-03,1209.61,True,00000000-0000-0000-0000-000000001cce,30
7375,user_7375,2020-11-03,786.98,False,00000000-0000-0000-0000-000000001ccf,39
7376,user_7376,2020-11-03,5273.11,True,00000000-0000-0000-0000-000000001cd0,26
7377,user_7377,2020-11-03,4027.86,False,00000000-0000-0000-0000-000000001cd1,35
7378,user_7378,2020-11-03,5888.1,False,00000000-0000-0000-0000-000000001cd2,3
7379,user_7379,2020-11-03,892.22,True,00000000-0000-0000-0000-000000001cd3,68
7380,user_7380,2020-11-03,4309.83,True,00000000-0000-0000-0000-000000001cd4,24
7381,user_7381,2020-11-03,1747.87,True,00000000-0000-0000-0000-000000001cd5,94
7382,user_7382,2020-11-03,9871.0,False,00000000-0000-0000-0000-000000001cd6,77
7383,user_7383,2020-11-03,5611.5,True,00000000-0000-0000-0000-000000001cd7,29
7384,user_7384,2020-11-03,6874.37,False,00000000-0000-0000-0000-000000001cd8,46
7385,user_7385,2020-11-03,3254.18,True,00000000-0000-0000-0000-000000001cd9,11
7386,user_7386,2020-11-03,947.39,False,00000000-0000-0000-0000-000000001cda,26
7387,user_7387,2020-11-03,9758.71,False,00000000-0000-0000-0000-000000001cdb,44
7388,user_7388,2020-11-03,2862.59,False,00000000-0000-0000-0000-000000001cdc,87
7389,user_7389,2020-11-03,4238.08,False,00000000-0000-0000-0000-000000001cdd,62
7390,user_7390,2020-11-03,6498.64,True,00000000-0000-0000-0000-000000001cde,54
7391,user_7391,2020-11-03,246.97,True,00000000-0000-0000-0000-000000001cdf,29
7392,user_7392,2020-11-04,8102.59,False,00000000-0000-0000-0000-000000001ce0,81
7393,user_7393,2020-11-04,5365.78,False,00000000-0000-0000-0000-000000001ce1,13
7394,user_7394,2020-11-04,2782.17,True,00000000-0000-0000-0000-000000001ce2,55
7395,user_7395,2020-11-04,616.08,True,00000000-0000-0000-0000-000000001ce3,18
7396,user_7396,2020-11-04,1624.98,True,00000000-0000-0000-0000-000000001ce4,85
7397,user_7397,2020-11-04,8950.34,True,00000000-0000-0000-0000-000000001ce5,25
7398,user_7398,2020-11-04,6860.24,True,00000000-0000-0000-0000-000000001ce6,70
7399,user_7399,2020-11-04,2499.02,True,00000000-0000-0000-0000-000000001ce7,91
7400,user_7400,2020-11-04,656.01,False,00000000-0000-0000-0000-000000001ce8,37
7401,user_7401,2020-11-04,6906.15,True,00000000-0000-0000-0000-000000001ce9,68
7402,user_7402,2020-11-04,5724.08,True,00000000-0000-0000-0000-000000001cea,35
7403,user_7403,2020-11-04,4045.2,False,00000000-0000-0000-0000-000000001ceb,17
7404,user_7404,2020-11-04,3636.11,True,00000000-0000-0000-0000-000000001cec,56
7405,user_7405,2020-11-04,2168.14,True,00000000-0000-0000-0000-000000001ced,77
7406,user_7406,2020-11-04,6696.11,True,00000000-0000-0000-0000-000000001cee,22
7407,user_7407,2020-11-04,9706.68,False,00000000-0000-0000-0000-000000001cef,13
7408,user_7408,2020-11-04,1757.15,True,00000000-0000-0000-0000-000000001cf0,95
7409,user_7409,2020-11-04,5971.17,False,00000000-0000-0000-0000-000000001cf1,68
7410,user_7410,2020-11-04,4241.85,True,00000000-0000-0000-0000-000000001cf2,21
7411,user_7411,2020-11-04,4466.89,False,00000000-0000-0000-0000-000000001cf3,27
7412,user_7412,2020-11-04,2541.47,True,00000000-0000-0000-0000-000000001cf4,42
7413,user_7413,2020-11-04,8251.35,True,00000000-0000-0000-0000-000000001cf5,75
7414,user_7414,2020-11-04,4852.56,True,00000000-0000-0000-0000-000000001cf6,17
7415,user_7415,2020-11-04,5434.06,False,00000000-0000-0000-0000-000000001cf7,99
7416,user_7416,2020-11-05,3047.61,True,00000000-0000-0000-0000-000000001cf8,94
7417,user_7417,2020-11-05,1818.08,True,00000000-0000-0000-0000-000000001cf9,76
7418,user_7418,2020-11-05,859.1,False,00000000-0000-0000-0000-000000001cfa,83
7419,user_7419,2020-11-05,7141.19,False,00000000-0000-0000-0000-000000001cfb,35
7420,user_7420,2020-11-05,1962.34,False,00000000-0000-0000-0000-000000001cfc,6
7421,user_7421,2020-11-05,6900.75,True,00000000-0000-0000-0000-000000001cfd,22
7422,user_7422,2020-11-05,3903.76,False,00000000-0000-0000-0000-000000001cfe,33
7423,user_7423,2020-11-05,4157.75,True,00000000-0000-0000-0000-000000001cff,95
7424,user_7424,2020-11-05,4691.77,False,00000000-0000-0000-0000-000000001d00,20
7425,user_7425,2020-11-05,3677.09,False,00000000-0000-0000-0000-000000001d01,69
7426,user_7426,2020-11-05,1006.2,True,00000000-0000-0000-0000-000000001d02,79
7427,user_7427,2020-11-05,3096.32,True,00000000-0000-0000-0000-000000001d03,98
7428,user_7428,2020-11-05,6637.34,True,00000000-0000-0000-0000-000000001d04,46
7429,user_7429,2020-11-05,6657.84,True,00000000-0000-0000-0000-000000001d05,52
7430,user_7430,2020-11-05,2862.24,False,00000000-0000-0000-0000-000000001d06,83
7431,user_7431,2020-11-05,4601.03,False,00000000-0000-0000-0000-000000001d07,40
7432,user_7432,2020-11-05,1934.47,False,00000000-0000-0000-0000-000000001d08,74
7433,user_7433,2020-11-05,2103.72,True,00000000-0000-0000-0000-000000001d09,31
7434,user_7434,2020-11-05,230.47,True,00000000-0000-0000-0000-000000001d0a,13
7435,user_7435,2020-11-05,8967.47,False,00000000-0000-0000-0000-000000001d0b,87
7436,user_7436,2020-11-05,2107.07,False,00000000-0000-0000-0000-000000001d0c,94
7437,user_7437,2020-11-05,2275.34,True,00000000-0000-0000-0000-000000001d0d,16
7438,user_7438,2020-11-05,2796.01,False,00000000-0000-0000-0000-000000001d0e,24
7439,user_7439,2020-11-05,1274.08,False,00000000-0000-0000-0000-000000001d0f,63
7440,user_7440,2020-11-06,6392.63,False,00000000-0000-0000-0000-000000001d10,72
7441,user_7441,2020-11-06,751.43,True,00000000-0000-0000-0000-000000001d11,85
7442,user_7442,2020-11-06,1342.02,False,00000000-0000-0000-0000-000000001d12,47
7443,user_7443,2020-11-06,6447.57,True,00000000-0000-0000-0000-000000001d13,34
7444,user_7444,2020-11-06,3396.61,False,00000000-0000-0000-0000-000000001d14,36
7445,user_7445,2020-11-06,7079.48,True,00000000-0000-0000-0000-000000001d15,54
7446,user_7446,2020-11-06,5574.25,False,00000000-0000-0000-0000-000000001d16,16
7447,user_7447,2020-11-06,2560.21,False,00000000-0000-0000-0000-000000001d17,27
7448,user_7448,2020-11-06,6508.28,False,00000000-0000-0000-0000-000000001d18,0
7449,user_7449,2020-11-06,1162.74,True,00000000-0000-0000-0000-000000001d19,52
7450,user_7450,2020-11-06,5364.1,False,00000000-0000-0000-0000-000000001d1a,72
7451,user_7451,2020-11-06,4371.48,False,00000000-0000-0000-0000-000000001d1b,54
7452,user_7452,2020-11-06,2678.74,True,00000000-0000-0000-0000-000000001d1c,60
7453,user_7453,2020-11-06,6040.05,True,00000000-0000-0000-0000-000000001d1d,12
7454,user_7454,2020-11-06,8713.34,False,00000000-0000-0000-0000-000000001d1e,46
7455,user_7455,2020-11-06,9989.05,False,00000000-0000-0000-0000-000000001d1f,63
7456,user_7456,2020-11-06,6077.63,False,00000000-0000-0000-0000-000000001d20,31
7457,user_7457,2020-11-06,4047.06,False,00000000-0000-0000-0000-000000001d21,27
7458,user_7458,2020-11-06,2252.07,False,00000000-0000-0000-0000-000000001d22,52
7459,user_7459,2020-11-06,2570.96,True,00000000-0000-0000-0000-000000001d23,30
7460,user_7460,2020-11-06,4794.55,False,00000000-0000-0000-0000-000000001d24,7
7461,user_7461,2020-11-06,3672.78,True,00000000-0000-0000-0000-000000001d25,71
7462,user_7462,2020-11-06,9138.15,True,00000000-0000-0000-0000-000000001d26,97
7463,user_7463,2020-11-06,3682.95,False,00000000-0000-0000-0000-000000001d27,86
7464,user_7464,2020-11-07,3734.45,True,00000000-0000-0000-0000-000000001d28,73
7465,user_7465,2020-11-07,3835.35,False,00000000-0000-0000-0000-000000001d29,24
7466,user_7466,2020-11-07,8366.2,True,00000000-0000-0000-0000-000000001d2a,32
7467,user_7467,2020-11-07,6507.88,True,00000000-0000-0000-0000-000000001d2b,67
7468,user_7468,2020-11-07,6141.69,False,00000000-0000-0000-0000-000000001d2c,6
7469,user_7469,2020-11-07,3341.43,False,00000000-0000-0000-0000-000000001d2d,96
7470,user_7470,2020-11-07,8179.04,True,00000000-0000-0000-0000-000000001d2e,65
7471,user_7471,2020-11-07,383.64,False,00000000-0000-0000-0000-000000001d2f,45
7472,user_7472,2020-11-07,8707.97,False,00000000-0000-0000-0000-000000001d30,95
7473,user_7473,2020-11-07,5127.5,True,00000000-0000-0000-0000-000000001d31,4
7474,user_7474,2020-11-07,3982.5,True,00000000-0000-0000-0000-000000001d32,16
7475,user_7475,2020-11-07,4971.67,True,00000000-0000-0000-0000-000000001d33,75
7476,user_7476,2020-11-07,6674.16,False,00000000-0000-0000-0000-000000001d34,51
7477,user_7477,2020-11-07,127.65,False,00000000-0000-0000-0000-000000001d35,11
7478,user_7478,2020-11-07,8715.52,False,00000000-0000-0000-0000-000000001d36,61
7479,user_7479,2020-11-07,4467.4,True,00000000-0000-0000-0000-000000001d37,34
7480,user_7480,2020-11-07,3429.67,False,00000000-0000-0000-0000-000000001d38,61
7481,user_7481,2020-11-07,1382.46,True,00000000-0000-0000-0000-000000001d39,20
7482,user_7482,2020-11-07,4394.65,True,00000000-0000-0000-0000-000000001d3a,84
7483,user_7483,2020-11-07,4963.23,True,00000000-0000-0000-0000-000000001d3b,65
7484,user_7484,2020-11-07,4036.47,True,00000000-0000-0000-0000-000000001d3c,52
7485,user_7485,2020-11-07,6786.6,True,00000000-0000-0000-0000-000000001d3d,20
7486,user_7486,2020-11-07,4208.97,True,00000000-0000-0000-0000-000000001d3e,14
7487,user_7487,2020-11-07,9614.18,True,00000000-0000-0000-0000-000000001d3f,74
7488,user_7488,2020-11-08,5992.78,False,00000000-0000-0000-0000-000000001d40,73
7489,user_7489,2020-11-08,8074.78,True,00000000-0000-0000-0000-000000001d41,81
7490,user_7490,2020-11-08,1093.56,False,00000000-0000-0000-0000-000000001d42,22
7491,user_7491,2020-11-08,3972.91,False,00000000-0000-0000-0000-000000001d43,30
7492,user_7492,2020-11-08,3368.48,False,00000000-0000-0000-0000-000000001d44,53
7493,user_7493,2020-11-08,5694.82,False,00000000-0000-0000-0000-000000001d45,54
7494,user_7494,2020-11-08,8611.14,False,00000000-0000-0000-0000-000000001d46,25
7495,user_7495,2020-11-08,783.38,True,00000000-0000-0000-0000-000000001d47,52
7496,user_7496,2020-11-08,725.75,False,00000000-0000-0000-0000-000000001d48,65
7497,user_7497,2020-11-08,8503.18,False,00000000-0000-0000-0000-000000001d49,38
7498,user_7498,2020-11-08,2128.5,False,00000000-0000-0000-0000-000000001d4a,6
7499,user_7499,2020-11-08,6687.53,True,00000000-0000-0000-0000-000000001d4b,87
7500,user_7500,2020-11-08,5428.78,False,00000000-0000-0000-0000-000000001d4c,38
7501,user_7501,2020-11-08,8328.94,False,00000000-0000-0000-0000-000000001d4d,31
7502,user_7502,2020-11-08,1250.89,False,00000000-0000-0000-0000-000000001d4e,25
7503,user_7503,2020-11-08,1297.83,False,00000000-0000-0000-0000-000000001d4f,86
7504,user_7504,2020-11-08,5568.18,True,00000000-0000-0000-0000-000000001d50,77
7505,user_7505,2020-11-08,9463.79,False,00000000-0000-0000-0000-000000001d51,28
7506,user_7506,2020-11-08,4149.98,True,00000000-0000-0000-0000-000000001d52,24
7507,user_7507,2020-11-08,3269.42,True,00000000-0000-0000-0000-000000001d53,55
7508,user_7508,2020-11-08,6066.89,False,00000000-0000-0000-0000-000000001d54,30
7509,user_7509,2020-11-08,9304.49,False,00000000-0000-0000-0000-000000001d55,65
7510,user_7510,2020-11-08,8369.28,True,00000000-0000-0000-0000-000000001d56,1
7511,user_7511,2020-11-08,9954.84,False,00000000-0000-0000-0000-000000001d57,86
7512,user_7512,2020-11-09,225.69,False,00000000-0000-0000-0000-000000001d58,46
7513,user_7513,2020-11-09,1128.58,False,00000000-0000-0000-0000-000000001d59,74
7514,user_7514,2020-11-09,6094.68,True,00000000-0000-0000-0000-000000001d5a,28
7515,user_7515,2020-11-09,8205.76,True,00000000-0000-0000-0000-000000001d5b,98
7516,user_7516,2020-11-09,2852.44,False,00000000-0000-0000-0000-000000001d5c,48
7517,user_7517,2020-11-09,2392.11,False,00000000-0000-0000-0000-000000001d5d,72
7518,user_7518,2020-11-09,7869.76,True,00000000-0000-0000-0000-000000001d5e,31
7519,user_7519,2020-11-09,563.82,True,00000000-0000-0000-0000-000000001d5f,29
7520,user_7520,2020-11-09,3693.83,True,00000000-0000-0000-0000-000000001d60,14
7521,user_7521,2020-11-09,5058.09,True,00000000-0000-0000-0000-000000001d61,61
7522,user_7522,2020-11-09,5603.49,True,00000000-0000-0000-0000-000000001d62,77
7523,user_7523,2020-11-09,7286.15,True,00000000-0000-0000-0000-000000001d63,16
7524,user_7524,2020-11-09,3548.46,True,00000000-0000-0000-0000-000000001d64,21
7525,user_7525,2020-11-09,6126.84,False,00000000-0000-0000-0000-000000001d65,29
7526,user_7526,2020-11-09,5853.75,True,00000000-0000-0000-0000-000000001d66,80
7527,user_7527,2020-11-09,5476.16,True,00000000-0000-0000-0000-000000001d67,15
7528,user_7528,2020-11-09,6404.83,False,00000000-0000-0000-0000-000000001d68,51
7529,user_7529,2020-11-09,2594.49,False,00000000-0000-0000-0000-000000001d69,7
7530,user_7530,2020-11-09,846.49,False,00000000-0000-0000-0000-000000001d6a,63
7531,user_7531,2020-11-09,1192.72,True,00000000-0000-0000-0000-000000001d6b,38
7532,user_7532,2020-11-09,2245.82,True,00000000-0000-0000-0000-000000001d6c,30
7533,user_7533,2020-11-09,5001.98,False,00000000-0000-0000-0000-000000001d6d,11
7534,user_7534,2020-11-09,8404.43,False,00000000-0000-0000-0000-000000001d6e,32
7535,user_7535,2020-11-09,7012.93,False,00000000-0000-0000-0000-000000001d6f,57
7536,user_7536,2020-11-10,7890.41,True,00000000-0000-0000-0000-000000001d70,11
7537,user_7537,2020-11-10,3509.76,False,00000000-0000-0000-0000-000000001d71,24
7538,user_7538,2020-11-10,4046.54,True,00000000-0000-0000-0000-000000001d72,37
7539,user_7539,2020-11-10,3936.82,True,00000000-0000-0000-0000-000000001d73,47
7540,user_7540,2020-11-10,1918.73,True,00000000-0000-0000-0000-000000001d74,81
7541,user_7541,2020-11-10,612.17,True,00000000-0000-0000-0000-000000001d75,82
7542,user_7542,2020-11-10,5909.16,False,00000000-0000-0000-0000-000000001d76,54
7543,user_7543,2020-11-10,9892.17,False,00000000-0000-0000-0000-000000001d77,2
7544,user_7544,2020-11-10,1668.3,False,00000000-0000-0000-0000-000000001d78,98
7545,user_7545,2020-11-10,466.85,True,00000000-0000-0000-0000-000000001d79,68
7546,user_7546,2020-11-10,7795.32,False,00000000-0000-0000-0000-000000001d7a,34
7547,user_7547,2020-11-10,2525.86,True,00000000-0000-0000-0000-000000001d7b,50
7548,user_7548,2020-11-10,8296.44,True,00000000-0000-0000-0000-000000001d7c,26
7549,user_7549,2020-11-10,7039.37,True,00000000-0000-0000-0000-000000001d7d,36
7550,user_7550,2020-11-10,9456.74,False,00000000-0000-0000-0000-000000001d7e,84
7551,user_7551,2020-11-10,4089.27,True,00000000-0000-0000-0000-000000001d7f,15
7552,user_7552,2020-11-10,6619.7,True,00000000-0000-0000-0000-000000001d80,91
7553,user_7553,2020-11-10,4648.55,False,00000000-0000-0000-0000-000000001d81,24
7554,user_7554,2020-11-10,6305.89,False,00000000-0000-0000-0000-000000001d82,32
7555,user_7555,2020-11-10,4495.99,False,00000000-0000-0000-0000-000000001d83,61
7556,user_7556,2020-11-10,1886.32,True,00000000-0000-0000-0000-000000001d84,16
7557,user_7557,2020-11-10,5078.97,True,00000000-0000-0000-0000-000000001d85,42
7558,user_7558,2020-11-10,5285.84,False,00000000-0000-0000-0000-000000001d86,29
7559,user_7559,2020-11-10,8106.04,True,00000000-0000-0000-0000-000000001d87,40
7560,user_7560,2020-11-11,7355.21,True,00000000-0000-0000-0000-000000001d88,3
7561,user_7561,2020-11-11,6637.92,False,00000000-0000-0000-0000-000000001d89,65
7562,user_7562,2020-11-11,1133.87,False,00000000-0000-0000-0000-000000001d8a,59
7563,user_7563,2020-11-11,7206.16,False,00000000-0000-0000-0000-000000001d8b,8
7564,user_7564,2020-11-11,5003.05,False,00000000-0000-0000-0000-000000001d8c,30
7565,user_7565,2020-11-11,8941.0,False,00000000-0000-0000-0000-000000001d8d,88
7566,user_7566,2020-11-11,9198.71,False,00000000-0000-0000-0000-000000001d8e,99
7567,user_7567,2020-11-11,551.57,False,00000000-0000-0000-0000-000000001d8f,68
7568,user_7568,2020-11-11,8206.42,False,00000000-0000-0000-0000-000000001d90,23
7569,user_7569,2020-11-11,376.97,True,00000000-0000-0000-0000-000000001d91,23
7570,user_7570,2020-11-11,3671.7,True,00000000-0000-0000-0000-000000001d92,92
7571,user_7571,2020-11-11,5423.0,True,00000000-0000-0000-0000-000000001d93,44
7572,user_7572,2020-11-11,1481.01,True,00000000-0000-0000-0000-000000001d94,94
7573,user_7573,2020-11-11,7463.14,True,00000000-0000-0000-0000-000000001d95,36
7574,user_7574,2020-11-11,83.55,True,00000000-0000-0000-0000-000000001d96,57
7575,user_7575,2020-11-11,1685.99,True,00000000-0000-0000-0000-000000001d97,82
7576,user_7576,2020-11-11,5807.97,True,00000000-0000-0000-0000-000000001d98,22
7577,user_7577,2020-11-11,7143.88,True,00000000-0000-0000-0000-000000001d99,34
7578,user_7578,2020-11-11,9166.43,True,00000000-0000-0000-0000-000000001d9a,62
7579,user_7579,2020-11-11,7054.97,True,00000000-0000-0000-0000-000000001d9b,5
7580,user_7580,2020-11-11,6717.79,False,00000000-0000-0000-0000-000000001d9c,5
7581,user_7581,2020-11-11,3943.41,True,00000000-0000-0000-0000-000000001d9d,29
7582,user_7582,2020-11-11,12.84,False,00000000-0000-0000-0000-000000001d9e,0
7583,user_7583,2020-11-11,1201.59,True,00000000-0000-0000-0000-000000001d9f,62
7584,user_7584,2020-11-12,5345.55,False,00000000-0000-0000-0000-000000001da0,7
7585,user_7585,2020-11-12,6751.3,True,00000000-0000-0000-0000-000000001da1,27
7586,user_7586,2020-11-12,4174.48,False,00000000-0000-0000-0000-000000001da2,88
7587,user_7587,2020-11-12,7306.79,True,00000000-0000-0000-0000-000000001da3,32
7588,user_7588,2020-11-12,5218.62,False,00000000-0000-0000-0000-000000001da4,52
7589,user_7589,2020-11-12,741.76,True,00000000-0000-0000-0000-000000001da5,37
7590,user_7590,2020-11-12,1920.16,False,00000000-0000-0000-0000-000000001da6,51
7591,user_7591,2020-11-12,8399.98,True,00000000-0000-0000-0000-000000001da7,77
7592,user_7592,2020-11-12,7249.13,False,00000000-0000-0000-0000-000000001da8,10
7593,user_7593,2020-11-12,8947.62,False,00000000-0000-0000-0000-000000001da9,1
7594,user_7594,2020-11-12,1175.57,False,00000000-0000-0000-0000-000000001daa,52
7595,user_7595,2020-11-12,9902.23,False,00000000-0000-0000-0000-000000001dab,93
7596,user_7596,2020-11-12,2094.07,False,00000000-0000-0000-0000-000000001dac,93
7597,user_7597,2020-11-12,117.8,False,00000000-0000-0000-0000-000000001dad,67
7598,user_7598,2020-11-12,9974.23,False,00000000-0000-0000-0000-000000001dae,76
7599,user_7599,2020-11-12,2810.74,False,00000000-0000-0000-0000-000000001daf,6
7600,user_7600,2020-11-12,6680.19,True,00000000-0000-0000-0000-000000001db0,66
7601,user_7601,2020-11-12,1766.82,True,00000000-0000-0000-0000-000000001db1,8
7602,user_7602,2020-11-12,5802.29,True,00000000-0000-0000-0000-000000001db2,77
7603,user_7603,2020-11-12,9040.35,False,00000000-0000-0000-0000-000000001db3,62
7604,user_7604,2020-11-12,3201.81,False,00000000-0000-0000-0000-000000001db4,10
7605,user_7605,2020-11-12,6702.54,True,00000000-0000-0000-0000-000000001db5,36
7606,user_7606,2020-11-12,1879.04,True,00000000-0000-0000-0000-000000001db6,13
7607,user_7607,2020-11-12,6247.95,False,00000000-0000-0000-0000-000000001db7,18
7608,user_7608,2020-11-13,3364.5,False,00000000-0000-0000-0000-000000001db8,7
7609,user_7609,2020-11-13,2112.08,True,00000000-0000-0000-0000-000000001db9,6
7610,user_7610,2020-11-13,3131.82,False,00000000-0000-0000-0000-000000001dba,58
7611,user_7611,2020-11-13,1788.41,True,00000000-0000-0000-0000-000000001dbb,62
7612,user_7612,2020-11-13,9019.16,False,00000000-0000-0000-0000-000000001dbc,6
7613,user_7613,2020-11-13,3971.87,True,00000000-0000-0000-0000-000000001dbd,54
7614,user_7614,2020-11-13,2452.79,True,00000000-0000-0000-0000-000000001dbe,2
7615,user_7615,2020-11-13,4484.08,False,00000000-0000-0000-0000-000000001dbf,66
7616,user_7616,2020-11-13,3205.36,True,00000000-0000-0000-0000-000000001dc0,17
7617,user_7617,2020-11-13,7444.19,False,00000000-0000-0000-0000-000000001dc1,44
7618,user_7618,2020-11-13,9712.2,False,00000000-0000-0000-0000-000000001dc2,96
7619,user_7619,2020-11-13,4380.34,False,00000000-0000-0000-0000-000000001dc3,91
7620,user_7620,2020-11-13,8610.33,False,00000000-0000-0000-0000-000000001dc4,35
7621,user_7621,2020-11-13,5658.63,False,00000000-0000-0000-0000-000000001dc5,15
7622,user_7622,2020-11-13,1572.36,True,00000000-0000-0000-0000-000000001dc6,78
7623,user_7623,2020-11-13,6906.23,False,00000000-0000-0000-0000-000000001dc7,28
7624,user_7624,2020-11-13,5134.34,False,00000000-0000-0000-0000-000000001dc8,58
7625,user_7625,2020-11-13,6506.07,True,00000000-0000-0000-0000-000000001dc9,17
7626,user_7626,2020-11-13,8896.87,False,00000000-0000-0000-0000-000000001dca,48
7627,user_7627,2020-11-13,4404.35,True,00000000-0000-0000-0000-000000001dcb,45
7628,user_7628,2020-11-13,9011.78,False,00000000-0000-0000-0000-000000001dcc,82
7629,user_7629,2020-11-13,7506.69,True,00000000-0000-0000-0000-000000001dcd,28
7630,user_7630,2020-11-13,4886.05,False,00000000-0000-0000-0000-000000001dce,69
7631,user_7631,2020-11-13,6032.22,False,00000000-0000-0000-0000-000000001dcf,49
7632,user_7632,2020-11-14,3255.81,False,00000000-0000-0000-0000-000000001dd0,54
7633,user_7633,2020-11-14,9835.97,False,00000000-0000-0000-0000-000000001dd1,26
7634,user_7634,2020-11-14,6673.51,False,00000000-0000-0000-0000-000000001dd2,6
7635,user_7635,2020-11-14,438.47,True,00000000-0000-0000-0000-000000001dd3,90
7636,user_7636,2020-11-14,3266.22,True,00000000-0000-0000-0000-000000001dd4,82
7637,user_7637,2020-11-14,6233.14,False,00000000-0000-0000-0000-000000001dd5,80
7638,user_7638,2020-11-14,563.33,True,00000000-0000-0000-0000-000000001dd6,40
7639,user_7639,2020-11-14,238.84,False,00000000-0000-0000-0000-000000001dd7,10
7640,user_7640,2020-11-14,4500.24,False,00000000-0000-0000-0000-000000001dd8,4
7641,user_7641,2020-11-14,3326.9,False,00000000-0000-0000-0000-000000001dd9,65
7642,user_7642,2020-11-14,4382.99,True,00000000-0000-0000-0000-000000001dda,55
7643,user_7643,2020-11-14,2626.93,False,00000000-0000-0000-0000-000000001ddb,11
7644,user_7644,2020-11-14,1647.18,True,00000000-0000-0000-0000-000000001ddc,41
7645,user_7645,2020-11-14,6891.43,False,00000000-0000-0000-0000-000000001ddd,74
7646,user_7646,2020-11-14,5145.71,False,00000000-0000-0000-0000-000000001dde,9
7647,user_7647,2020-11-14,2001.54,True,00000000-0000-0000-0000-000000001ddf,27
7648,user_7648,2020-11-14,3195.89,False,00000000-0000-0000-0000-000000001de0,6
7649,user_7649,2020-11-14,5918.08,True,00000000-0000-0000-0000-000000001de1,13
7650,user_7650,2020-11-14,722.29,False,00000000-0000-0000-0000-000000001de2,76
7651,user_7651,2020-11-14,1474.53,False,00000000-0000-0000-0000-000000001de3,68
7652,user_7652,2020-11-14,732.46,False,00000000-0000-0000-0000-000000001de4,60
7653,user_7653,2020-11-14,8123.17,True,00000000-0000-0000-0000-000000001de5,50
7654,user_7654,2020-11-14,7524.09,False,00000000-0000-0000-0000-000000001de6,41
7655,user_7655,2020-11-14,7533.13,True,00000000-0000-0000-0000-000000001de7,7
7656,user_7656,2020-11-15,7163.25,False,00000000-0000-0000-0000-000000001de8,49
7657,user_7657,2020-11-15,6693.85,False,00000000-0000-0000-0000-000000001de9,0
7658,user_7658,2020-11-15,4769.92,True,00000000-0000-0000-0000-000000001dea,68
7659,user_7659,2020-11-15,6422.78,False,00000000-0000-0000-0000-000000001deb,10
7660,user_7660,2020-11-15,383.62,False,00000000-0000-0000-0000-000000001dec,47
7661,user_7661,2020-11-15,6214.64,True,00000000-0000-0000-0000-000000001ded,9
7662,user_7662,2020-11-15,7778.78,True,00000000-0000-0000-0000-000000001dee,14
7663,user_7663,2020-11-15,5003.58,True,00000000-0000-0000-0000-000000001def,46
7664,user_7664,2020-11-15,3575.13,False,00000000-0000-0000-0000-000000001df0,92
7665,user_7665,2020-11-15,2774.27,True,00000000-0000-0000-0000-000000001df1,24
7666,user_7666,2020-11-15,6428.02,True,00000000-0000-0000-0000-000000001df2,5
7667,user_7667,2020-11-15,6928.01,False,00000000-0000-0000-0000-000000001df3,10
7668,user_7668,2020-11-15,8709.68,True,00000000-0000-0000-0000-000000001df4,16
7669,user_7669,2020-11-15,3423.34,True,00000000-0000-0000-0000-000000001df5,14
7670,user_7670,2020-11-15,7697.72,False,00000000-0000-0000-0000-000000001df6,15
7671,user_7671,2020-11-15,5613.56,True,00000000-0000-0000-0000-000000001df7,55
7672,user_7672,2020-11-15,8828.36,False,00000000-0000-0000-0000-000000001df8,65
7673,user_7673,2020-11-15,5278.12,True,00000000-0000-0000-0000-000000001df9,35
7674,user_7674,2020-11-15,5176.3,True,00000000-0000-0000-0000-000000001dfa,82
7675,user_7675,2020-11-15,5778.77,False,00000000-0000-0000-0000-000000001dfb,37
7676,user_7676,2020-11-15,7493.15,True,00000000-0000-0000-0000-000000001dfc,84
7677,user_7677,2020-11-15,9646.9,False,00000000-0000-0000-0000-000000001dfd,74
7678,user_7678,2020-11-15,735.63,True,00000000-0000-0000-0000-000000001dfe,2
7679,user_7679,2020-11-15,534.35,True,00000000-0000-0000-0000-000000001dff,97
7680,user_7680,2020-11-16,9375.5,False,00000000-0000-0000-0000-000000001e00,17
7681,user_7681,2020-11-16,5298.76,False,00000000-0000-0000-0000-000000001e01,78
7682,user_7682,2020-11-16,6149.03,True,00000000-0000-0000-0000-000000001e02,88
7683,user_7683,2020-11-16,4824.24,True,00000000-0000-0000-0000-000000001e03,53
7684,user_7684,2020-11-16,936.57,True,00000000-0000-0000-0000-000000001e04,78
7685,user_7685,2020-11-16,7680.89,False,00000000-0000-0000-0000-000000001e05,93
7686,user_7686,2020-11-16,7472.25,False,00000000-0000-0000-0000-000000001e06,16
7687,user_7687,2020-11-16,3117.03,True,00000000-0000-0000-0000-000000001e07,81
7688,user_7688,2020-11-16,3062.39,True,00000000-0000-0000-0000-000000001e08,94
7689,user_7689,2020-11-16,8378.41,True,00000000-0000-0000-0000-000000001e09,81
7690,user_7690,2020-11-16,723.57,False,00000000-0000-0000-0000-000000001e0a,98
7691,user_7691,2020-11-16,8811.05,True,00000000-0000-0000-0000-000000001e0b,12
7692,user_7692,2020-11-16,2566.62,False,00000000-0000-0000-0000-000000001e0c,62
7693,user_7693,2020-11-16,5929.85,False,00000000-0000-0000-0000-000000001e0d,13
7694,user_7694,2020-11-16,9359.94,True,00000000-0000-0000-0000-000000001e0e,58
7695,user_7695,2020-11-16,6781.23,False,00000000-0000-0000-0000-000000001e0f,35
7696,user_7696,2020-11-16,4144.3,False,00000000-0000-0000-0000-000000001e10,17
7697,user_7697,2020-11-16,6895.34,True,00000000-0000-0000-0000-000000001e11,4
7698,user_7698,2020-11-16,3439.8,True,00000000-0000-0000-0000-000000001e12,13
7699,user_7699,2020-11-16,2772.58,True,00000000-0000-0000-0000-000000001e13,24
7700,user_7700,2020-11-16,9966.83,True,00000000-0000-0000-0000-000000001e14,43
7701,user_7701,2020-11-16,7507.9,True,00000000-0000-0000-0000-000000001e15,38
7702,user_7702,2020-11-16,6447.2,True,00000000-0000-0000-0000-000000001e16,11
7703,user_7703,2020-11-16,3552.9,True,00000000-0000-0000-0000-000000001e17,60
7704,user_7704,2020-11-17,491.61,False,00000000-0000-0000-0000-000000001e18,61
7705,user_7705,2020-11-17,310.57,True,00000000-0000-0000-0000-000000001e19,52
7706,user_7706,2020-11-17,5541.81,True,00000000-0000-0000-0000-000000001e1a,52
7707,user_7707,2020-11-17,7620.33,True,00000000-0000-0000-0000-000000001e1b,27
7708,user_7708,2020-11-17,5373.79,True,00000000-0000-0000-0000-000000001e1c,34
7709,user_7709,2020-11-17,8407.85,True,00000000-0000-0000-0000-000000001e1d,64
7710,user_7710,2020-11-17,334.27,True,00000000-0000-0000-0000-000000001e1e,2
7711,user_7711,2020-11-17,3667.52,False,00000000-0000-0000-0000-000000001e1f,42
7712,user_7712,2020-11-17,2370.7,True,00000000-0000-0000-0000-000000001e20,49
7713,user_7713,2020-11-17,4472.73,False,00000000-0000-0000-0000-000000001e21,70
7714,user_7714,2020-11-17,723.76,True,00000000-0000-0000-0000-000000001e22,8
7715,user_7715,2020-11-17,9541.32,False,00000000-0000-0000-0000-000000001e23,35
7716,user_7716,2020-11-17,2232.55,False,00000000-0000-0000-0000-000000001e24,22
7717,user_7717,2020-11-17,9223.08,False,00000000-0000-0000-0000-000000001e25,87
7718,user_7718,2020-11-17,4258.93,True,00000000-0000-0000-0000-000000001e26,73
7719,user_7719,2020-11-17,9855.24,True,00000000-0000-0000-0000-000000001e27,49
7720,user_7720,2020-11-17,5540.58,True,00000000-0000-0000-0000-000000001e28,54
7721,user_7721,2020-11-17,9308.33,True,00000000-0000-0000-0000-000000001e29,11
7722,user_7722,2020-11-17,53.49,True,00000000-0000-0000-0000-000000001e2a,82
7723,user_7723,2020-11-17,7482.39,True,00000000-0000-0000-0000-000000001e2b,31
7724,user_7724,2020-11-17,9030.51,False,00000000-0000-0000-0000-000000001e2c,23
7725,user_7725,2020-11-17,1397.21,False,00000000-0000-0000-0000-000000001e2d,85
7726,user_7726,2020-11-17,961.26,False,00000000-0000-0000-0000-000000001e2e,66
7727,user_7727,2020-11-17,4245.73,True,00000000-0000-0000-0000-000000001e2f,26
7728,user_7728,2020-11-18,9336.79,True,00000000-0000-0000-0000-000000001e30,60
7729,user_7729,2020-11-18,5423.87,False,00000000-0000-0000-0000-000000001e31,18
7730,user_7730,2020-11-18,5274.56,True,00000000-0000-0000-0000-000000001e32,72
7731,user_7731,2020-11-18,1411.26,True,00000000-0000-0000-0000-000000001e33,50
7732,user_7732,2020-11-18,7.9,True,00000000-0000-0000-0000-000000001e34,63
7733,user_7733,2020-11-18,8101.4,False,00000000-0000-0000-0000-000000001e35,76
7734,user_7734,2020-11-18,875.75,False,00000000-0000-0000-0000-000000001e36,1
7735,user_7735,2020-11-18,6338.5,True,00000000-0000-0000-0000-000000001e37,35
7736,user_7736,2020-11-18,9146.16,False,00000000-0000-0000-0000-000000001e38,92
7737,user_7737,2020-11-18,2086.52,False,00000000-0000-0000-0000-000000001e39,10
7738,user_7738,2020-11-18,6652.73,True,00000000-0000-0000-0000-000000001e3a,97
7739,user_7739,2020-11-18,786.99,True,00000000-0000-0000-0000-000000001e3b,67
7740,user_7740,2020-11-18,6037.55,False,00000000-0000-0000-0000-000000001e3c,67
7741,user_7741,2020-11-18,1639.32,False,00000000-0000-0000-0000-000000001e3d,63
7742,user_7742,2020-11-18,7359.54,True,00000000-0000-0000-0000-000000001e3e,0
7743,user_7743,2020-11-18,3012.31,True,00000000-0000-0000-0000-000000001e3f,88
7744,user_7744,2020-11-18,4633.91,True,00000000-0000-0000-0000-000000001e40,25
7745,user_7745,2020-11-18,5994.31,False,00000000-0000-0000-0000-000000001e41,10
7746,user_7746,2020-11-18,1712.73,False,00000000-0000-0000-0000-000000001e42,86
7747,user_7747,2020-11-18,7416.38,True,00000000-0000-0000-0000-000000001e43,1
7748,user_7748,2020-11-18,3026.4,True,00000000-0000-0000-0000-000000001e44,82
7749,user_7749,2020-11-18,6623.72,True,00000000-0000-0000-0000-000000001e45,92
7750,user_7750,2020-11-18,1582.83,True,00000000-0000-0000-0000-000000001e46,39
7751,user_7751,2020-11-18,6881.18,False,00000000-0000-0000-0000-000000001e47,3
7752,user_7752,2020-11-19,1281.88,True,00000000-0000-0000-0000-000000001e48,79
7753,user_7753,2020-11-19,4253.56,True,00000000-0000-0000-0000-000000001e49,36
7754,user_7754,2020-11-19,2472.06,False,00000000-0000-0000-0000-000000001e4a,60
7755,user_7755,2020-11-19,7483.75,True,00000000-0000-0000-0000-000000001e4b,90
7756,user_7756,2020-11-19,2620.35,False,00000000-0000-0000-0000-000000001e4c,4
7757,user_7757,2020-11-19,8817.17,False,00000000-0000-0000-0000-000000001e4d,14
7758,user_7758,2020-11-19,8918.2,False,00000000-0000-0000-0000-000000001e4e,86
7759,user_7759,2020-11-19,1964.41,True,00000000-0000-0000-0000-000000001e4f,66
7760,user_7760,2020-11-19,6138.46,False,00000000-0000-0000-0000-000000001e50,81
7761,user_7761,2020-11-19,877.18,True,00000000-0000-0000-0000-000000001e51,25
7762,user_7762,2020-11-19,3915.37,False,00000000-0000-0000-0000-000000001e52,5
7763,user_7763,2020-11-19,7133.22,False,00000000-0000-0000-0000-000000001e53,43
7764,user_7764,2020-11-19,6594.23,False,00000000-0000-0000-0000-000000001e54,57
7765,user_7765,2020-11-19,6247.01,True,00000000-0000-0000-0000-000000001e55,80
7766,user_7766,2020-11-19,2825.41,True,00000000-0000-0000-0000-000000001e56,45
7767,user_7767,2020-11-19,3780.25,False,00000000-0000-0000-0000-000000001e57,41
7768,user_7768,2020-11-19,1029.46,True,00000000-0000-0000-0000-000000001e58,47
7769,user_7769,2020-11-19,7190.23,False,00000000-0000-0000-0000-000000001e59,26
7770,user_7770,2020-11-19,5038.89,False,00000000-0000-0000-0000-000000001e5a,19
7771,user_7771,2020-11-19,7087.66,False,00000000-0000-0000-0000-000000001e5b,69
7772,user_7772,2020-11-19,2489.44,False,00000000-0000-0000-0000-000000001e5c,34
7773,user_7773,2020-11-19,3244.38,True,00000000-0000-0000-0000-000000001e5d,75
7774,user_7774,2020-11-19,3342.15,False,00000000-0000-0000-0000-000000001e5e,47
7775,user_7775,2020-11-19,257.42,True,00000000-0000-0000-0000-000000001e5f,66
7776,user_7776,2020-11-20,3410.48,False,00000000-0000-0000-0000-000000001e60,67
7777,user_7777,2020-11-20,8033.05,False,00000000-0000-0000-0000-000000001e61,51
7778,user_7778,2020-11-20,8972.98,False,00000000-0000-0000-0000-000000001e62,67
7779,user_7779,2020-11-20,5182.18,False,00000000-0000-0000-0000-000000001e63,3
7780,user_7780,2020-11-20,4555.02,False,00000000-0000-0000-0000-000000001e64,38
7781,user_7781,2020-11-20,308.25,True,00000000-0000-0000-0000-000000001e65,20
7782,user_7782,2020-11-20,8792.04,True,00000000-0000-0000-0000-000000001e66,65
7783,user_7783,2020-11-20,130.1,False,00000000-0000-0000-0000-000000001e67,15
7784,user_7784,2020-11-20,9447.5,True,00000000-0000-0000-0000-000000001e68,6
7785,user_7785,2020-11-20,4892.16,True,00000000-0000-0000-0000-000000001e69,82
7786,user_7786,2020-11-20,3419.34,False,00000000-0000-0000-0000-000000001e6a,96
7787,user_7787,2020-11-20,9242.18,False,00000000-0000-0000-0000-000000001e6b,8
7788,user_7788,2020-11-20,243.91,False,00000000-0000-0000-0000-000000001e6c,16
7789,user_7789,2020-11-20,5814.25,False,00000000-0000-0000-0000-000000001e6d,90
7790,user_7790,2020-11-20,5489.33,True,00000000-0000-0000-0000-000000001e6e,96
7791,user_7791,2020-11-20,2193.2,True,00000000-0000-0000-0000-000000001e6f,11
7792,user_7792,2020-11-20,4288.87,True,00000000-0000-0000-0000-000000001e70,56
7793,user_7793,2020-11-20,6522.64,True,00000000-0000-0000-0000-000000001e71,44
7794,user_7794,2020-11-20,7271.31,False,00000000-0000-0000-0000-000000001e72,10
7795,user_7795,2020-11-20,7.17,False,00000000-0000-0000-0000-000000001e73,12
7796,user_7796,2020-11-20,9368.53,False,00000000-0000-0000-0000-000000001e74,30
7797,user_7797,2020-11-20,1645.25,False,00000000-0000-0000-0000-000000001e75,76
7798,user_7798,2020-11-20,2335.8,True,00000000-0000-0000-0000-000000001e76,25
7799,user_7799,2020-11-20,2634.73,True,00000000-0000-0000-0000-000000001e77,62
7800,user_7800,2020-11-21,378.2,False,00000000-0000-0000-0000-000000001e78,30
7801,user_7801,2020-11-21,1230.52,True,00000000-0000-0000-0000-000000001e79,21
7802,user_7802,2020-11-21,9863.5,True,00000000-0000-0000-0000-000000001e7a,5
7803,user_7803,2020-11-21,3152.17,False,00000000-0000-0000-0000-000000001e7b,19
7804,user_7804,2020-11-21,1153.01,True,00000000-0000-0000-0000-000000001e7c,84
7805,user_7805,2020-11-21,1069.91,False,00000000-0000-0000-0000-000000001e7d,9
7806,user_7806,2020-11-21,7194.6,True,00000000-0000-0000-0000-000000001e7e,82
7807,user_7807,2020-11-21,8545.69,True,00000000-0000-0000-0000-000000001e7f,34
7808,user_7808,2020-11-21,2569.52,False,00000000-0000-0000-0000-000000001e80,25
7809,user_7809,2020-11-21,209.1,False,00000000-0000-0000-0000-000000001e81,70
7810,user_7810,2020-11-21,2230.9,False,00000000-0000-0000-0000-000000001e82,36
7811,user_7811,2020-11-21,565.16,True,00000000-0000-0000-0000-000000001e83,7
7812,user_7812,2020-11-21,1033.95,False,00000000-0000-0000-0000-000000001e84,4
7813,user_7813,2020-11-21,4315.08,True,00000000-0000-0000-0000-000000001e85,43
7814,user_7814,2020-11-21,2299.18,False,00000000-0000-0000-0000-000000001e86,99
7815,user_7815,2020-11-21,5159.46,True,00000000-0000-0000-0000-000000001e87,91
7816,user_7816,2020-11-21,2534.94,False,00000000-0000-0000-0000-000000001e88,66
7817,user_7817,2020-11-21,9405.37,False,00000000-0000-0000-0000-000000001e89,71
7818,user_7818,2020-11-21,9059.44,True,00000000-0000-0000-0000-000000001e8a,78
7819,user_7819,2020-11-21,5668.06,True,00000000-0000-0000-0000-000000001e8b,90
7820,user_7820,2020-11-21,3544.24,False,00000000-0000-0000-0000-000000001e8c,48
7821,user_7821,2020-11-21,3811.47,True,00000000-0000-0000-0000-000000001e8d,35
7822,user_7822,2020-11-21,4118.52,False,00000000-0000-0000-0000-000000001e8e,79
7823,user_7823,2020-11-21,7275.79,True,00000000-0000-0000-0000-000000001e8f,25
7824,user_7824,2020-11-22,4516.39,True,00000000-0000-0000-0000-000000001e90,44
7825,user_7825,2020-11-22,8567.3,False,00000000-0000-0000-0000-000000001e91,60
7826,user_7826,2020-11-22,9440.95,False,00000000-0000-0000-0000-000000001e92,43
7827,user_7827,2020-11-22,3359.46,True,00000000-0000-0000-0000-000000001e93,3
7828,user_7828,2020-11-22,5606.94,True,00000000-0000-0000-0000-000000001e94,75
7829,user_7829,2020-11-22,950.57,True,00000000-0000-0000-0000-000000001e95,80
7830,user_7830,2020-11-22,2004.69,True,00000000-0000-0000-0000-000000001e96,57
7831,user_7831,2020-11-22,4134.66,False,00000000-0000-0000-0000-000000001e97,25
7832,user_7832,2020-11-22,2062.03,False,00000000-0000-0000-0000-000000001e98,94
7833,user_7833,2020-11-22,8765.6,True,00000000-0000-0000-0000-000000001e99,78
7834,user_7834,2020-11-22,1582.86,False,00000000-0000-0000-0000-000000001e9a,97
7835,user_7835,2020-11-22,4556.61,True,00000000-0000-0000-0000-000000001e9b,28
7836,user_7836,2020-11-22,6056.99,True,00000000-0000-0000-0000-000000001e9c,8
7837,user_7837,2020-11-22,6918.64,True,00000000-0000-0000-0000-000000001e9d,77
7838,user_7838,2020-11-22,3830.69,False,00000000-0000-0000-0000-000000001e9e,35
7839,user_7839,2020-11-22,8690.99,True,00000000-0000-0000-0000-000000001e9f,3
7840,user_7840,2020-11-22,5683.19,False,00000000-0000-0000-0000-000000001ea0,58
7841,user_7841,2020-11-22,4395.08,False,00000000-0000-0000-0000-000000001ea1,36
7842,user_7842,2020-11-22,672.41,True,00000000-0000-0000-0000-000000001ea2,87
7843,user_7843,2020-11-22,4646.89,False,00000000-0000-0000-0000-000000001ea3,80
7844,user_7844,2020-11-22,8207.36,True,00000000-0000-0000-0000-000000001ea4,12
7845,user_7845,2020-11-22,6145.41,True,00000000-0000-0000-0000-000000001ea5,19
7846,user_7846,2020-11-22,8321.62,False,00000000-0000-0000-0000-000000001ea6,16
7847,user_7847,2020-11-22,4940.12,True,00000000-0000-0000-0000-000000001ea7,50
7848,user_7848,2020-11-23,1184.62,False,00000000-0000-0000-0000-000000001ea8,90
7849,user_7849,2020-11-23,136.4,False,00000000-0000-0000-0000-000000001ea9,54
7850,user_7850,2020-11-23,3032.2,False,00000000-0000-0000-0000-000000001eaa,32
7851,user_7851,2020-11-23,6979.9,True,00000000-0000-0000-0000-000000001eab,20
7852,user_7852,2020-11-23,7902.6,False,00000000-0000-0000-0000-000000001eac,80
7853,user_7853,2020-11-23,2957.53,True,00000000-0000-0000-0000-000000001ead,21
7854,user_7854,2020-11-23,4956.54,True,00000000-0000-0000-0000-000000001eae,24
7855,user_7855,2020-11-23,4211.19,False,00000000-0000-0000-0000-000000001eaf,66
7856,user_7856,2020-11-23,4105.23,False,00000000-0000-0000-0000-000000001eb0,90
7857,user_7857,2020-11-23,2313.49,True,00000000-0000-0000-0000-000000001eb1,90
7858,user_7858,2020-11-23,1363.71,False,00000000-0000-0000-0000-000000001eb2,11
7859,user_7859,2020-11-23,1966.89,False,00000000-0000-0000-0000-000000001eb3,14
7860,user_7860,2020-11-23,553.32,False,00000000-0000-0000-0000-000000001eb4,83
7861,user_7861,2020-11-23,1981.31,True,00000000-0000-0000-0000-000000001eb5,85
7862,user_7862,2020-11-23,92.01,False,00000000-0000-0000-0000-000000001eb6,1
7863,user_7863,2020-11-23,6272.58,True,00000000-0000-0000-0000-000000001eb7,3
7864,user_7864,2020-11-23,3163.75,True,00000000-0000-0000-0000-000000001eb8,44
7865,user_7865,2020-11-23,9731.45,False,00000000-0000-0000-0000-000000001eb9,12
7866,user_7866,2020-11-23,1937.17,False,00000000-0000-0000-0000-000000001eba,54
7867,user_7867,2020-11-23,3458.29,True,00000000-0000-0000-0000-000000001ebb,31
7868,user_7868,2020-11-23,3578.41,True,00000000-0000-0000-0000-000000001ebc,21
7869,user_7869,2020-11-23,84.51,False,00000000-0000-0000-0000-000000001ebd,88
7870,user_7870,2020-11-23,8392.08,True,00000000-0000-0000-0000-000000001ebe,90
7871,user_7871,2020-11-23,319.94,False,00000000-0000-0000-0000-000000001ebf,54
7872,user_7872,2020-11-24,9401.8,True,00000000-0000-0000-0000-000000001ec0,16
7873,user_7873,2020-11-24,8920.74,False,00000000-0000-0000-0000-000000001ec1,69
7874,user_7874,2020-11-24,5355.22,True,00000000-0000-0000-0000-000000001ec2,50
7875,user_7875,2020-11-24,5435.96,False,00000000-0000-0000-0000-000000001ec3,79
7876,user_7876,2020-11-24,6537.78,False,00000000-0000-0000-0000-000000001ec4,7
7877,user_7877,2020-11-24,3870.5,True,00000000-0000-0000-0000-000000001ec5,60
7878,user_7878,2020-11-24,6472.22,False,00000000-0000-0000-0000-000000001ec6,96
7879,user_7879,2020-11-24,447.68,True,00000000-0000-0000-0000-000000001ec7,9
7880,user_7880,2020-11-24,540.48,True,00000000-0000-0000-0000-000000001ec8,97
7881,user_7881,2020-11-24,4572.3,True,00000000-0000-0000-0000-000000001ec9,18
7882,user_7882,2020-11-24,5496.22,True,00000000-0000-0000-0000-000000001eca,13
7883,user_7883,2020-11-24,8878.18,False,00000000-0000-0000-0000-000000001ecb,66
7884,user_7884,2020-11-24,1046.61,True,00000000-0000-0000-0000-000000001ecc,54
7885,user_7885,2020-11-24,8226.48,True,00000000-0000-0000-0000-000000001ecd,60
7886,user_7886,2020-11-24,2100.47,True,00000000-0000-0000-0000-000000001ece,55
7887,user_7887,2020-11-24,3940.84,False,00000000-0000-0000-0000-000000001ecf,62
7888,user_7888,2020-11-24,3166.02,True,00000000-0000-0000-0000-000000001ed0,86
7889,user_7889,2020-11-24,4001.55,False,00000000-0000-0000-0000-000000001ed1,10
7890,user_7890,2020-11-24,1504.95,False,00000000-0000-0000-0000-000000001ed2,46
7891,user_7891,2020-11-24,5035.7,True,00000000-0000-0000-0000-000000001ed3,5
7892,user_7892,2020-11-24,8016.43,False,00000000-0000-0000-0000-000000001ed4,33
7893,user_7893,2020-11-24,4415.34,True,00000000-0000-0000-0000-000000001ed5,64
7894,user_7894,2020-11-24,4906.14,False,00000000-0000-0000-0000-000000001ed6,98
7895,user_7895,2020-11-24,8487.68,False,00000000-0000-0000-0000-000000001ed7,88
7896,user_7896,2020-11-25,7060.58,True,00000000-0000-0000-0000-000000001ed8,63
7897,user_7897,2020-11-25,4904.54,False,00000000-0000-0000-0000-000000001ed9,92
7898,user_7898,2020-11-25,2576.96,True,00000000-0000-0000-0000-000000001eda,86
7899,user_7899,2020-11-25,8849.27,False,00000000-0000-0000-0000-000000001edb,81
7900,user_7900,2020-11-25,5770.2,True,00000000-0000-0000-0000-000000001edc,77
7901,user_7901,2020-11-25,2211.48,True,00000000-0000-0000-0000-000000001edd,80
7902,user_7902,2020-11-25,2691.2,True,00000000-0000-0000-0000-000000001ede,65
7903,user_7903,2020-11-25,8031.33,True,00000000-0000-0000-0000-000000001edf,30
7904,user_7904,2020-11-25,441.46,False,00000000-0000-0000-0000-000000001ee0,82
7905,user_7905,2020-11-25,9920.92,True,00000000-0000-0000-0000-000000001ee1,95
7906,user_7906,2020-11-25,1303.52,True,00000000-0000-0000-0000-000000001ee2,61
7907,user_7907,2020-11-25,7960.69,True,00000000-0000-0000-0000-000000001ee3,53
7908,user_7908,2020-11-25,3947.75,True,00000000-0000-0000-0000-000000001ee4,91
7909,user_7909,2020-11-25,4922.16,False,00000000-0000-0000-0000-000000001ee5,7
7910,user_7910,2020-11-25,8806.51,True,00000000-0000-0000-0000-000000001ee6,41
7911,user_7911,2020-11-25,4129.11,False,00000000-0000-0000-0000-000000001ee7,40
7912,user_7912,2020-11-25,5374.94,True,00000000-0000-0000-0000-000000001ee8,58
7913,user_7913,2020-11-25,493.0,True,00000000-0000-0000-0000-000000001ee9,39
7914,user_7914,2020-11-25,23.47,True,00000000-0000-0000-0000-000000001eea,21
7915,user_7915,2020-11-25,2448.0,True,00000000-0000-0000-0000-000000001eeb,23
7916,user_7916,2020-11-25,6805.83,True,00000000-0000-0000-0000-000000001eec,37
7917,user_7917,2020-11-25,1212.65,True,00000000-0000-0000-0000-000000001eed,1
7918,user_7918,2020-11-25,1137.62,False,00000000-0000-0000-0000-000000001eee,40
7919,user_7919,2020-11-25,4109.61,False,00000000-0000-0000-0000-000000001eef,18
7920,user_7920,2020-11-26,6478.37,True,00000000-0000-0000-0000-000000001ef0,1
7921,user_7921,2020-11-26,7120.72,True,00000000-0000-0000-0000-000000001ef1,91
7922,user_7922,2020-11-26,1784.51,True,00000000-0000-0000-0000-000000001ef2,95
7923,user_7923,2020-11-26,795.88,False,00000000-0000-0000-0000-000000001ef3,61
7924,user_7924,2020-11-26,9403.97,True,00000000-0000-0000-0000-000000001ef4,82
7925,user_7925,2020-11-26,2606.66,False,00000000-0000-0000-0000-000000001ef5,15
7926,user_7926,2020-11-26,8533.46,False,00000000-0000-0000-0000-000000001ef6,93
7927,user_7927,2020-11-26,8634.91,False,00000000-0000-0000-0000-000000001ef7,21
7928,user_7928,2020-11-26,7725.23,False,00000000-0000-0000-0000-000000001ef8,13
7929,user_7929,2020-11-26,1688.34,False,00000000-0000-0000-0000-000000001ef9,55
7930,user_7930,2020-11-26,8218.01,True,00000000-0000-0000-0000-000000001efa,64
7931,user_7931,2020-11-26,7692.51,False,00000000-0000-0000-0000-000000001efb,44
7932,user_7932,2020-11-26,5967.23,False,00000000-0000-0000-0000-000000001efc,53
7933,user_7933,2020-11-26,3372.02,True,00000000-0000-0000-0000-000000001efd,65
7934,user_7934,2020-11-26,2625.09,True,00000000-0000-0000-0000-000000001efe,85
7935,user_7935,2020-11-26,1218.89,False,00000000-0000-0000-0000-000000001eff,45
7936,user_7936,2020-11-26,5097.57,True,00000000-0000-0000-0000-000000001f00,32
7937,user_7937,2020-11-26,5852.61,True,00000000-0000-0000-0000-000000001f01,78
7938,user_7938,2020-11-26,3593.39,True,00000000-0000-0000-0000-000000001f02,49
7939,user_7939,2020-11-26,4753.59,False,00000000-0000-0000-0000-000000001f03,21
7940,user_7940,2020-11-26,3635.14,False,00000000-0000-0000-0000-000000001f04,39
7941,user_7941,2020-11-26,6410.06,True,00000000-0000-0000-0000-000000001f05,38
7942,user_7942,2020-11-26,9012.59,True,00000000-0000-0000-0000-000000001f06,40
7943,user_7943,2020-11-26,1639.2,False,00000000-0000-0000-0000-000000001f07,74
7944,user_7944,2020-11-27,3814.09,False,00000000-0000-0000-0000-000000001f08,67
7945,user_7945,2020-11-27,1408.69,True,00000000-0000-0000-0000-000000001f09,6
7946,user_7946,2020-11-27,6249.44,False,00000000-0000-0000-0000-000000001f0a,84
7947,user_7947,2020-11-27,7288.71,False,00000000-0000-0000-0000-000000001f0b,70
7948,user_7948,2020-11-27,9319.13,True,00000000-0000-0000-0000-000000001f0c,3
7949,user_7949,2020-11-27,2788.72,True,00000000-0000-0000-0000-000000001f0d,75
7950,user_7950,2020-11-27,9502.11,False,00000000-0000-0000-0000-000000001f0e,90
7951,user_7951,2020-11-27,632.63,False,00000000-0000-0000-0000-000000001f0f,58
7952,user_7952,2020-11-27,6030.14,False,00000000-0000-0000-0000-000000001f10,80
7953,user_7953,2020-11-27,571.33,True,00000000-0000-0000-0000-000000001f11,83
7954,user_7954,2020-11-27,8937.74,True,00000000-0000-0000-0000-000000001f12,94
7955,user_7955,2020-11-27,5298.09,True,00000000-0000-0000-0000-000000001f13,25
7956,user_7956,2020-11-27,6693.48,True,00000000-0000-0000-0000-000000001f14,30
7957,user_7957,2020-11-27,8315.74,False,00000000-0000-0000-0000-000000001f15,98
7958,user_7958,2020-11-27,1503.11,True,00000000-0000-0000-0000-000000001f16,72
7959,user_7959,2020-11-27,385.92,True,00000000-0000-0000-0000-000000001f17,68
7960,user_7960,2020-11-27,8788.81,False,00000000-0000-0000-0000-000000001f18,51
7961,user_7961,2020-11-27,3149.33,True,00000000-0000-0000-0000-000000001f19,71
7962,user_7962,2020-11-27,1289.79,False,00000000-0000-0000-0000-000000001f1a,20
7963,user_7963,2020-11-27,4684.61,True,00000000-0000-0000-0000-000000001f1b,15
7964,user_7964,2020-11-27,5983.06,False,00000000-0000-0000-0000-000000001f1c,50
7965,user_7965,2020-11-27,309.71,False,00000000-0000-0000-0000-000000001f1d,15
7966,user_7966,2020-11-27,2748.96,False,00000000-0000-0000-0000-000000001f1e,17
7967,user_7967,2020-11-27,328.0,True,00000000-0000-0000-0000-000000001f1f,46
7968,user_7968,2020-11-28,4203.35,False,00000000-0000-0000-0000-000000001f20,55
7969,user_7969,2020-11-28,8951.0,True,00000000-0000-0000-0000-000000001f21,27
7970,user_7970,2020-11-28,9826.52,True,00000000-0000-0000-0000-000000001f22,81
7971,user_7971,2020-11-28,6370.48,True,00000000-0000-0000-0000-000000001f23,77
7972,user_7972,2020-11-28,1616.38,True,00000000-0000-0000-0000-000000001f24,55
7973,user_7973,2020-11-28,9058.49,True,00000000-0000-0000-0000-000000001f25,36
7974,user_7974,2020-11-28,5162.48,True,00000000-0000-0000-0000-000000001f26,15
7975,user_7975,2020-11-28,1537.49,False,00000000-0000-0000-0000-000000001f27,84
7976,user_7976,2020-11-28,9217.27,False,00000000-0000-0000-0000-000000001f28,64
7977,user_7977,2020-11-28,7574.69,True,00000000-0000-0000-0000-000000001f29,59
7978,user_7978,2020-11-28,7317.05,True,00000000-0000-0000-0000-000000001f2a,60
7979,user_7979,2020-11-28,7091.81,True,00000000-0000-0000-0000-000000001f2b,10
7980,user_7980,2020-11-28,2003.4,True,00000000-0000-0000-0000-000000001f2c,74
7981,user_7981,2020-11-28,2110.07,True,00000000-0000-0000-0000-000000001f2d,65
7982,user_7982,2020-11-28,6882.93,False,00000000-0000-0000-0000-000000001f2e,31
7983,user_7983,2020-11-28,2197.23,False,00000000-0000-0000-0000-000000001f2f,18
7984,user_7984,2020-11-28,4386.72,True,00000000-0000-0000-0000-000000001f30,55
7985,user_7985,2020-11-28,7820.02,True,00000000-0000-0000-0000-000000001f31,4
7986,user_7986,2020-11-28,7839.53,False,00000000-0000-0000-0000-000000001f32,2
7987,user_7987,2020-11-28,4532.62,True,00000000-0000-0000-0000-000000001f33,27
7988,user_7988,2020-11-28,7921.9,True,00000000-0000-0000-0000-000000001f34,89
7989,user_7989,2020-11-28,8386.22,True,00000000-0000-0000-0000-000000001f35,86
7990,user_7990,2020-11-28,6547.76,False,00000000-0000-0000-0000-000000001f36,93
7991,user_7991,2020-11-28,2284.26,False,00000000-0000-0000-0000-000000001f37,71
7992,user_7992,2020-11-29,2740.12,True,00000000-0000-0000-0000-000000001f38,99
7993,user_7993,2020-11-29,3148.41,False,00000000-0000-0000-0000-000000001f39,28
7994,user_7994,2020-11-29,1168.04,False,00000000-0000-0000-0000-000000001f3a,76
7995,user_7995,2020-11-29,2731.6,True,00000000-0000-0000-0000-000000001f3b,58
7996,user_7996,2020-11-29,2095.19,False,00000000-0000-0000-0000-000000001f3c,24
7997,user_7997,2020-11-29,4553.29,False,00000000-0000-0000-0000-000000001f3d,21
7998,user_7998,2020-11-29,9084.38,False,00000000-0000-0000-0000-000000001f3e,96
7999,user_7999,2020-11-29,1044.8,False,00000000-0000-0000-0000-000000001f3f,70
8000,user_8000,2020-11-29,7202.68,False,00000000-0000-0000-0000-000000001f40,22
8001,user_8001,2020-11-29,6872.83,False,00000000-0000-0000-0000-000000001f41,69
8002,user_8002,2020-11-29,957.54,True,00000000-0000-0000-0000-000000001f42,78
8003,user_8003,2020-11-29,9225.72,True,00000000-0000-0000-0000-000000001f43,78
8004,user_8004,2020-11-29,5684.72,True,00000000-0000-0000-0000-000000001f44,39
8005,user_8005,2020-11-29,3637.26,False,00000000-0000-0000-0000-000000001f45,97
8006,user_8006,2020-11-29,7565.39,True,00000000-0000-0000-0000-000000001f46,13
8007,user_8007,2020-11-29,2573.65,False,00000000-0000-0000-0000-000000001f47,28
8008,user_8008,2020-11-29,6935.1,False,00000000-0000-0000-0000-000000001f48,15
8009,user_8009,2020-11-29,397.11,True,00000000-0000-0000-0000-000000001f49,92
8010,user_8010,2020-11-29,8394.08,False,00000000-0000-0000-0000-000000001f4a,86
8011,user_8011,2020-11-29,4481.71,True,00000000-0000-0000-0000-000000001f4b,9
8012,user_8012,2020-11-29,6366.93,False,00000000-0000-0000-0000-000000001f4c,46
8013,user_8013,2020-11-29,2212.38,True,00000000-0000-0000-0000-000000001f4d,3
8014,user_8014,2020-11-29,6770.74,True,00000000-0000-0000-0000-000000001f4e,11
8015,user_8015,2020-11-29,7722.4,True,00000000-0000-0000-0000-000000001f4f,41
8016,user_8016,2020-11-30,4732.13,True,00000000-0000-0000-0000-000000001f50,97
8017,user_8017,2020-11-30,6177.27,False,00000000-0000-0000-0000-000000001f51,3
8018,user_8018,2020-11-30,4563.26,True,00000000-0000-0000-0000-000000001f52,83
8019,user_8019,2020-11-30,8940.91,False,00000000-0000-0000-0000-000000001f53,91
8020,user_8020,2020-11-30,4978.69,True,00000000-0000-0000-0000-000000001f54,91
8021,user_8021,2020-11-30,8418.09,True,00000000-0000-0000-0000-000000001f55,5
8022,user_8022,2020-11-30,8013.52,True,00000000-0000-0000-0000-000000001f56,13
8023,user_8023,2020-11-30,4105.05,False,00000000-0000-0000-0000-000000001f57,34
8024,user_8024,2020-11-30,2300.84,True,00000000-0000-0000-0000-000000001f58,46
8025,user_8025,2020-11-30,4060.82,True,00000000-0000-0000-0000-000000001f59,57
8026,user_8026,2020-11-30,8262.17,False,00000000-0000-0000-0000-000000001f5a,64
8027,user_8027,2020-11-30,2276.33,True,00000000-0000-0000-0000-000000001f5b,18
8028,user_8028,2020-11-30,5244.36,False,00000000-0000-0000-0000-000000001f5c,56
8029,user_8029,2020-11-30,8060.97,True,00000000-0000-0000-0000-000000001f5d,64
8030,user_8030,2020-11-30,3534.77,True,00000000-0000-0000-0000-000000001f5e,12
8031,user_8031,2020-11-30,6422.1,True,00000000-0000-0000-0000-000000001f5f,7
8032,user_8032,2020-11-30,2456.32,False,00000000-0000-0000-0000-000000001f60,17
8033,user_8033,2020-11-30,1092.79,True,00000000-0000-0000-0000-000000001f61,34
8034,user_8034,2020-11-30,7943.84,True,00000000-0000-0000-0000-000000001f62,86
8035,user_8035,2020-11-30,989.69,True,00000000-0000-0000-0000-000000001f63,25
8036,user_8036,2020-11-30,2713.81,False,00000000-0000-0000-0000-000000001f64,37
8037,user_8037,2020-11-30,8551.09,False,00000000-0000-0000-0000-000000001f65,83
8038,user_8038,2020-11-30,3464.69,False,00000000-0000-0000-0000-000000001f66,65
8039,user_8039,2020-11-30,9730.45,False,00000000-0000-0000-0000-000000001f67,25
8040,user_8040,2020-12-01,9797.34,False,00000000-0000-0000-0000-000000001f68,56
8041,user_8041,2020-12-01,2682.76,False,00000000-0000-0000-0000-000000001f69,99
8042,user_8042,2020-12-01,409.78,True,00000000-0000-0000-0000-000000001f6a,24
8043,user_8043,2020-12-01,7050.63,True,00000000-0000-0000-0000-000000001f6b,29
8044,user_8044,2020-12-01,4509.87,True,00000000-0000-0000-0000-000000001f6c,81
8045,user_8045,2020-12-01,1007.53,True,00000000-0000-0000-0000-000000001f6d,6
8046,user_8046,2020-12-01,7075.23,True,00000000-0000-0000-0000-000000001f6e,26
8047,user_8047,2020-12-01,311.75,False,00000000-0000-0000-0000-000000001f6f,10
8048,user_8048,2020-12-01,8701.97,False,00000000-0000-0000-0000-000000001f70,7
8049,user_8049,2020-12-01,1386.53,False,00000000-0000-0000-0000-000000001f71,10
8050,user_8050,2020-12-01,1273.12,True,00000000-0000-0000-0000-000000001f72,87
8051,user_8051,2020-12-01,1756.72,False,00000000-0000-0000-0000-000000001f73,29
8052,user_8052,2020-12-01,9602.66,True,00000000-0000-0000-0000-000000001f74,93
8053,user_8053,2020-12-01,6931.69,False,00000000-0000-0000-0000-000000001f75,14
8054,user_8054,2020-12-01,8013.72,True,00000000-0000-0000-0000-000000001f76,55
8055,user_8055,2020-12-01,3976.35,False,00000000-0000-0000-0000-000000001f77,34
8056,user_8056,2020-12-01,3363.13,True,00000000-0000-0000-0000-000000001f78,38
8057,user_8057,2020-12-01,2344.84,False,00000000-0000-0000-0000-000000001f79,23
8058,user_8058,2020-12-01,4806.48,True,00000000-0000-0000-0000-000000001f7a,7
8059,user_8059,2020-12-01,5518.29,False,00000000-0000-0000-0000-000000001f7b,42
8060,user_8060,2020-12-01,6317.75,True,00000000-0000-0000-0000-000000001f7c,41
8061,user_8061,2020-12-01,2571.19,True,00000000-0000-0000-0000-000000001f7d,83
8062,user_8062,2020-12-01,9486.54,True,00000000-0000-0000-0000-000000001f7e,40
8063,user_8063,2020-12-01,1697.58,True,00000000-0000-0000-0000-000000001f7f,46
8064,user_8064,2020-12-02,9656.53,False,00000000-0000-0000-0000-000000001f80,25
8065,user_8065,2020-12-02,148.56,False,00000000-0000-0000-0000-000000001f81,51
8066,user_8066,2020-12-02,4811.26,False,00000000-0000-0000-0000-000000001f82,87
8067,user_8067,2020-12-02,3333.68,True,00000000-0000-0000-0000-000000001f83,21
8068,user_8068,2020-12-02,4491.23,False,00000000-0000-0000-0000-000000001f84,4
8069,user_8069,2020-12-02,5706.65,True,00000000-0000-0000-0000-000000001f85,14
8070,user_8070,2020-12-02,4355.89,False,00000000-0000-0000-0000-000000001f86,35
8071,user_8071,2020-12-02,4148.47,True,00000000-0000-0000-0000-000000001f87,62
8072,user_8072,2020-12-02,7327.23,False,00000000-0000-0000-0000-000000001f88,92
8073,user_8073,2020-12-02,6858.76,True,00000000-0000-0000-0000-000000001f89,78
8074,user_8074,2020-12-02,8332.71,True,00000000-0000-0000-0000-000000001f8a,90
8075,user_8075,2020-12-02,2499.59,False,00000000-0000-0000-0000-000000001f8b,48
8076,user_8076,2020-12-02,6095.29,False,00000000-0000-0000-0000-000000001f8c,54
8077,user_8077,2020-12-02,5851.95,False,00000000-0000-0000-0000-000000001f8d,71
8078,user_8078,2020-12-02,3697.38,True,00000000-0000-0000-0000-000000001f8e,59
8079,user_8079,2020-12-02,4860.58,True,00000000-0000-0000-0000-000000001f8f,56
8080,user_8080,2020-12-02,3137.82,True,00000000-0000-0000-0000-000000001f90,28
8081,user_8081,2020-12-02,1418.44,False,00000000-0000-0000-0000-000000001f91,18
8082,user_8082,2020-12-02,2138.01,True,00000000-0000-0000-0000-000000001f92,94
8083,user_8083,2020-12-02,1055.14,False,00000000-0000-0000-0000-000000001f93,72
8084,user_8084,2020-12-02,6830.7,True,00000000-0000-0000-0000-000000001f94,9
8085,user_8085,2020-12-02,6607.27,False,00000000-0000-0000-0000-000000001f95,9
8086,user_8086,2020-12-02,9506.06,True,00000000-0000-0000-0000-000000001f96,96
8087,user_8087,2020-12-02,7296.78,True,00000000-0000-0000-0000-000000001f97,88
8088,user_8088,2020-12-03,520.46,False,00000000-0000-0000-0000-000000001f98,56
8089,user_8089,2020-12-03,8842.45,True,00000000-0000-0000-0000-000000001f99,53
8090,user_8090,2020-12-03,8626.75,True,00000000-0000-0000-0000-000000001f9a,55
8091,user_8091,2020-12-03,4433.2,False,00000000-0000-0000-0000-000000001f9b,67
8092,user_8092,2020-12-03,5858.63,True,00000000-0000-0000-0000-000000001f9c,68
8093,user_8093,2020-12-03,9760.78,False,00000000-0000-0000-0000-000000001f9d,86
8094,user_8094,2020-12-03,5323.04,False,00000000-0000-0000-0000-000000001f9e,54
8095,user_8095,2020-12-03,9053.22,True,00000000-0000-0000-0000-000000001f9f,68
8096,user_8096,2020-12-03,830.39,True,00000000-0000-0000-0000-000000001fa0,71
8097,user_8097,2020-12-03,1910.52,True,00000000-0000-0000-0000-000000001fa1,80
8098,user_8098,2020-12-03,4407.55,False,00000000-0000-0000-0000-000000001fa2,0
8099,user_8099,2020-12-03,5847.57,True,00000000-0000-0000-0000-000000001fa3,11
8100,user_8100,2020-12-03,8162.28,False,00000000-0000-0000-0000-000000001fa4,34
8101,user_8101,2020-12-03,9882.62,True,00000000-0000-0000-0000-000000001fa5,77
8102,user_8102,2020-12-03,3888.51,True,00000000-0000-0000-0000-000000001fa6,81
8103,user_8103,2020-12-03,474.16,False,00000000-0000-0000-0000-000000001fa7,73
8104,user_8104,2020-12-03,8011.72,True,00000000-0000-0000-0000-000000001fa8,78
8105,user_8105,2020-12-03,6043.81,True,00000000-0000-0000-0000-000000001fa9,32
8106,user_8106,2020-12-03,1985.43,True,00000000-0000-0000-0000-000000001faa,82
8107,user_8107,2020-12-03,4948.28,True,00000000-0000-0000-0000-000000001fab,97
8108,user_8108,2020-12-03,7423.1,True,00000000-0000-0000-0000-000000001fac,24
8109,user_8109,2020-12-03,7704.12,False,00000000-0000-0000-0000-000000001fad,15
8110,user_8110,2020-12-03,4996.18,True,00000000-0000-0000-0000-000000001fae,7
8111,user_8111,2020-12-03,3052.15,False,00000000-0000-0000-0000-000000001faf,34
8112,user_8112,2020-12-04,9737.43,True,00000000-0000-0000-0000-000000001fb0,84
8113,user_8113,2020-12-04,6633.63,True,00000000-0000-0000-0000-000000001fb1,82
8114,user_8114,2020-12-04,4082.38,False,00000000-0000-0000-0000-000000001fb2,45
8115,user_8115,2020-12-04,2804.63,True,00000000-0000-0000-0000-000000001fb3,10
8116,user_8116,2020-12-04,7311.03,True,00000000-0000-0000-0000-000000001fb4,60
8117,user_8117,2020-12-04,2421.83,False,00000000-0000-0000-0000-000000001fb5,43
8118,user_8118,2020-12-04,1717.1,False,00000000-0000-0000-0000-000000001fb6,10
8119,user_8119,2020-12-04,5298.34,True,00000000-0000-0000-0000-000000001fb7,10
8120,user_8120,2020-12-04,2899.87,False,00000000-0000-0000-0000-000000001fb8,21
8121,user_8121,2020-12-04,6289.05,False,00000000-0000-0000-0000-000000001fb9,84
8122,user_8122,2020-12-04,1179.39,False,00000000-0000-0000-0000-000000001fba,90
8123,user_8123,2020-12-04,6549.41,False,00000000-0000-0000-0000-000000001fbb,81
8124,user_8124,2020-12-04,2832.97,True,00000000-0000-0000-0000-000000001fbc,61
8125,user_8125,2020-12-04,2.43,True,00000000-0000-0000-0000-000000001fbd,47
8126,user_8126,2020-12-04,1269.36,False,00000000-0000-0000-0000-000000001fbe,93
8127,user_8127,2020-12-04,9336.15,True,00000000-0000-0000-0000-000000001fbf,62
8128,user_8128,2020-12-04,8673.55,False,00000000-0000-0000-0000-000000001fc0,50
8129,user_8129,2020-12-04,2336.09,True,00000000-0000-0000-0000-000000001fc1,44
8130,user_8130,2020-12-04,7783.72,True,00000000-0000-0000-0000-000000001fc2,32
8131,user_8131,2020-12-04,6085.72,False,00000000-0000-0000-0000-000000001fc3,84
8132,user_8132,2020-12-04,9709.05,False,00000000-0000-0000-0000-000000001fc4,59
8133,user_8133,2020-12-04,3736.06,True,00000000-0000-0000-0000-000000001fc5,1
8134,user_8134,2020-12-04,6814.61,True,00000000-0000-0000-0000-000000001fc6,12
8135,user_8135,2020-12-04,635.36,True,00000000-0000-0000-0000-000000001fc7,65
8136,user_8136,2020-12-05,3962.47,False,00000000-0000-0000-0000-000000001fc8,56
8137,user_8137,2020-12-05,9638.18,True,00000000-0000-0000-0000-000000001fc9,42
8138,user_8138,2020-12-05,5389.81,False,00000000-0000-0000-0000-000000001fca,44
8139,user_8139,2020-12-05,2878.8,False,00000000-0000-0000-0000-000000001fcb,30
8140,user_8140,2020-12-05,1202.71,False,00000000-0000-0000-0000-000000001fcc,9
8141,user_8141,2020-12-05,7035.28,True,00000000-0000-0000-0000-000000001fcd,22
8142,user_8142,2020-12-05,6448.56,False,00000000-0000-0000-0000-000000001fce,85
8143,user_8143,2020-12-05,3739.39,True,00000000-0000-0000-0000-000000001fcf,28
8144,user_8144,2020-12-05,9509.41,False,00000000-0000-0000-0000-000000001fd0,96
8145,user_8145,2020-12-05,222.03,True,00000000-0000-0000-0000-000000001fd1,30
8146,user_8146,2020-12-05,3037.24,True,00000000-0000-0000-0000-000000001fd2,77
8147,user_8147,2020-12-05,9210.69,False,00000000-0000-0000-0000-000000001fd3,73
8148,user_8148,2020-12-05,3209.35,False,00000000-0000-0000-0000-000000001fd4,17
8149,user_8149,2020-12-05,2522.53,True,00000000-0000-0000-0000-000000001fd5,10
8150,user_8150,2020-12-05,5342.2,True,00000000-0000-0000-0000-000000001fd6,46
8151,user_8151,2020-12-05,8238.02,False,00000000-0000-0000-0000-000000001fd7,2
8152,user_8152,2020-12-05,1031.47,False,00000000-0000-0000-0000-000000001fd8,1
8153,user_8153,2020-12-05,9430.21,True,00000000-0000-0000-0000-000000001fd9,53
8154,user_8154,2020-12-05,7950.73,True,00000000-0000-0000-0000-000000001fda,71
8155,user_8155,2020-12-05,1812.5,False,00000000-0000-0000-0000-000000001fdb,30
8156,user_8156,2020-12-05,7120.08,True,00000000-0000-0000-0000-000000001fdc,7
8157,user_8157,2020-12-05,3849.59,False,00000000-0000-0000-0000-000000001fdd,42
8158,user_8158,2020-12-05,4022.95,False,00000000-0000-0000-0000-000000001fde,47
8159,user_8159,2020-12-05,7832.9,False,00000000-0000-0000-0000-000000001fdf,1
8160,user_8160,2020-12-06,9627.85,False,00000000-0000-0000-0000-000000001fe0,21
8161,user_8161,2020-12-06,1266.56,True,00000000-0000-0000-0000-000000001fe1,4
8162,user_8162,2020-12-06,4206.3,False,00000000-0000-0000-0000-000000001fe2,6
8163,user_8163,2020-12-06,4809.42,False,00000000-0000-0000-0000-000000001fe3,19
8164,user_8164,2020-12-06,3763.12,True,00000000-0000-0000-0000-000000001fe4,91
8165,user_8165,2020-12-06,3631.89,True,00000000-0000-0000-0000-000000001fe5,76
8166,user_8166,2020-12-06,522.69,False,00000000-0000-0000-0000-000000001fe6,1
8167,user_8167,2020-12-06,6855.39,False,00000000-0000-0000-0000-000000001fe7,31
8168,user_8168,2020-12-06,4362.14,False,00000000-0000-0000-0000-000000001fe8,89
8169,user_8169,2020-12-06,1947.94,False,00000000-0000-0000-0000-000000001fe9,2
8170,user_8170,2020-12-06,8160.34,False,00000000-0000-0000-0000-000000001fea,40
8171,user_8171,2020-12-06,8025.61,False,00000000-0000-0000-0000-000000001feb,41
8172,user_8172,2020-12-06,4863.92,True,00000000-0000-0000-0000-000000001fec,76
8173,user_8173,2020-12-06,2984.51,True,00000000-0000-0000-0000-000000001fed,84
8174,user_8174,2020-12-06,6380.93,False,00000000-0000-0000-0000-000000001fee,44
8175,user_8175,2020-12-06,2881.52,True,00000000-0000-0000-0000-000000001fef,86
8176,user_8176,2020-12-06,2360.08,True,00000000-0000-0000-0000-000000001ff0,70
8177,user_8177,2020-12-06,7305.15,False,00000000-0000-0000-0000-000000001ff1,16
8178,user_8178,2020-12-06,403.25,True,00000000-0000-0000-0000-000000001ff2,91
8179,user_8179,2020-12-06,947.68,True,00000000-0000-0000-0000-000000001ff3,46
8180,user_8180,2020-12-06,67.88,False,00000000-0000-0000-0000-000000001ff4,93
8181,user_8181,2020-12-06,1529.43,False,00000000-0000-0000-0000-000000001ff5,68
8182,user_8182,2020-12-06,689.9,False,00000000-0000-0000-0000-000000001ff6,23
8183,user_8183,2020-12-06,9958.02,True,00000000-0000-0000-0000-000000001ff7,70
8184,user_8184,2020-12-07,2888.1,False,00000000-0000-0000-0000-000000001ff8,33
8185,user_8185,2020-12-07,1492.68,True,00000000-0000-0000-0000-000000001ff9,49
8186,user_8186,2020-12-07,2409.96,False,00000000-0000-0000-0000-000000001ffa,41
8187,user_8187,2020-12-07,9361.26,False,00000000-0000-0000-0000-000000001ffb,32
8188,user_8188,2020-12-07,5201.6,False,00000000-0000-0000-0000-000000001ffc,26
8189,user_8189,2020-12-07,3648.18,False,00000000-0000-0000-0000-000000001ffd,77
8190,user_8190,2020-12-07,8733.91,True,00000000-0000-0000-0000-000000001ffe,58
8191,user_8191,2020-12-07,3949.9,True,00000000-0000-0000-0000-000000001fff,18
8192,user_8192,2020-12-07,3350.09,False,00000000-0000-0000-0000-000000002000,75
8193,user_8193,2020-12-07,2072.83,True,00000000-0000-0000-0000-000000002001,2
8194,user_8194,2020-12-07,3777.97,False,00000000-0000-0000-0000-000000002002,70
8195,user_8195,2020-12-07,3166.84,False,00000000-0000-0000-0000-000000002003,98
8196,user_8196,2020-12-07,6773.04,True,00000000-0000-0000-0000-000000002004,24
8197,user_8197,2020-12-07,2895.83,True,00000000-0000-0000-0000-000000002005,14
8198,user_8198,2020-12-07,5772.0,False,00000000-0000-0000-0000-000000002006,82
8199,user_8199,2020-12-07,658.92,False,00000000-0000-0000-0000-000000002007,59
8200,user_8200,2020-12-07,1912.89,False,00000000-0000-0000-0000-000000002008,82
8201,user_8201,2020-12-07,4074.05,True,00000000-0000-0000-0000-000000002009,22
8202,user_8202,2020-12-07,9369.49,False,00000000-0000-0000-0000-00000000200a,10
8203,user_8203,2020-12-07,3772.52,False,00000000-0000-0000-0000-00000000200b,58
8204,user_8204,2020-12-07,6640.74,False,00000000-0000-0000-0000-00000000200c,84
8205,user_8205,2020-12-07,2550.87,False,00000000-0000-0000-0000-00000000200d,33
8206,user_8206,2020-12-07,1270.34,False,00000000-0000-0000-0000-00000000200e,6
8207,user_8207,2020-12-07,585.37,False,00000000-0000-0000-0000-00000000200f,43
8208,user_8208,2020-12-08,3054.13,True,00000000-0000-0000-0000-000000002010,90
8209,user_8209,2020-12-08,1576.61,False,00000000-0000-0000-0000-000000002011,63
8210,user_8210,2020-12-08,1740.1,False,00000000-0000-0000-0000-000000002012,22
8211,user_8211,2020-12-08,7607.59,True,00000000-0000-0000-0000-000000002013,57
8212,user_8212,2020-12-08,158.38,True,00000000-0000-0000-0000-000000002014,19
8213,user_8213,2020-12-08,5578.1,False,00000000-0000-0000-0000-000000002015,26
8214,user_8214,2020-12-08,3794.61,True,00000000-0000-0000-0000-000000002016,59
8215,user_8215,2020-12-08,5065.5,False,00000000-0000-0000-0000-000000002017,7
8216,user_8216,2020-12-08,5628.3,True,00000000-0000-0000-0000-000000002018,66
8217,user_8217,2020-12-08,3133.68,True,00000000-0000-0000-0000-000000002019,1
8218,user_8218,2020-12-08,2951.09,False,00000000-0000-0000-0000-00000000201a,21
8219,user_8219,2020-12-08,7334.02,True,00000000-0000-0000-0000-00000000201b,69
8220,user_8220,2020-12-08,8712.77,False,00000000-0000-0000-0000-00000000201c,35
8221,user_8221,2020-12-08,1925.82,True,00000000-0000-0000-0000-00000000201d,23
8222,user_8222,2020-12-08,976.19,False,00000000-0000-0000-0000-00000000201e,11
8223,user_8223,2020-12-08,8977.96,True,00000000-0000-0000-0000-00000000201f,80
8224,user_8224,2020-12-08,3498.95,False,00000000-0000-0000-0000-000000002020,21
8225,user_8225,2020-12-08,5513.17,False,00000000-0000-0000-0000-000000002021,82
8226,user_8226,2020-12-08,3595.43,False,00000000-0000-0000-0000-000000002022,72
8227,user_8227,2020-12-08,1258.02,False,00000000-0000-0000-0000-000000002023,75
8228,user_8228,2020-12-08,5893.32,True,00000000-0000-0000-0000-000000002024,95
8229,user_8229,2020-12-08,5251.41,False,00000000-0000-0000-0000-000000002025,94
8230,user_8230,2020-12-08,2029.94,True,00000000-0000-0000-0000-000000002026,80
8231,user_8231,2020-12-08,4518.69,True,00000000-0000-0000-0000-000000002027,22
8232,user_8232,2020-12-09,7969.48,False,00000000-0000-0000-0000-000000002028,73
8233,user_8233,2020-12-09,5904.26,False,00000000-0000-0000-0000-000000002029,62
8234,user_8234,2020-12-09,969.17,True,00000000-0000-0000-0000-00000000202a,29
8235,user_8235,2020-12-09,5480.21,True,00000000-0000-0000-0000-00000000202b,18
8236,user_8236,2020-12-09,7027.38,True,00000000-0000-0000-0000-00000000202c,25
8237,user_8237,2020-12-09,7927.03,False,00000000-0000-0000-0000-00000000202d,89
8238,user_8238,2020-12-09,6291.18,False,00000000-0000-0000-0000-00000000202e,10
8239,user_8239,2020-12-09,1526.58,True,00000000-0000-0000-0000-00000000202f,19
8240,user_8240,2020-12-09,7101.73,True,00000000-0000-0000-0000-000000002030,55
8241,user_8241,2020-12-09,6773.42,True,00000000-0000-0000-0000-000000002031,44
8242,user_8242,2020-12-09,244.27,False,00000000-0000-0000-0000-000000002032,67
8243,user_8243,2020-12-09,4117.48,True,00000000-0000-0000-0000-000000002033,46
8244,user_8244,2020-12-09,3329.5,True,00000000-0000-0000-0000-000000002034,75
8245,user_8245,2020-12-09,6694.12,True,00000000-0000-0000-0000-000000002035,88
8246,user_8246,2020-12-09,2161.36,True,00000000-0000-0000-0000-000000002036,57
8247,user_8247,2020-12-09,5908.72,False,00000000-0000-0000-0000-000000002037,9
8248,user_8248,2020-12-09,9132.06,True,00000000-0000-0000-0000-000000002038,21
8249,user_8249,2020-12-09,7978.02,False,00000000-0000-0000-0000-000000002039,70
8250,user_8250,2020-12-09,9214.58,False,00000000-0000-0000-0000-00000000203a,23
8251,user_8251,2020-12-09,9785.06,True,00000000-0000-0000-0000-00000000203b,65
8252,user_8252,2020-12-09,106.7,False,00000000-0000-0000-0000-00000000203c,95
8253,user_8253,2020-12-09,6227.41,True,00000000-0000-0000-0000-00000000203d,84
8254,user_8254,2020-12-09,4128.39,True,00000000-0000-0000-0000-00000000203e,60
8255,user_8255,2020-12-09,8598.54,True,00000000-0000-0000-0000-00000000203f,6
8256,user_8256,2020-12-10,2518.15,True,00000000-0000-0000-0000-000000002040,71
8257,user_8257,2020-12-10,9810.29,True,00000000-0000-0000-0000-000000002041,37
8258,user_8258,2020-12-10,6137.08,False,00000000-0000-0000-0000-000000002042,20
8259,user_8259,2020-12-10,7935.37,False,00000000-0000-0000-0000-000000002043,7
8260,user_8260,2020-12-10,856.0,True,00000000-0000-0000-0000-000000002044,88
8261,user_8261,2020-12-10,1834.58,False,00000000-0000-0000-0000-000000002045,27
8262,user_8262,2020-12-10,7584.04,True,00000000-0000-0000-0000-000000002046,91
8263,user_8263,2020-12-10,219.87,False,00000000-0000-0000-0000-000000002047,53
8264,user_8264,2020-12-10,8168.78,False,00000000-0000-0000-0000-000000002048,30
8265,user_8265,2020-12-10,139.49,True,00000000-0000-0000-0000-000000002049,99
8266,user_8266,2020-12-10,6571.19,False,00000000-0000-0000-0000-00000000204a,88
8267,user_8267,2020-12-10,3650.94,False,00000000-0000-0000-0000-00000000204b,40
8268,user_8268,2020-12-10,6114.95,False,00000000-0000-0000-0000-00000000204c,36
8269,user_8269,2020-12-10,6960.31,True,00000000-0000-0000-0000-00000000204d,37
8270,user_8270,2020-12-10,3424.75,False,00000000-0000-0000-0000-00000000204e,50
8271,user_8271,2020-12-10,1079.62,False,00000000-0000-0000-0000-00000000204f,75
8272,user_8272,2020-12-10,696.46,False,00000000-0000-0000-0000-000000002050,36
8273,user_8273,2020-12-10,5889.36,False,00000000-0000-0000-0000-000000002051,30
8274,user_8274,2020-12-10,5206.55,False,00000000-0000-0000-0000-000000002052,61
8275,user_8275,2020-12-10,7422.01,False,00000000-0000-0000-0000-000000002053,17
8276,user_8276,2020-12-10,5097.36,False,00000000-0000-0000-0000-000000002054,89
8277,user_8277,2020-12-10,4224.46,False,00000000-0000-0000-0000-000000002055,5
8278,user_8278,2020-12-10,3980.87,False,00000000-0000-0000-0000-000000002056,8
8279,user_8279,2020-12-10,264.47,True,00000000-0000-0000-0000-000000002057,10
8280,user_8280,2020-12-11,3355.57,False,00000000-0000-0000-0000-000000002058,94
8281,user_8281,2020-12-11,9760.2,False,00000000-0000-0000-0000-000000002059,1
8282,user_8282,2020-12-11,8735.56,False,00000000-0000-0000-0000-00000000205a,28
8283,user_8283,2020-12-11,3293.78,False,00000000-0000-0000-0000-00000000205b,50
8284,user_8284,2020-12-11,5877.95,False,00000000-0000-0000-0000-00000000205c,68
8285,user_8285,2020-12-11,8472.97,True,00000000-0000-0000-0000-00000000205d,22
8286,user_8286,2020-12-11,4412.74,True,00000000-0000-0000-0000-00000000205e,99
8287,user_8287,2020-12-11,179.58,True,00000000-0000-0000-0000-00000000205f,6
8288,user_8288,2020-12-11,745.1,True,00000000-0000-0000-0000-000000002060,55
8289,user_8289,2020-12-11,5103.93,False,00000000-0000-0000-0000-000000002061,76
8290,user_8290,2020-12-11,9694.39,False,00000000-0000-0000-0000-000000002062,61
8291,user_8291,2020-12-11,6932.1,False,00000000-0000-0000-0000-000000002063,73
8292,user_8292,2020-12-11,709.16,True,00000000-0000-0000-0000-000000002064,99
8293,user_8293,2020-12-11,1893.61,True,00000000-0000-0000-0000-000000002065,79
8294,user_8294,2020-12-11,7713.23,True,00000000-0000-0000-0000-000000002066,14
8295,user_8295,2020-12-11,8414.4,True,00000000-0000-0000-0000-000000002067,52
8296,user_8296,2020-12-11,6176.95,False,00000000-0000-0000-0000-000000002068,42
8297,user_8297,2020-12-11,6444.23,False,00000000-0000-0000-0000-000000002069,82
8298,user_8298,2020-12-11,283.37,True,00000000-0000-0000-0000-00000000206a,84
8299,user_8299,2020-12-11,8285.3,False,00000000-0000-0000-0000-00000000206b,34
8300,user_8300,2020-12-11,7882.75,True,00000000-0000-0000-0000-00000000206c,78
8301,user_8301,2020-12-11,2590.35,True,00000000-0000-0000-0000-00000000206d,13
8302,user_8302,2020-12-11,7086.77,True,00000000-0000-0000-0000-00000000206e,92
8303,user_8303,2020-12-11,2148.55,True,00000000-0000-0000-0000-00000000206f,68
8304,user_8304,2020-12-12,403.3,False,00000000-0000-0000-0000-000000002070,48
8305,user_8305,2020-12-12,2011.37,False,00000000-0000-0000-0000-000000002071,17
8306,user_8306,2020-12-12,1786.29,True,00000000-0000-0000-0000-000000002072,50
8307,user_8307,2020-12-12,3377.48,True,00000000-0000-0000-0000-000000002073,0
8308,user_8308,2020-12-12,4184.49,False,00000000-0000-0000-0000-000000002074,26
8309,user_8309,2020-12-12,5085.39,False,00000000-0000-0000-0000-000000002075,63
8310,user_8310,2020-12-12,4767.54,True,00000000-0000-0000-0000-000000002076,59
8311,user_8311,2020-12-12,2706.75,True,00000000-0000-0000-0000-000000002077,90
8312,user_8312,2020-12-12,291.71,True,00000000-0000-0000-0000-000000002078,88
8313,user_8313,2020-12-12,6051.02,True,00000000-0000-0000-0000-000000002079,40
8314,user_8314,2020-12-12,3957.45,True,00000000-0000-0000-0000-00000000207a,20
8315,user_8315,2020-12-12,2986.72,False,00000000-0000-0000-0000-00000000207b,13
8316,user_8316,2020-12-12,8669.41,False,00000000-0000-0000-0000-00000000207c,19
8317,user_8317,2020-12-12,7467.43,True,00000000-0000-0000-0000-00000000207d,91
8318,user_8318,2020-12-12,8577.66,True,00000000-0000-0000-0000-00000000207e,84
8319,user_8319,2020-12-12,4949.83,True,00000000-0000-0000-0000-00000000207f,86
8320,user_8320,2020-12-12,1309.31,True,00000000-0000-0000-0000-000000002080,10
8321,user_8321,2020-12-12,6962.21,False,00000000-0000-0000-0000-000000002081,65
8322,user_8322,2020-12-12,2060.74,False,00000000-0000-0000-0000-000000002082,83
8323,user_8323,2020-12-12,4412.3,True,00000000-0000-0000-0000-000000002083,23
8324,user_8324,2020-12-12,650.01,False,00000000-0000-0000-0000-000000002084,88
8325,user_8325,2020-12-12,8253.08,True,00000000-0000-0000-0000-000000002085,36
8326,user_8326,2020-12-12,1259.41,True,00000000-0000-0000-0000-000000002086,85
8327,user_8327,2020-12-12,9030.98,False,00000000-0000-0000-0000-000000002087,23
8328,user_8328,2020-12-13,8642.31,True,00000000-0000-0000-0000-000000002088,14
8329,user_8329,2020-12-13,4645.83,False,00000000-0000-0000-0000-000000002089,11
8330,user_8330,2020-12-13,7443.68,True,00000000-0000-0000-0000-00000000208a,94
8331,user_8331,2020-12-13,6194.45,True,00000000-0000-0000-0000-00000000208b,63
8332,user_8332,2020-12-13,8030.76,True,00000000-0000-0000-0000-00000000208c,30
8333,user_8333,2020-12-13,4318.05,True,00000000-0000-0000-0000-00000000208d,52
8334,user_8334,2020-12-13,7858.08,False,00000000-0000-0000-0000-00000000208e,93
8335,user_8335,2020-12-13,4624.57,True,00000000-0000-0000-0000-00000000208f,83
8336,user_8336,2020-12-13,9409.66,False,00000000-0000-0000-0000-000000002090,71
8337,user_8337,2020-12-13,4863.72,False,00000000-0000-0000-0000-000000002091,43
8338,user_8338,2020-12-13,4626.19,True,00000000-0000-0000-0000-000000002092,29
8339,user_8339,2020-12-13,7850.72,False,00000000-0000-0000-0000-000000002093,34
8340,user_8340,2020-12-13,8215.78,True,00000000-0000-0000-0000-000000002094,20
8341,user_8341,2020-12-13,5544.89,False,00000000-0000-0000-0000-000000002095,62
8342,user_8342,2020-12-13,1797.98,False,00000000-0000-0000-0000-000000002096,91
8343,user_8343,2020-12-13,4677.58,True,00000000-0000-0000-0000-000000002097,16
8344,user_8344,2020-12-13,9680.73,True,00000000-0000-0000-0000-000000002098,11
8345,user_8345,2020-12-13,7529.86,False,00000000-0000-0000-0000-000000002099,17
8346,user_8346,2020-12-13,8111.63,True,00000000-0000-0000-0000-00000000209a,91
8347,user_8347,2020-12-13,328.25,True,00000000-0000-0000-0000-00000000209b,59
8348,user_8348,2020-12-13,4678.59,False,00000000-0000-0000-0000-00000000209c,66
8349,user_8349,2020-12-13,6466.21,False,00000000-0000-0000-0000-00000000209d,14
8350,user_8350,2020-12-13,8300.33,True,00000000-0000-0000-0000-00000000209e,15
8351,user_8351,2020-12-13,492.74,False,00000000-0000-0000-0000-00000000209f,21
8352,user_8352,2020-12-14,8524.39,True,00000000-0000-0000-0000-0000000020a0,94
8353,user_8353,2020-12-14,5484.01,True,00000000-0000-0000-0000-0000000020a1,62
8354,user_8354,2020-12-14,1973.14,False,00000000-0000-0000-0000-0000000020a2,30
8355,user_8355,2020-12-14,3172.55,True,00000000-0000-0000-0000-0000000020a3,0
8356,user_8356,2020-12-14,2819.3,False,00000000-0000-0000-0000-0000000020a4,74
8357,user_8357,2020-12-14,5308.59,True,00000000-0000-0000-0000-0000000020a5,5
8358,user_8358,2020-12-14,516.86,True,00000000-0000-0000-0000-0000000020a6,86
8359,user_8359,2020-12-14,1585.36,True,00000000-0000-0000-0000-0000000020a7,8
8360,user_8360,2020-12-14,8126.93,False,00000000-0000-0000-0000-0000000020a8,51
8361,user_8361,2020-12-14,1326.04,False,00000000-0000-0000-0000-0000000020a9,79
8362,user_8362,2020-12-14,2333.96,True,00000000-0000-0000-0000-0000000020aa,61
8363,user_8363,2020-12-14,4533.71,False,00000000-0000-0000-0000-0000000020ab,57
8364,user_8364,2020-12-14,5171.21,False,00000000-0000-0000-0000-0000000020ac,18
8365,user_8365,2020-12-14,7636.1,True,00000000-0000-0000-0000-0000000020ad,12
8366,user_8366,2020-12-14,4473.32,False,00000000-0000-0000-0000-0000000020ae,31
8367,user_8367,2020-12-14,7898.65,False,00000000-0000-0000-0000-0000000020af,99
8368,user_8368,2020-12-14,6183.46,False,00000000-0000-0000-0000-0000000020b0,8
8369,user_8369,2020-12-14,1131.0,True,00000000-0000-0000-0000-0000000020b1,48
8370,user_8370,2020-12-14,1563.31,True,00000000-0000-0000-0000-0000000020b2,36
8371,user_8371,2020-12-14,4370.34,False,00000000-0000-0000-0000-0000000020b3,30
8372,user_8372,2020-12-14,3968.89,True,00000000-0000-0000-0000-0000000020b4,30
8373,user_8373,2020-12-14,7435.44,False,00000000-0000-0000-0000-0000000020b5,58
8374,user_8374,2020-12-14,5807.37,True,00000000-0000-0000-0000-0000000020b6,54
8375,user_8375,2020-12-14,3881.33,False,00000000-0000-0000-0000-0000000020b7,18
8376,user_8376,2020-12-15,1707.6,True,00000000-0000-0000-0000-0000000020b8,62
8377,user_8377,2020-12-15,2268.37,False,00000000-0000-0000-0000-0000000020b9,1
8378,user_8378,2020-12-15,5755.01,True,00000000-0000-0000-0000-0000000020ba,44
8379,user_8379,2020-12-15,4234.39,False,00000000-0000-0000-0000-0000000020bb,95
8380,user_8380,2020-12-15,5149.28,True,00000000-0000-0000-0000-0000000020bc,42
8381,user_8381,2020-12-15,1706.77,True,00000000-0000-0000-0000-0000000020bd,97
8382,user_8382,2020-12-15,6629.06,True,00000000-0000-0000-0000-0000000020be,0
8383,user_8383,2020-12-15,8525.39,False,00000000-0000-0000-0000-0000000020bf,84
8384,user_8384,2020-12-15,2579.4,False,00000000-0000-0000-0000-0000000020c0,60
8385,user_8385,2020-12-15,4915.14,False,00000000-0000-0000-0000-0000000020c1,2
8386,user_8386,2020-12-15,9755.27,True,00000000-0000-0000-0000-0000000020c2,90
8387,user_8387,2020-12-15,3332.42,False,00000000-0000-0000-0000-0000000020c3,43
8388,user_8388,2020-12-15,5950.46,True,00000000-0000-0000-0000-0000000020c4,6
8389,user_8389,2020-12-15,901.96,True,00000000-0000-0000-0000-0000000020c5,32
8390,user_8390,2020-12-15,6060.15,True,00000000-0000-0000-0000-0000000020c6,8
8391,user_8391,2020-12-15,896.32,False,00000000-0000-0000-0000-0000000020c7,29
8392,user_8392,2020-12-15,9592.35,True,00000000-0000-0000-0000-0000000020c8,17
8393,user_8393,2020-12-15,7156.63,False,00000000-0000-0000-0000-0000000020c9,55
8394,user_8394,2020-12-15,7881.6,False,00000000-0000-0000-0000-0000000020ca,89
8395,user_8395,2020-12-15,7041.04,True,00000000-0000-0000-0000-0000000020cb,83
8396,user_8396,2020-12-15,5897.29,False,00000000-0000-0000-0000-0000000020cc,30
8397,user_8397,2020-12-15,4499.13,True,00000000-0000-0000-0000-0000000020cd,71
8398,user_8398,2020-12-15,8583.73,True,00000000-0000-0000-0000-0000000020ce,62
8399,user_8399,2020-12-15,9568.36,False,00000000-0000-0000-0000-0000000020cf,86
8400,user_8400,2020-12-16,4990.36,True,00000000-0000-0000-0000-0000000020d0,49
8401,user_8401,2020-12-16,9315.35,True,00000000-0000-0000-0000-0000000020d1,88
8402,user_8402,2020-12-16,5833.33,True,00000000-0000-0000-0000-0000000020d2,0
8403,user_8403,2020-12-16,5383.84,False,00000000-0000-0000-0000-0000000020d3,81
8404,user_8404,2020-12-16,4544.83,False,00000000-0000-0000-0000-0000000020d4,18
8405,user_8405,2020-12-16,2092.88,False,00000000-0000-0000-0000-0000000020d5,63
8406,user_8406,2020-12-16,37.2,True,00000000-0000-0000-0000-0000000020d6,52
8407,user_8407,2020-12-16,2415.06,True,00000000-0000-0000-0000-0000000020d7,5
8408,user_8408,2020-12-16,5097.23,False,00000000-0000-0000-0000-0000000020d8,16
8409,user_8409,2020-12-16,3799.6,False,00000000-0000-0000-0000-0000000020d9,45
8410,user_8410,2020-12-16,4484.85,False,00000000-0000-0000-0000-0000000020da,71
8411,user_8411,2020-12-16,9806.48,False,00000000-0000-0000-0000-0000000020db,72
8412,user_8412,2020-12-16,3502.72,False,00000000-0000-0000-0000-0000000020dc,54
8413,user_8413,2020-12-16,4521.83,True,00000000-0000-0000-0000-0000000020dd,90
8414,user_8414,2020-12-16,1335.16,False,00000000-0000-0000-0000-0000000020de,99
8415,user_8415,2020-12-16,479.58,True,00000000-0000-0000-0000-0000000020df,5
8416,user_8416,2020-12-16,7754.1,True,00000000-0000-0000-0000-0000000020e0,69
8417,user_8417,2020-12-16,5706.83,True,00000000-0000-0000-0000-0000000020e1,67
8418,user_8418,2020-12-16,7607.05,True,00000000-0000-0000-0000-0000000020e2,85
8419,user_8419,2020-12-16,1498.63,False,00000000-0000-0000-0000-0000000020e3,39
8420,user_8420,2020-12-16,5718.29,True,00000000-0000-0000-0000-0000000020e4,90
8421,user_8421,2020-12-16,2536.42,False,00000000-0000-0000-0000-0000000020e5,65
8422,user_8422,2020-12-16,2280.62,True,00000000-0000-0000-0000-0000000020e6,8
8423,user_8423,2020-12-16,115.26,False,00000000-0000-0000-0000-0000000020e7,10
8424,user_8424,2020-12-17,1303.41,False,00000000-0000-0000-0000-0000000020e8,19
8425,user_8425,2020-12-17,3092.68,True,00000000-0000-0000-0000-0000000020e9,42
8426,user_8426,2020-12-17,1168.79,False,00000000-0000-0000-0000-0000000020ea,57
8427,user_8427,2020-12-17,9858.58,True,00000000-0000-0000-0000-0000000020eb,77
8428,user_8428,2020-12-17,3086.33,False,00000000-0000-0000-0000-0000000020ec,25
8429,user_8429,2020-12-17,1303.24,True,00000000-0000-0000-0000-0000000020ed,37
8430,user_8430,2020-12-17,1990.82,True,00000000-0000-0000-0000-0000000020ee,93
8431,user_8431,2020-12-17,5877.03,False,00000000-0000-0000-0000-0000000020ef,35
8432,user_8432,2020-12-17,640.44,False,00000000-0000-0000-0000-0000000020f0,98
8433,user_8433,2020-12-17,8624.34,True,00000000-0000-0000-0000-0000000020f1,54
8434,user_8434,2020-12-17,9615.0,True,00000000-0000-0000-0000-0000000020f2,5
8435,user_8435,2020-12-17,2467.47,False,00000000-0000-0000-0000-0000000020f3,2
8436,user_8436,2020-12-17,4500.95,True,00000000-0000-0000-0000-0000000020f4,64
8437,user_8437,2020-12-17,221.34,True,00000000-0000-0000-0000-0000000020f5,63
8438,user_8438,2020-12-17,6407.1,True,00000000-0000-0000-0000-0000000020f6,57
8439,user_8439,2020-12-17,4139.26,False,00000000-0000-0000-0000-0000000020f7,57
8440,user_8440,2020-12-17,2700.58,True,00000000-0000-0000-0000-0000000020f8,17
8441,user_8441,2020-12-17,2068.37,True,00000000-0000-0000-0000-0000000020f9,22
8442,user_8442,2020-12-17,6540.23,False,00000000-0000-0000-0000-0000000020fa,95
8443,user_8443,2020-12-17,4162.17,True,00000000-0000-0000-0000-0000000020fb,28
8444,user_8444,2020-12-17,1796.59,True,00000000-0000-0000-0000-0000000020fc,22
8445,user_8445,2020-12-17,6891.09,True,00000000-0000-0000-0000-0000000020fd,35
8446,user_8446,2020-12-17,5650.72,True,00000000-0000-0000-0000-0000000020fe,69
8447,user_8447,2020-12-17,8586.72,False,00000000-0000-0000-0000-0000000020ff,80
8448,user_8448,2020-12-18,1174.76,True,00000000-0000-0000-0000-000000002100,81
8449,user_8449,2020-12-18,7856.67,True,00000000-0000-0000-0000-000000002101,94
8450,user_8450,2020-12-18,6735.17,True,00000000-0000-0000-0000-000000002102,5
8451,user_8451,2020-12-18,1150.11,True,00000000-0000-0000-0000-000000002103,33
8452,user_8452,2020-12-18,6948.21,True,00000000-0000-0000-0000-000000002104,43
8453,user_8453,2020-12-18,4415.47,False,00000000-0000-0000-0000-000000002105,43
8454,user_8454,2020-12-18,9449.85,False,00000000-0000-0000-0000-000000002106,26
8455,user_8455,2020-12-18,1416.11,True,00000000-0000-0000-0000-000000002107,99
8456,user_8456,2020-12-18,6428.33,True,00000000-0000-0000-0000-000000002108,51
8457,user_8457,2020-12-18,3819.8,False,00000000-0000-0000-0000-000000002109,41
8458,user_8458,2020-12-18,9568.15,False,00000000-0000-0000-0000-00000000210a,24
8459,user_8459,2020-12-18,3299.75,False,00000000-0000-0000-0000-00000000210b,73
8460,user_8460,2020-12-18,9621.86,True,00000000-0000-0000-0000-00000000210c,38
8461,user_8461,2020-12-18,9014.86,True,00000000-0000-0000-0000-00000000210d,38
8462,user_8462,2020-12-18,2703.83,True,00000000-0000-0000-0000-00000000210e,11
8463,user_8463,2020-12-18,8035.42,True,00000000-0000-0000-0000-00000000210f,10
8464,user_8464,2020-12-18,9956.04,True,00000000-0000-0000-0000-000000002110,2
8465,user_8465,2020-12-18,2526.63,True,00000000-0000-0000-0000-000000002111,21
8466,user_8466,2020-12-18,4367.77,False,00000000-0000-0000-0000-000000002112,3
8467,user_8467,2020-12-18,5201.81,False,00000000-0000-0000-0000-000000002113,7
8468,user_8468,2020-12-18,2949.31,True,00000000-0000-0000-0000-000000002114,13
8469,user_8469,2020-12-18,152.65,True,00000000-0000-0000-0000-000000002115,83
8470,user_8470,2020-12-18,2201.29,True,00000000-0000-0000-0000-000000002116,87
8471,user_8471,2020-12-18,2819.37,False,00000000-0000-0000-0000-000000002117,13
8472,user_8472,2020-12-19,4436.0,False,00000000-0000-0000-0000-000000002118,91
8473,user_8473,2020-12-19,1711.02,False,00000000-0000-0000-0000-000000002119,15
8474,user_8474,2020-12-19,8732.54,False,00000000-0000-0000-0000-00000000211a,31
8475,user_8475,2020-12-19,7049.11,True,00000000-0000-0000-0000-00000000211b,63
8476,user_8476,2020-12-19,852.0,False,00000000-0000-0000-0000-00000000211c,75
8477,user_8477,2020-12-19,6500.92,False,00000000-0000-0000-0000-00000000211d,15
8478,user_8478,2020-12-19,6536.56,True,00000000-0000-0000-0000-00000000211e,51
8479,user_8479,2020-12-19,9562.21,True,00000000-0000-0000-0000-00000000211f,18
8480,user_8480,2020-12-19,30.21,True,00000000-0000-0000-0000-000000002120,68
8481,user_8481,2020-12-19,2479.32,False,00000000-0000-0000-0000-000000002121,11
8482,user_8482,2020-12-19,9277.91,True,00000000-0000-0000-0000-000000002122,92
8483,user_8483,2020-12-19,9321.34,False,00000000-0000-0000-0000-000000002123,4
8484,user_8484,2020-12-19,7205.86,False,00000000-0000-0000-0000-000000002124,41
8485,user_8485,2020-12-19,7657.63,False,00000000-0000-0000-0000-000000002125,16
8486,user_8486,2020-12-19,914.83,False,00000000-0000-0000-0000-000000002126,71
8487,user_8487,2020-12-19,5138.76,True,00000000-0000-0000-0000-000000002127,93
8488,user_8488,2020-12-19,2315.83,True,00000000-0000-0000-0000-000000002128,9
8489,user_8489,2020-12-19,1812.18,False,00000000-0000-0000-0000-000000002129,83
8490,user_8490,2020-12-19,8103.03,True,00000000-0000-0000-0000-00000000212a,15
8491,user_8491,2020-12-19,1350.38,False,00000000-0000-0000-0000-00000000212b,15
8492,user_8492,2020-12-19,4686.52,False,00000000-0000-0000-0000-00000000212c,41
8493,user_8493,2020-12-19,9385.78,True,00000000-0000-0000-0000-00000000212d,2
8494,user_8494,2020-12-19,1858.32,True,00000000-0000-0000-0000-00000000212e,22
8495,user_8495,2020-12-19,9779.93,False,00000000-0000-0000-0000-00000000212f,85
8496,user_8496,2020-12-20,9942.88,True,00000000-0000-0000-0000-000000002130,27
8497,user_8497,2020-12-20,5556.17,False,00000000-0000-0000-0000-000000002131,44
8498,user_8498,2020-12-20,1701.43,True,00000000-0000-0000-0000-000000002132,99
8499,user_8499,2020-12-20,3161.05,False,00000000-0000-0000-0000-000000002133,67
8500,user_8500,2020-12-20,4244.93,False,00000000-0000-0000-0000-000000002134,23
8501,user_8501,2020-12-20,3093.24,True,00000000-0000-0000-0000-000000002135,18
8502,user_8502,2020-12-20,2806.36,True,00000000-0000-0000-0000-000000002136,74
8503,user_8503,2020-12-20,9722.3,False,00000000-0000-0000-0000-000000002137,39
8504,user_8504,2020-12-20,1533.65,True,00000000-0000-0000-0000-000000002138,45
8505,user_8505,2020-12-20,7333.28,True,00000000-0000-0000-0000-000000002139,39
8506,user_8506,2020-12-20,4.1,False,00000000-0000-0000-0000-00000000213a,61
8507,user_8507,2020-12-20,5961.83,False,00000000-0000-0000-0000-00000000213b,17
8508,user_8508,2020-12-20,9159.43,True,00000000-0000-0000-0000-00000000213c,11
8509,user_8509,2020-12-20,2879.34,True,00000000-0000-0000-0000-00000000213d,13
8510,user_8510,2020-12-20,1855.26,False,00000000-0000-0000-0000-00000000213e,81
8511,user_8511,2020-12-20,6516.8,False,00000000-0000-0000-0000-00000000213f,60
8512,user_8512,2020-12-20,7126.01,False,00000000-0000-0000-0000-000000002140,11
8513,user_8513,2020-12-20,6880.31,False,00000000-0000-0000-0000-000000002141,26
8514,user_8514,2020-12-20,3193.17,False,00000000-0000-0000-0000-000000002142,5
8515,user_8515,2020-12-20,2522.02,False,00000000-0000-0000-0000-000000002143,87
8516,user_8516,2020-12-20,9559.19,False,00000000-0000-0000-0000-000000002144,32
8517,user_8517,2020-12-20,9233.0,False,00000000-0000-0000-0000-000000002145,79
8518,user_8518,2020-12-20,4573.17,True,00000000-0000-0000-0000-000000002146,49
8519,user_8519,2020-12-20,8461.94,True,00000000-0000-0000-0000-000000002147,11
8520,user_8520,2020-12-21,4523.23,True,00000000-0000-0000-0000-000000002148,94
8521,user_8521,2020-12-21,4243.89,False,00000000-0000-0000-0000-000000002149,56
8522,user_8522,2020-12-21,1567.63,True,00000000-0000-0000-0000-00000000214a,52
8523,user_8523,2020-12-21,4264.06,False,00000000-0000-0000-0000-00000000214b,12
8524,user_8524,2020-12-21,5374.17,True,00000000-0000-0000-0000-00000000214c,71
8525,user_8525,2020-12-21,225.04,False,00000000-0000-0000-0000-00000000214d,2
8526,user_8526,2020-12-21,4441.13,False,00000000-0000-0000-0000-00000000214e,63
8527,user_8527,2020-12-21,7813.56,True,00000000-0000-0000-0000-00000000214f,83
8528,user_8528,2020-12-21,6800.46,False,00000000-0000-0000-0000-000000002150,57
8529,user_8529,2020-12-21,6351.57,True,00000000-0000-0000-0000-000000002151,3
8530,user_8530,2020-12-21,9095.55,True,00000000-0000-0000-0000-000000002152,44
8531,user_8531,2020-12-21,180.32,True,00000000-0000-0000-0000-000000002153,65
8532,user_8532,2020-12-21,5570.48,True,00000000-0000-0000-0000-000000002154,35
8533,user_8533,2020-12-21,7873.49,True,00000000-0000-0000-0000-000000002155,22
8534,user_8534,2020-12-21,5413.35,True,00000000-0000-0000-0000-000000002156,18
8535,user_8535,2020-12-21,3238.96,True,00000000-0000-0000-0000-000000002157,39
8536,user_8536,2020-12-21,1362.51,True,00000000-0000-0000-0000-000000002158,71
8537,user_8537,2020-12-21,8875.63,True,00000000-0000-0000-0000-000000002159,15
8538,user_8538,2020-12-21,4707.62,False,00000000-0000-0000-0000-00000000215a,57
8539,user_8539,2020-12-21,8781.15,False,00000000-0000-0000-0000-00000000215b,17
8540,user_8540,2020-12-21,5858.52,True,00000000-0000-0000-0000-00000000215c,35
8541,user_8541,2020-12-21,6741.92,False,00000000-0000-0000-0000-00000000215d,23
8542,user_8542,2020-12-21,8042.61,False,00000000-0000-0000-0000-00000000215e,0
8543,user_8543,2020-12-21,6591.56,True,00000000-0000-0000-0000-00000000215f,0
8544,user_8544,2020-12-22,3980.55,True,00000000-0000-0000-0000-000000002160,63
8545,user_8545,2020-12-22,5136.33,False,00000000-0000-0000-0000-000000002161,61
8546,user_8546,2020-12-22,8030.46,True,00000000-0000-0000-0000-000000002162,35
8547,user_8547,2020-12-22,3736.5,True,00000000-0000-0000-0000-000000002163,74
8548,user_8548,2020-12-22,3881.21,True,00000000-0000-0000-0000-000000002164,17
8549,user_8549,2020-12-22,956.9,False,00000000-0000-0000-0000-000000002165,15
8550,user_8550,2020-12-22,9145.84,True,00000000-0000-0000-0000-000000002166,16
8551,user_8551,2020-12-22,910.36,False,00000000-0000-0000-0000-000000002167,23
8552,user_8552,2020-12-22,6482.09,True,00000000-0000-0000-0000-000000002168,97
8553,user_8553,2020-12-22,4131.94,True,00000000-0000-0000-0000-000000002169,67
8554,user_8554,2020-12-22,4056.19,False,00000000-0000-0000-0000-00000000216a,98
8555,user_8555,2020-12-22,6795.52,True,00000000-0000-0000-0000-00000000216b,78
8556,user_8556,2020-12-22,670.94,False,00000000-0000-0000-0000-00000000216c,1
8557,user_8557,2020-12-22,5937.06,False,00000000-0000-0000-0000-00000000216d,94
8558,user_8558,2020-12-22,7720.32,True,00000000-0000-0000-0000-00000000216e,72
8559,user_8559,2020-12-22,8282.13,True,00000000-0000-0000-0000-00000000216f,9
8560,user_8560,2020-12-22,1705.3,False,00000000-0000-0000-0000-000000002170,52
8561,user_8561,2020-12-22,8974.19,False,00000000-0000-0000-0000-000000002171,88
8562,user_8562,2020-12-22,6561.46,True,00000000-0000-0000-0000-000000002172,50
8563,user_8563,2020-12-22,8818.55,True,00000000-0000-0000-0000-000000002173,68
8564,user_8564,2020-12-22,4852.81,True,00000000-0000-0000-0000-000000002174,13
8565,user_8565,2020-12-22,5420.33,True,00000000-0000-0000-0000-000000002175,65
8566,user_8566,2020-12-22,9190.38,True,00000000-0000-0000-0000-000000002176,81
8567,user_8567,2020-12-22,8999.1,False,00000000-0000-0000-0000-000000002177,92
8568,user_8568,2020-12-23,4481.61,False,00000000-0000-0000-0000-000000002178,52
8569,user_8569,2020-12-23,2744.13,False,00000000-0000-0000-0000-000000002179,83
8570,user_8570,2020-12-23,3931.7,False,00000000-0000-0000-0000-00000000217a,63
8571,user_8571,2020-12-23,3877.64,True,00000000-0000-0000-0000-00000000217b,71
8572,user_8572,2020-12-23,2868.67,False,00000000-0000-0000-0000-00000000217c,48
8573,user_8573,2020-12-23,2685.8,True,00000000-0000-0000-0000-00000000217d,89
8574,user_8574,2020-12-23,8610.63,True,00000000-0000-0000-0000-00000000217e,61
8575,user_8575,2020-12-23,698.62,True,00000000-0000-0000-0000-00000000217f,36
8576,user_8576,2020-12-23,6776.11,True,00000000-0000-0000-0000-000000002180,48
8577,user_8577,2020-12-23,1728.2,True,00000000-0000-0000-0000-000000002181,67
8578,user_8578,2020-12-23,3445.06,False,00000000-0000-0000-0000-000000002182,32
8579,user_8579,2020-12-23,615.43,True,00000000-0000-0000-0000-000000002183,21
8580,user_8580,2020-12-23,2699.74,True,00000000-0000-0000-0000-000000002184,69
8581,user_8581,2020-12-23,7684.21,True,00000000-0000-0000-0000-000000002185,32
8582,user_8582,2020-12-23,8850.15,False,00000000-0000-0000-0000-000000002186,27
8583,user_8583,2020-12-23,2215.27,True,00000000-0000-0000-0000-000000002187,87
8584,user_8584,2020-12-23,4635.48,True,00000000-0000-0000-0000-000000002188,3
8585,user_8585,2020-12-23,4703.24,True,00000000-0000-0000-0000-000000002189,65
8586,user_8586,2020-12-23,8735.75,False,00000000-0000-0000-0000-00000000218a,76
8587,user_8587,2020-12-23,7627.99,True,00000000-0000-0000-0000-00000000218b,48
8588,user_8588,2020-12-23,5130.77,False,00000000-0000-0000-0000-00000000218c,10
8589,user_8589,2020-12-23,6707.47,False,00000000-0000-0000-0000-00000000218d,34
8590,user_8590,2020-12-23,8473.55,True,00000000-0000-0000-0000-00000000218e,38
8591,user_8591,2020-12-23,95.39,False,00000000-0000-0000-0000-00000000218f,9
8592,user_8592,2020-12-24,4028.9,False,00000000-0000-0000-0000-000000002190,73
8593,user_8593,2020-12-24,9072.43,True,00000000-0000-0000-0000-000000002191,71
8594,user_8594,2020-12-24,7403.13,True,00000000-0000-0000-0000-000000002192,68
8595,user_8595,2020-12-24,5428.41,True,00000000-0000-0000-0000-000000002193,22
8596,user_8596,2020-12-24,5296.45,True,00000000-0000-0000-0000-000000002194,33
8597,user_8597,2020-12-24,3477.7,False,00000000-0000-0000-0000-000000002195,31
8598,user_8598,2020-12-24,5205.21,False,00000000-0000-0000-0000-000000002196,15
8599,user_8599,2020-12-24,6553.83,True,00000000-0000-0000-0000-000000002197,67
8600,user_8600,2020-12-24,4183.63,True,00000000-0000-0000-0000-000000002198,53
8601,user_8601,2020-12-24,7141.53,True,00000000-0000-0000-0000-000000002199,27
8602,user_8602,2020-12-24,8612.32,False,00000000-0000-0000-0000-00000000219a,59
8603,user_8603,2020-12-24,1546.85,True,00000000-0000-0000-0000-00000000219b,77
8604,user_8604,2020-12-24,4515.47,False,00000000-0000-0000-0000-00000000219c,75
8605,user_8605,2020-12-24,4080.2,False,00000000-0000-0000-0000-00000000219d,59
8606,user_8606,2020-12-24,6874.65,False,00000000-0000-0000-0000-00000000219e,84
8607,user_8607,2020-12-24,2498.67,False,00000000-0000-0000-0000-00000000219f,79
8608,user_8608,2020-12-24,6402.51,True,00000000-0000-0000-0000-0000000021a0,43
8609,user_8609,2020-12-24,8774.89,True,00000000-0000-0000-0000-0000000021a1,1
8610,user_8610,2020-12-24,4181.32,True,00000000-0000-0000-0000-0000000021a2,22
8611,user_8611,2020-12-24,9110.16,False,00000000-0000-0000-0000-0000000021a3,92
8612,user_8612,2020-12-24,9931.64,False,00000000-0000-0000-0000-0000000021a4,45
8613,user_8613,2020-12-24,1060.92,True,00000000-0000-0000-0000-0000000021a5,72
8614,user_8614,2020-12-24,2330.53,False,00000000-0000-0000-0000-0000000021a6,53
8615,user_8615,2020-12-24,9503.8,False,00000000-0000-0000-0000-0000000021a7,70
8616,user_8616,2020-12-25,9583.28,False,00000000-0000-0000-0000-0000000021a8,92
8617,user_8617,2020-12-25,977.07,True,00000000-0000-0000-0000-0000000021a9,80
8618,user_8618,2020-12-25,149.99,True,00000000-0000-0000-0000-0000000021aa,8
8619,user_8619,2020-12-25,1611.0,True,00000000-0000-0000-0000-0000000021ab,69
8620,user_8620,2020-12-25,9960.13,False,00000000-0000-0000-0000-0000000021ac,43
8621,user_8621,2020-12-25,1800.0,True,00000000-0000-0000-0000-0000000021ad,83
8622,user_8622,2020-12-25,5025.48,True,00000000-0000-0000-0000-0000000021ae,73
8623,user_8623,2020-12-25,8484.18,True,00000000-0000-0000-0000-0000000021af,72
8624,user_8624,2020-12-25,204.02,False,00000000-0000-0000-0000-0000000021b0,11
8625,user_8625,2020-12-25,6044.89,False,00000000-0000-0000-0000-0000000021b1,96
8626,user_8626,2020-12-25,2770.25,False,00000000-0000-0000-0000-0000000021b2,31
8627,user_8627,2020-12-25,8623.35,False,00000000-0000-0000-0000-0000000021b3,33
8628,user_8628,2020-12-25,2834.61,False,00000000-0000-0000-0000-0000000021b4,82
8629,user_8629,2020-12-25,6867.56,True,00000000-0000-0000-0000-0000000021b5,32
8630,user_8630,2020-12-25,6742.2,True,00000000-0000-0000-0000-0000000021b6,63
8631,user_8631,2020-12-25,2214.94,False,00000000-0000-0000-0000-0000000021b7,47
8632,user_8632,2020-12-25,347.99,False,00000000-0000-0000-0000-0000000021b8,15
8633,user_8633,2020-12-25,4092.5,True,00000000-0000-0000-0000-0000000021b9,49
8634,user_8634,2020-12-25,2891.93,False,00000000-0000-0000-0000-0000000021ba,22
8635,user_8635,2020-12-25,8089.78,False,00000000-0000-0000-0000-0000000021bb,25
8636,user_8636,2020-12-25,8003.64,False,00000000-0000-0000-0000-0000000021bc,53
8637,user_8637,2020-12-25,4570.24,False,00000000-0000-0000-0000-0000000021bd,43
8638,user_8638,2020-12-25,6065.12,False,00000000-0000-0000-0000-0000000021be,36
8639,user_8639,2020-12-25,6042.6,True,00000000-0000-0000-0000-0000000021bf,8
8640,user_8640,2020-12-26,8271.58,True,00000000-0000-0000-0000-0000000021c0,93
8641,user_8641,2020-12-26,4250.02,False,00000000-0000-0000-0000-0000000021c1,12
8642,user_8642,2020-12-26,2754.47,False,00000000-0000-0000-0000-0000000021c2,59
8643,user_8643,2020-12-26,2650.35,True,00000000-0000-0000-0000-0000000021c3,79
8644,user_8644,2020-12-26,5361.92,False,00000000-0000-0000-0000-0000000021c4,1
8645,user_8645,2020-12-26,4491.48,True,00000000-0000-0000-0000-0000000021c5,94
8646,user_8646,2020-12-26,4401.21,False,00000000-0000-0000-0000-0000000021c6,59
8647,user_8647,2020-12-26,911.37,True,00000000-0000-0000-0000-0000000021c7,56
8648,user_8648,2020-12-26,7186.04,True,00000000-0000-0000-0000-0000000021c8,42
8649,user_8649,2020-12-26,2137.37,False,00000000-0000-0000-0000-0000000021c9,18
8650,user_8650,2020-12-26,1969.54,False,00000000-0000-0000-0000-0000000021ca,10
8651,user_8651,2020-12-26,4127.58,True,00000000-0000-0000-0000-0000000021cb,77
8652,user_8652,2020-12-26,2277.78,False,00000000-0000-0000-0000-0000000021cc,46
8653,user_8653,2020-12-26,5838.58,True,00000000-0000-0000-0000-0000000021cd,88
8654,user_8654,2020-12-26,3714.63,False,00000000-0000-0000-0000-0000000021ce,62
8655,user_8655,2020-12-26,4489.12,False,00000000-0000-0000-0000-0000000021cf,6
8656,user_8656,2020-12-26,5371.69,False,00000000-0000-0000-0000-0000000021d0,78
8657,user_8657,2020-12-26,2035.36,True,00000000-0000-0000-0000-0000000021d1,93
8658,user_8658,2020-12-26,1557.52,True,00000000-0000-0000-0000-0000000021d2,30
8659,user_8659,2020-12-26,8804.22,False,00000000-0000-0000-0000-0000000021d3,87
8660,user_8660,2020-12-26,4337.24,True,00000000-0000-0000-0000-0000000021d4,54
8661,user_8661,2020-12-26,4120.94,False,00000000-0000-0000-0000-0000000021d5,24
8662,user_8662,2020-12-26,356.12,True,00000000-0000-0000-0000-0000000021d6,71
8663,user_8663,2020-12-26,4979.76,False,00000000-0000-0000-0000-0000000021d7,29
8664,user_8664,2020-12-27,5541.7,True,00000000-0000-0000-0000-0000000021d8,35
8665,user_8665,2020-12-27,5588.41,True,00000000-0000-0000-0000-0000000021d9,49
8666,user_8666,2020-12-27,7070.31,True,00000000-0000-0000-0000-0000000021da,13
8667,user_8667,2020-12-27,1774.82,True,00000000-0000-0000-0000-0000000021db,28
8668,user_8668,2020-12-27,2522.23,True,00000000-0000-0000-0000-0000000021dc,26
8669,user_8669,2020-12-27,8107.3,True,00000000-0000-0000-0000-0000000021dd,49
8670,user_8670,2020-12-27,9471.71,False,00000000-0000-0000-0000-0000000021de,35
8671,user_8671,2020-12-27,1359.33,False,00000000-0000-0000-0000-0000000021df,33
8672,user_8672,2020-12-27,4976.5,True,00000000-0000-0000-0000-0000000021e0,20
8673,user_8673,2020-12-27,2141.76,False,00000000-0000-0000-0000-0000000021e1,37
8674,user_8674,2020-12-27,600.73,True,00000000-0000-0000-0000-0000000021e2,74
8675,user_8675,2020-12-27,3255.03,False,00000000-0000-0000-0000-0000000021e3,96
8676,user_8676,2020-12-27,1436.88,False,00000000-0000-0000-0000-0000000021e4,78
8677,user_8677,2020-12-27,7099.33,False,00000000-0000-0000-0000-0000000021e5,75
8678,user_8678,2020-12-27,5337.25,False,00000000-0000-0000-0000-0000000021e6,87
8679,user_8679,2020-12-27,1438.34,True,00000000-0000-0000-0000-0000000021e7,49
8680,user_8680,2020-12-27,92.42,False,00000000-0000-0000-0000-0000000021e8,36
8681,user_8681,2020-12-27,8081.57,False,00000000-0000-0000-0000-0000000021e9,74
8682,user_8682,2020-12-27,1761.94,False,00000000-0000-0000-0000-0000000021ea,18
8683,user_8683,2020-12-27,6062.17,True,00000000-0000-0000-0000-0000000021eb,0
8684,user_8684,2020-12-27,3369.22,False,00000000-0000-0000-0000-0000000021ec,80
8685,user_8685,2020-12-27,5854.86,True,00000000-0000-0000-0000-0000000021ed,39
8686,user_8686,2020-12-27,3156.54,True,00000000-0000-0000-0000-0000000021ee,54
8687,user_8687,2020-12-27,869.4,False,00000000-0000-0000-0000-0000000021ef,79
8688,user_8688,2020-12-28,2229.5,True,00000000-0000-0000-0000-0000000021f0,25
8689,user_8689,2020-12-28,1880.59,False,00000000-0000-0000-0000-0000000021f1,42
8690,user_8690,2020-12-28,4280.19,False,00000000-0000-0000-0000-0000000021f2,58
8691,user_8691,2020-12-28,6582.84,False,00000000-0000-0000-0000-0000000021f3,50
8692,user_8692,2020-12-28,2638.06,False,00000000-0000-0000-0000-0000000021f4,14
8693,user_8693,2020-12-28,120.7,False,00000000-0000-0000-0000-0000000021f5,7
8694,user_8694,2020-12-28,5189.37,False,00000000-0000-0000-0000-0000000021f6,93
8695,user_8695,2020-12-28,6057.59,False,00000000-0000-0000-0000-0000000021f7,13
8696,user_8696,2020-12-28,9628.7,True,00000000-0000-0000-0000-0000000021f8,96
8697,user_8697,2020-12-28,5894.71,True,00000000-0000-0000-0000-0000000021f9,6
8698,user_8698,2020-12-28,4711.73,False,00000000-0000-0000-0000-0000000021fa,17
8699,user_8699,2020-12-28,5734.02,False,00000000-0000-0000-0000-0000000021fb,11
8700,user_8700,2020-12-28,9279.01,True,00000000-0000-0000-0000-0000000021fc,1
8701,user_8701,2020-12-28,8283.78,False,00000000-0000-0000-0000-0000000021fd,49
8702,user_8702,2020-12-28,3229.79,True,00000000-0000-0000-0000-0000000021fe,92
8703,user_8703,2020-12-28,2372.54,True,00000000-0000-0000-0000-0000000021ff,20
8704,user_8704,2020-12-28,2626.34,False,00000000-0000-0000-0000-000000002200,6
8705,user_8705,2020-12-28,5044.21,False,00000000-0000-0000-0000-000000002201,90
8706,user_8706,2020-12-28,7440.49,True,00000000-0000-0000-0000-000000002202,11
8707,user_8707,2020-12-28,5032.19,True,00000000-0000-0000-0000-000000002203,83
8708,user_8708,2020-12-28,677.96,False,00000000-0000-0000-0000-000000002204,56
8709,user_8709,2020-12-28,7235.81,False,00000000-0000-0000-0000-000000002205,77
8710,user_8710,2020-12-28,8059.7,True,00000000-0000-0000-0000-000000002206,73
8711,user_8711,2020-12-28,2894.98,True,00000000-0000-0000-0000-000000002207,22
8712,user_8712,2020-12-29,6641.26,True,00000000-0000-0000-0000-000000002208,29
8713,user_8713,2020-12-29,4265.92,False,00000000-0000-0000-0000-000000002209,57
8714,user_8714,2020-12-29,8891.19,False,00000000-0000-0000-0000-00000000220a,94
8715,user_8715,2020-12-29,8452.26,False,00000000-0000-0000-0000-00000000220b,51
8716,user_8716,2020-12-29,5254.32,True,00000000-0000-0000-0000-00000000220c,55
8717,user_8717,2020-12-29,6915.06,True,00000000-0000-0000-0000-00000000220d,9
8718,user_8718,2020-12-29,8833.5,False,00000000-0000-0000-0000-00000000220e,18
8719,user_8719,2020-12-29,4957.17,True,00000000-0000-0000-0000-00000000220f,18
8720,user_8720,2020-12-29,3132.51,True,00000000-0000-0000-0000-000000002210,86
8721,user_8721,2020-12-29,7536.66,True,00000000-0000-0000-0000-000000002211,58
8722,user_8722,2020-12-29,2200.66,True,00000000-0000-0000-0000-000000002212,43
8723,user_8723,2020-12-29,3885.31,True,00000000-0000-0000-0000-000000002213,58
8724,user_8724,2020-12-29,8657.27,False,00000000-0000-0000-0000-000000002214,95
8725,user_8725,2020-12-29,7244.22,False,00000000-0000-0000-0000-000000002215,83
8726,user_8726,2020-12-29,4038.11,False,00000000-0000-0000-0000-000000002216,3
8727,user_8727,2020-12-29,2147.45,False,00000000-0000-0000-0000-000000002217,96
8728,user_8728,2020-12-29,3559.68,False,00000000-0000-0000-0000-000000002218,64
8729,user_8729,2020-12-29,2841.04,True,00000000-0000-0000-0000-000000002219,12
8730,user_8730,2020-12-29,1760.89,True,00000000-0000-0000-0000-00000000221a,66
8731,user_8731,2020-12-29,7433.33,True,00000000-0000-0000-0000-00000000221b,11
8732,user_8732,2020-12-29,2520.7,False,00000000-0000-0000-0000-00000000221c,92
8733,user_8733,2020-12-29,4541.67,True,00000000-0000-0000-0000-00000000221d,54
8734,user_8734,2020-12-29,3858.59,True,00000000-0000-0000-0000-00000000221e,60
8735,user_8735,2020-12-29,9820.77,True,00000000-0000-0000-0000-00000000221f,94
8736,user_8736,2020-12-30,3910.92,False,00000000-0000-0000-0000-000000002220,40
8737,user_8737,2020-12-30,799.82,True,00000000-0000-0000-0000-000000002221,35
8738,user_8738,2020-12-30,898.26,True,00000000-0000-0000-0000-000000002222,1
8739,user_8739,2020-12-30,5907.54,False,00000000-0000-0000-0000-000000002223,21
8740,user_8740,2020-12-30,5993.64,False,00000000-0000-0000-0000-000000002224,21
8741,user_8741,2020-12-30,4187.59,True,00000000-0000-0000-0000-000000002225,40
8742,user_8742,2020-12-30,4318.44,False,00000000-0000-0000-0000-000000002226,94
8743,user_8743,2020-12-30,539.33,True,00000000-0000-0000-0000-000000002227,13
8744,user_8744,2020-12-30,5165.47,False,00000000-0000-0000-0000-000000002228,92
8745,user_8745,2020-12-30,5047.39,True,00000000-0000-0000-0000-000000002229,34
8746,user_8746,2020-12-30,1495.49,True,00000000-0000-0000-0000-00000000222a,49
8747,user_8747,2020-12-30,1038.39,False,00000000-0000-0000-0000-00000000222b,8
8748,user_8748,2020-12-30,1235.72,False,00000000-0000-0000-0000-00000000222c,95
8749,user_8749,2020-12-30,1010.28,False,00000000-0000-0000-0000-00000000222d,58
8750,user_8750,2020-12-30,6097.08,False,00000000-0000-0000-0000-00000000222e,55
8751,user_8751,2020-12-30,1964.83,True,00000000-0000-0000-0000-00000000222f,90
8752,user_8752,2020-12-30,2514.3,False,00000000-0000-0000-0000-000000002230,9
8753,user_8753,2020-12-30,1735.72,True,00000000-0000-0000-0000-000000002231,24
8754,user_8754,2020-12-30,9578.35,True,00000000-0000-0000-0000-000000002232,44
8755,user_8755,2020-12-30,8546.17,True,00000000-0000-0000-0000-000000002233,96
8756,user_8756,2020-12-30,2304.95,False,00000000-0000-0000-0000-000000002234,10
8757,user_8757,2020-12-30,3275.66,True,00000000-0000-0000-0000-000000002235,8
8758,user_8758,2020-12-30,2098.93,True,00000000-0000-0000-0000-000000002236,6
8759,user_8759,2020-12-30,4918.76,False,00000000-0000-0000-0000-000000002237,70
8760,user_8760,2020-12-31,196.11,True,00000000-0000-0000-0000-000000002238,33
8761,user_8761,2020-12-31,6713.68,True,00000000-0000-0000-0000-000000002239,82
8762,user_8762,2020-12-31,5231.58,True,00000000-0000-0000-0000-00000000223a,19
8763,user_8763,2020-12-31,8986.39,False,00000000-0000-0000-0000-00000000223b,88
8764,user_8764,2020-12-31,1643.93,True,00000000-0000-0000-0000-00000000223c,4
8765,user_8765,2020-12-31,8041.09,True,00000000-0000-0000-0000-00000000223d,92
8766,user_8766,2020-12-31,7919.61,True,00000000-0000-0000-0000-00000000223e,54
8767,user_8767,2020-12-31,1271.81,False,00000000-0000-0000-0000-00000000223f,90
8768,user_8768,2020-12-31,3985.59,False,00000000-0000-0000-0000-000000002240,88
8769,user_8769,2020-12-31,1701.53,False,00000000-0000-0000-0000-000000002241,14
8770,user_8770,2020-12-31,2547.21,True,00000000-0000-0000-0000-000000002242,47
8771,user_8771,2020-12-31,2632.46,True,00000000-0000-0000-0000-000000002243,3
8772,user_8772,2020-12-31,5562.36,True,00000000-0000-0000-0000-000000002244,77
8773,user_8773,2020-12-31,4114.11,True,00000000-0000-0000-0000-000000002245,80
8774,user_8774,2020-12-31,9477.33,True,00000000-0000-0000-0000-000000002246,20
8775,user_8775,2020-12-31,1263.7,False,00000000-0000-0000-0000-000000002247,79
8776,user_8776,2020-12-31,9736.92,True,00000000-0000-0000-0000-000000002248,89
8777,user_8777,2020-12-31,2306.39,True,00000000-0000-0000-0000-000000002249,8
8778,user_8778,2020-12-31,7728.74,False,00000000-0000-0000-0000-00000000224a,65
8779,user_8779,2020-12-31,3389.7,False,00000000-0000-0000-0000-00000000224b,78
8780,user_8780,2020-12-31,1430.81,True,00000000-0000-0000-0000-00000000224c,34
8781,user_8781,2020-12-31,8578.89,False,00000000-0000-0000-0000-00000000224d,87
8782,user_8782,2020-12-31,3088.61,False,00000000-0000-0000-0000-00000000224e,50
8783,user_8783,2020-12-31,6588.55,False,00000000-0000-0000-0000-00000000224f,77
8784,user_8784,2021-01-01,5664.44,True,00000000-0000-0000-0000-000000002250,36
8785,user_8785,2021-01-01,4717.56,False,00000000-0000-0000-0000-000000002251,5
8786,user_8786,2021-01-01,4958.19,True,00000000-0000-0000-0000-000000002252,81
8787,user_8787,2021-01-01,7322.38,False,00000000-0000-0000-0000-000000002253,85
8788,user_8788,2021-01-01,877.73,True,00000000-0000-0000-0000-000000002254,81
8789,user_8789,2021-01-01,6681.81,True,00000000-0000-0000-0000-000000002255,50
8790,user_8790,2021-01-01,8958.12,True,00000000-0000-0000-0000-000000002256,65
8791,user_8791,2021-01-01,577.88,False,00000000-0000-0000-0000-000000002257,95
8792,user_8792,2021-01-01,1406.53,False,00000000-0000-0000-0000-000000002258,16
8793,user_8793,2021-01-01,7166.32,False,00000000-0000-0000-0000-000000002259,64
8794,user_8794,2021-01-01,4372.82,True,00000000-0000-0000-0000-00000000225a,8
8795,user_8795,2021-01-01,4035.49,False,00000000-0000-0000-0000-00000000225b,12
8796,user_8796,2021-01-01,1369.67,False,00000000-0000-0000-0000-00000000225c,99
8797,user_8797,2021-01-01,5067.7,True,00000000-0000-0000-0000-00000000225d,57
8798,user_8798,2021-01-01,1265.45,False,00000000-0000-0000-0000-00000000225e,29
8799,user_8799,2021-01-01,4766.2,True,00000000-0000-0000-0000-00000000225f,30
8800,user_8800,2021-01-01,7636.15,False,00000000-0000-0000-0000-000000002260,22
8801,user_8801,2021-01-01,2582.64,True,00000000-0000-0000-0000-000000002261,62
8802,user_8802,2021-01-01,4807.86,True,00000000-0000-0000-0000-000000002262,27
8803,user_8803,2021-01-01,9920.16,False,00000000-0000-0000-0000-000000002263,58
8804,user_8804,2021-01-01,6866.5,True,00000000-0000-0000-0000-000000002264,9
8805,user_8805,2021-01-01,8413.57,False,00000000-0000-0000-0000-000000002265,88
8806,user_8806,2021-01-01,4148.48,False,00000000-0000-0000-0000-000000002266,99
8807,user_8807,2021-01-01,7678.61,False,00000000-0000-0000-0000-000000002267,89
8808,user_8808,2021-01-02,405.09,False,00000000-0000-0000-0000-000000002268,25
8809,user_8809,2021-01-02,1229.11,True,00000000-0000-0000-0000-000000002269,76
8810,user_8810,2021-01-02,2030.71,True,00000000-0000-0000-0000-00000000226a,16
8811,user_8811,2021-01-02,4019.52,True,00000000-0000-0000-0000-00000000226b,39
8812,user_8812,2021-01-02,8457.45,False,00000000-0000-0000-0000-00000000226c,67
8813,user_8813,2021-01-02,3462.66,False,00000000-0000-0000-0000-00000000226d,22
8814,user_8814,2021-01-02,6546.21,True,00000000-0000-0000-0000-00000000226e,34
8815,user_8815,2021-01-02,7093.14,True,00000000-0000-0000-0000-00000000226f,74
8816,user_8816,2021-01-02,5861.82,False,00000000-0000-0000-0000-000000002270,75
8817,user_8817,2021-01-02,3572.42,False,00000000-0000-0000-0000-000000002271,8
8818,user_8818,2021-01-02,5770.53,False,00000000-0000-0000-0000-000000002272,78
8819,user_8819,2021-01-02,3422.66,True,00000000-0000-0000-0000-000000002273,44
8820,user_8820,2021-01-02,838.74,False,00000000-0000-0000-0000-000000002274,36
8821,user_8821,2021-01-02,9928.04,True,00000000-0000-0000-0000-000000002275,68
8822,user_8822,2021-01-02,1271.82,False,00000000-0000-0000-0000-000000002276,18
8823,user_8823,2021-01-02,723.48,True,00000000-0000-0000-0000-000000002277,74
8824,user_8824,2021-01-02,8785.31,False,00000000-0000-0000-0000-000000002278,72
8825,user_8825,2021-01-02,3018.35,True,00000000-0000-0000-0000-000000002279,98
8826,user_8826,2021-01-02,6502.97,True,00000000-0000-0000-0000-00000000227a,26
8827,user_8827,2021-01-02,3290.06,True,00000000-0000-0000-0000-00000000227b,12
8828,user_8828,2021-01-02,3914.54,False,00000000-0000-0000-0000-00000000227c,56
8829,user_8829,2021-01-02,2621.13,True,00000000-0000-0000-0000-00000000227d,59
8830,user_8830,2021-01-02,3430.44,True,00000000-0000-0000-0000-00000000227e,11
8831,user_8831,2021-01-02,4107.0,False,00000000-0000-0000-0000-00000000227f,8
8832,user_8832,2021-01-03,7204.16,True,00000000-0000-0000-0000-000000002280,91
8833,user_8833,2021-01-03,5115.36,True,00000000-0000-0000-0000-000000002281,76
8834,user_8834,2021-01-03,9435.65,False,00000000-0000-0000-0000-000000002282,83
8835,user_8835,2021-01-03,418.8,True,00000000-0000-0000-0000-000000002283,76
8836,user_8836,2021-01-03,5030.68,False,00000000-0000-0000-0000-000000002284,26
8837,user_8837,2021-01-03,5842.25,True,00000000-0000-0000-0000-000000002285,89
8838,user_8838,2021-01-03,9201.97,False,00000000-0000-0000-0000-000000002286,62
8839,user_8839,2021-01-03,491.59,True,00000000-0000-0000-0000-000000002287,92
8840,user_8840,2021-01-03,5735.0,True,00000000-0000-0000-0000-000000002288,28
8841,user_8841,2021-01-03,8536.3,True,00000000-0000-0000-0000-000000002289,21
8842,user_8842,2021-01-03,2419.28,False,00000000-0000-0000-0000-00000000228a,72
8843,user_8843,2021-01-03,8762.92,True,00000000-0000-0000-0000-00000000228b,87
8844,user_8844,2021-01-03,190.43,True,00000000-0000-0000-0000-00000000228c,18
8845,user_8845,2021-01-03,7324.55,False,00000000-0000-0000-0000-00000000228d,37
8846,user_8846,2021-01-03,9331.13,False,00000000-0000-0000-0000-00000000228e,94
8847,user_8847,2021-01-03,6571.98,False,00000000-0000-0000-0000-00000000228f,38
8848,user_8848,2021-01-03,4390.29,True,00000000-0000-0000-0000-000000002290,14
8849,user_8849,2021-01-03,448.81,True,00000000-0000-0000-0000-000000002291,53
8850,user_8850,2021-01-03,9201.14,True,00000000-0000-0000-0000-000000002292,31
8851,user_8851,2021-01-03,4702.96,False,00000000-0000-0000-0000-000000002293,45
8852,user_8852,2021-01-03,289.97,False,00000000-0000-0000-0000-000000002294,60
8853,user_8853,2021-01-03,6898.21,True,00000000-0000-0000-0000-000000002295,92
8854,user_8854,2021-01-03,4818.37,True,00000000-0000-0000-0000-000000002296,51
8855,user_8855,2021-01-03,1243.45,False,00000000-0000-0000-0000-000000002297,33
8856,user_8856,2021-01-04,2142.72,False,00000000-0000-0000-0000-000000002298,72
8857,user_8857,2021-01-04,644.91,False,00000000-0000-0000-0000-000000002299,34
8858,user_8858,2021-01-04,5742.94,True,00000000-0000-0000-0000-00000000229a,69
8859,user_8859,2021-01-04,6220.29,False,00000000-0000-0000-0000-00000000229b,36
8860,user_8860,2021-01-04,5057.42,False,00000000-0000-0000-0000-00000000229c,77
8861,user_8861,2021-01-04,8171.02,False,00000000-0000-0000-0000-00000000229d,60
8862,user_8862,2021-01-04,8610.09,False,00000000-0000-0000-0000-00000000229e,48
8863,user_8863,2021-01-04,6156.24,True,00000000-0000-0000-0000-00000000229f,8
8864,user_8864,2021-01-04,127.56,False,00000000-0000-0000-0000-0000000022a0,18
8865,user_8865,2021-01-04,6952.3,True,00000000-0000-0000-0000-0000000022a1,86
8866,user_8866,2021-01-04,4179.99,True,00000000-0000-0000-0000-0000000022a2,27
8867,user_8867,2021-01-04,5655.57,False,00000000-0000-0000-0000-0000000022a3,79
8868,user_8868,2021-01-04,6490.81,False,00000000-0000-0000-0000-0000000022a4,25
8869,user_8869,2021-01-04,3502.37,True,00000000-0000-0000-0000-0000000022a5,37
8870,user_8870,2021-01-04,9170.99,False,00000000-0000-0000-0000-0000000022a6,39
8871,user_8871,2021-01-04,1339.75,True,00000000-0000-0000-0000-0000000022a7,24
8872,user_8872,2021-01-04,6715.12,False,00000000-0000-0000-0000-0000000022a8,98
8873,user_8873,2021-01-04,43.6,True,00000000-0000-0000-0000-0000000022a9,68
8874,user_8874,2021-01-04,9246.51,True,00000000-0000-0000-0000-0000000022aa,70
8875,user_8875,2021-01-04,1125.04,True,00000000-0000-0000-0000-0000000022ab,22
8876,user_8876,2021-01-04,948.84,False,00000000-0000-0000-0000-0000000022ac,88
8877,user_8877,2021-01-04,3330.08,True,00000000-0000-0000-0000-0000000022ad,64
8878,user_8878,2021-01-04,3735.66,True,00000000-0000-0000-0000-0000000022ae,21
8879,user_8879,2021-01-04,2143.0,False,00000000-0000-0000-0000-0000000022af,63
8880,user_8880,2021-01-05,5851.22,False,00000000-0000-0000-0000-0000000022b0,67
8881,user_8881,2021-01-05,4429.14,True,00000000-0000-0000-0000-0000000022b1,57
8882,user_8882,2021-01-05,341.76,True,00000000-0000-0000-0000-0000000022b2,27
8883,user_8883,2021-01-05,3196.52,False,00000000-0000-0000-0000-0000000022b3,77
8884,user_8884,2021-01-05,8104.33,True,00000000-0000-0000-0000-0000000022b4,96
8885,user_8885,2021-01-05,6897.02,False,00000000-0000-0000-0000-0000000022b5,67
8886,user_8886,2021-01-05,7248.71,False,00000000-0000-0000-0000-0000000022b6,74
8887,user_8887,2021-01-05,6981.17,False,00000000-0000-0000-0000-0000000022b7,95
8888,user_8888,2021-01-05,3109.73,True,00000000-0000-0000-0000-0000000022b8,3
8889,user_8889,2021-01-05,996.64,False,00000000-0000-0000-0000-0000000022b9,0
8890,user_8890,2021-01-05,2724.67,True,00000000-0000-0000-0000-0000000022ba,25
8891,user_8891,2021-01-05,8317.85,True,00000000-0000-0000-0000-0000000022bb,32
8892,user_8892,2021-01-05,9804.71,False,00000000-0000-0000-0000-0000000022bc,80
8893,user_8893,2021-01-05,4938.47,False,00000000-0000-0000-0000-0000000022bd,26
8894,user_8894,2021-01-05,97.0,False,00000000-0000-0000-0000-0000000022be,41
8895,user_8895,2021-01-05,1400.45,False,00000000-0000-0000-0000-0000000022bf,68
8896,user_8896,2021-01-05,3220.81,True,00000000-0000-0000-0000-0000000022c0,70
8897,user_8897,2021-01-05,5785.85,True,00000000-0000-0000-0000-0000000022c1,63
8898,user_8898,2021-01-05,750.94,False,00000000-0000-0000-0000-0000000022c2,24
8899,user_8899,2021-01-05,9433.57,True,00000000-0000-0000-0000-0000000022c3,71
8900,user_8900,2021-01-05,3650.84,False,00000000-0000-0000-0000-0000000022c4,97
8901,user_8901,2021-01-05,9125.84,True,00000000-0000-0000-0000-0000000022c5,3
8902,user_8902,2021-01-05,7805.22,True,00000000-0000-0000-0000-0000000022c6,11
8903,user_8903,2021-01-05,7554.37,True,00000000-0000-0000-0000-0000000022c7,57
8904,user_8904,2021-01-06,6067.2,False,00000000-0000-0000-0000-0000000022c8,94
8905,user_8905,2021-01-06,6267.84,True,00000000-0000-0000-0000-0000000022c9,10
8906,user_8906,2021-01-06,6380.03,True,00000000-0000-0000-0000-0000000022ca,58
8907,user_8907,2021-01-06,6287.21,True,00000000-0000-0000-0000-0000000022cb,35
8908,user_8908,2021-01-06,5537.28,True,00000000-0000-0000-0000-0000000022cc,21
8909,user_8909,2021-01-06,9864.14,False,00000000-0000-0000-0000-0000000022cd,64
8910,user_8910,2021-01-06,7322.91,True,00000000-0000-0000-0000-0000000022ce,49
8911,user_8911,2021-01-06,7769.46,False,00000000-0000-0000-0000-0000000022cf,3
8912,user_8912,2021-01-06,8724.63,False,00000000-0000-0000-0000-0000000022d0,99
8913,user_8913,2021-01-06,2156.4,True,00000000-0000-0000-0000-0000000022d1,71
8914,user_8914,2021-01-06,838.04,True,00000000-0000-0000-0000-0000000022d2,88
8915,user_8915,2021-01-06,4828.94,False,00000000-0000-0000-0000-0000000022d3,91
8916,user_8916,2021-01-06,5140.81,False,00000000-0000-0000-0000-0000000022d4,51
8917,user_8917,2021-01-06,8291.82,False,00000000-0000-0000-0000-0000000022d5,99
8918,user_8918,2021-01-06,4437.84,True,00000000-0000-0000-0000-0000000022d6,99
8919,user_8919,2021-01-06,5708.53,True,00000000-0000-0000-0000-0000000022d7,42
8920,user_8920,2021-01-06,5270.71,False,00000000-0000-0000-0000-0000000022d8,45
8921,user_8921,2021-01-06,382.03,False,00000000-0000-0000-0000-0000000022d9,3
8922,user_8922,2021-01-06,6152.15,False,00000000-0000-0000-0000-0000000022da,12
8923,user_8923,2021-01-06,8280.43,True,00000000-0000-0000-0000-0000000022db,37
8924,user_8924,2021-01-06,1575.01,True,00000000-0000-0000-0000-0000000022dc,44
8925,user_8925,2021-01-06,5943.32,False,00000000-0000-0000-0000-0000000022dd,24
8926,user_8926,2021-01-06,5936.11,True,00000000-0000-0000-0000-0000000022de,66
8927,user_8927,2021-01-06,1641.85,False,00000000-0000-0000-0000-0000000022df,54
8928,user_8928,2021-01-07,1234.64,True,00000000-0000-0000-0000-0000000022e0,95
8929,user_8929,2021-01-07,9800.52,False,00000000-0000-0000-0000-0000000022e1,38
8930,user_8930,2021-01-07,3937.19,True,00000000-0000-0000-0000-0000000022e2,64
8931,user_8931,2021-01-07,2274.22,True,00000000-0000-0000-0000-0000000022e3,74
8932,user_8932,2021-01-07,1713.25,True,00000000-0000-0000-0000-0000000022e4,1
8933,user_8933,2021-01-07,6676.02,True,00000000-0000-0000-0000-0000000022e5,68
8934,user_8934,2021-01-07,6094.45,True,00000000-0000-0000-0000-0000000022e6,85
8935,user_8935,2021-01-07,6435.52,True,00000000-0000-0000-0000-0000000022e7,61
8936,user_8936,2021-01-07,880.06,True,00000000-0000-0000-0000-0000000022e8,45
8937,user_8937,2021-01-07,8935.35,False,00000000-0000-0000-0000-0000000022e9,76
8938,user_8938,2021-01-07,3892.66,False,00000000-0000-0000-0000-0000000022ea,86
8939,user_8939,2021-01-07,3133.69,False,00000000-0000-0000-0000-0000000022eb,30
8940,user_8940,2021-01-07,4623.61,True,00000000-0000-0000-0000-0000000022ec,98
8941,user_8941,2021-01-07,3900.66,True,00000000-0000-0000-0000-0000000022ed,34
8942,user_8942,2021-01-07,8635.77,True,00000000-0000-0000-0000-0000000022ee,44
8943,user_8943,2021-01-07,9292.61,False,00000000-0000-0000-0000-0000000022ef,76
8944,user_8944,2021-01-07,3034.53,False,00000000-0000-0000-0000-0000000022f0,53
8945,user_8945,2021-01-07,8639.36,False,00000000-0000-0000-0000-0000000022f1,70
8946,user_8946,2021-01-07,7815.23,False,00000000-0000-0000-0000-0000000022f2,68
8947,user_8947,2021-01-07,9308.08,False,00000000-0000-0000-0000-0000000022f3,28
8948,user_8948,2021-01-07,2457.5,False,00000000-0000-0000-0000-0000000022f4,71
8949,user_8949,2021-01-07,5769.59,True,00000000-0000-0000-0000-0000000022f5,7
8950,user_8950,2021-01-07,2745.45,False,00000000-0000-0000-0000-0000000022f6,53
8951,user_8951,2021-01-07,8240.94,True,00000000-0000-0000-0000-0000000022f7,6
8952,user_8952,2021-01-08,53.24,False,00000000-0000-0000-0000-0000000022f8,82
8953,user_8953,2021-01-08,5648.19,False,00000000-0000-0000-0000-0000000022f9,22
8954,user_8954,2021-01-08,3392.03,True,00000000-0000-0000-0000-0000000022fa,99
8955,user_8955,2021-01-08,3226.84,True,00000000-0000-0000-0000-0000000022fb,31
8956,user_8956,2021-01-08,6449.06,True,00000000-0000-0000-0000-0000000022fc,61
8957,user_8957,2021-01-08,8514.84,False,00000000-0000-0000-0000-0000000022fd,44
8958,user_8958,2021-01-08,6091.95,False,00000000-0000-0000-0000-0000000022fe,67
8959,user_8959,2021-01-08,8531.73,True,00000000-0000-0000-0000-0000000022ff,29
8960,user_8960,2021-01-08,2645.97,False,00000000-0000-0000-0000-000000002300,38
8961,user_8961,2021-01-08,5195.02,True,00000000-0000-0000-0000-000000002301,4
8962,user_8962,2021-01-08,4505.37,False,00000000-0000-0000-0000-000000002302,66
8963,user_8963,2021-01-08,116.45,False,00000000-0000-0000-0000-000000002303,21
8964,user_8964,2021-01-08,5568.12,False,00000000-0000-0000-0000-000000002304,27
8965,user_8965,2021-01-08,6615.24,True,00000000-0000-0000-0000-000000002305,21
8966,user_8966,2021-01-08,5919.14,False,00000000-0000-0000-0000-000000002306,85
8967,user_8967,2021-01-08,7362.8,True,00000000-0000-0000-0000-000000002307,97
8968,user_8968,2021-01-08,5713.4,True,00000000-0000-0000-0000-000000002308,28
8969,user_8969,2021-01-08,667.5,True,00000000-0000-0000-0000-000000002309,42
8970,user_8970,2021-01-08,1164.46,True,00000000-0000-0000-0000-00000000230a,41
8971,user_8971,2021-01-08,5964.75,True,00000000-0000-0000-0000-00000000230b,59
8972,user_8972,2021-01-08,2749.79,True,00000000-0000-0000-0000-00000000230c,76
8973,user_8973,2021-01-08,796.45,True,00000000-0000-0000-0000-00000000230d,70
8974,user_8974,2021-01-08,4296.03,True,00000000-0000-0000-0000-00000000230e,73
8975,user_8975,2021-01-08,5543.23,True,00000000-0000-0000-0000-00000000230f,91
8976,user_8976,2021-01-09,3287.46,False,00000000-0000-0000-0000-000000002310,67
8977,user_8977,2021-01-09,7204.34,True,00000000-0000-0000-0000-000000002311,58
8978,user_8978,2021-01-09,6437.71,False,00000000-0000-0000-0000-000000002312,95
8979,user_8979,2021-01-09,3328.18,True,00000000-0000-0000-0000-000000002313,85
8980,user_8980,2021-01-09,7548.73,False,00000000-0000-0000-0000-000000002314,83
8981,user_8981,2021-01-09,6486.95,False,00000000-0000-0000-0000-000000002315,83
8982,user_8982,2021-01-09,6374.45,False,00000000-0000-0000-0000-000000002316,5
8983,user_8983,2021-01-09,5534.28,False,00000000-0000-0000-0000-000000002317,72
8984,user_8984,2021-01-09,113.9,False,00000000-0000-0000-0000-000000002318,27
8985,user_8985,2021-01-09,6965.07,False,00000000-0000-0000-0000-000000002319,76
8986,user_8986,2021-01-09,3760.42,True,00000000-0000-0000-0000-00000000231a,30
8987,user_8987,2021-01-09,9426.1,True,00000000-0000-0000-0000-00000000231b,38
8988,user_8988,2021-01-09,8179.85,True,00000000-0000-0000-0000-00000000231c,49
8989,user_8989,2021-01-09,5876.94,True,00000000-0000-0000-0000-00000000231d,77
8990,user_8990,2021-01-09,2521.82,True,00000000-0000-0000-0000-00000000231e,85
8991,user_8991,2021-01-09,2037.17,True,00000000-0000-0000-0000-00000000231f,36
8992,user_8992,2021-01-09,3403.85,False,00000000-0000-0000-0000-000000002320,87
8993,user_8993,2021-01-09,4765.68,True,00000000-0000-0000-0000-000000002321,71
8994,user_8994,2021-01-09,2960.66,False,00000000-0000-0000-0000-000000002322,14
8995,user_8995,2021-01-09,5149.29,False,00000000-0000-0000-0000-000000002323,50
8996,user_8996,2021-01-09,1653.7,False,00000000-0000-0000-0000-000000002324,69
8997,user_8997,2021-01-09,9777.13,False,00000000-0000-0000-0000-000000002325,22
8998,user_8998,2021-01-09,1079.25,False,00000000-0000-0000-0000-000000002326,24
8999,user_8999,2021-01-09,9319.44,False,00000000-0000-0000-0000-000000002327,94
9000,user_9000,2021-01-10,9135.78,True,00000000-0000-0000-0000-000000002328,45
9001,user_9001,2021-01-10,5253.6,False,00000000-0000-0000-0000-000000002329,92
9002,user_9002,2021-01-10,7249.1,False,00000000-0000-0000-0000-00000000232a,22
9003,user_9003,2021-01-10,4360.48,True,00000000-0000-0000-0000-00000000232b,9
9004,user_9004,2021-01-10,6300.35,True,00000000-0000-0000-0000-00000000232c,72
9005,user_9005,2021-01-10,3405.76,True,00000000-0000-0000-0000-00000000232d,76
9006,user_9006,2021-01-10,3011.59,True,00000000-0000-0000-0000-00000000232e,31
9007,user_9007,2021-01-10,5782.3,True,00000000-0000-0000-0000-00000000232f,50
9008,user_9008,2021-01-10,4981.3,True,00000000-0000-0000-0000-000000002330,40
9009,user_9009,2021-01-10,5795.36,True,00000000-0000-0000-0000-000000002331,64
9010,user_9010,2021-01-10,2866.61,False,00000000-0000-0000-0000-000000002332,64
9011,user_9011,2021-01-10,3669.58,True,00000000-0000-0000-0000-000000002333,39
9012,user_9012,2021-01-10,838.98,False,00000000-0000-0000-0000-000000002334,17
9013,user_9013,2021-01-10,522.76,True,00000000-0000-0000-0000-000000002335,35
9014,user_9014,2021-01-10,2534.57,True,00000000-0000-0000-0000-000000002336,30
9015,user_9015,2021-01-10,742.47,False,00000000-0000-0000-0000-000000002337,53
9016,user_9016,2021-01-10,1037.75,True,00000000-0000-0000-0000-000000002338,62
9017,user_9017,2021-01-10,8129.28,True,00000000-0000-0000-0000-000000002339,0
9018,user_9018,2021-01-10,388.74,True,00000000-0000-0000-0000-00000000233a,51
9019,user_9019,2021-01-10,6589.43,True,00000000-0000-0000-0000-00000000233b,99
9020,user_9020,2021-01-10,2725.58,True,00000000-0000-0000-0000-00000000233c,56
9021,user_9021,2021-01-10,8715.46,True,00000000-0000-0000-0000-00000000233d,8
9022,user_9022,2021-01-10,4849.92,True,00000000-0000-0000-0000-00000000233e,85
9023,user_9023,2021-01-10,3055.76,False,00000000-0000-0000-0000-00000000233f,91
9024,user_9024,2021-01-11,5176.39,True,00000000-0000-0000-0000-000000002340,89
9025,user_9025,2021-01-11,3819.58,False,00000000-0000-0000-0000-000000002341,73
9026,user_9026,2021-01-11,5643.01,False,00000000-0000-0000-0000-000000002342,55
9027,user_9027,2021-01-11,1145.33,False,00000000-0000-0000-0000-000000002343,46
9028,user_9028,2021-01-11,9969.91,False,00000000-0000-0000-0000-000000002344,2
9029,user_9029,2021-01-11,4255.56,False,00000000-0000-0000-0000-000000002345,1
9030,user_9030,2021-01-11,3482.31,False,00000000-0000-0000-0000-000000002346,53
9031,user_9031,2021-01-11,7102.1,False,00000000-0000-0000-0000-000000002347,36
9032,user_9032,2021-01-11,3638.99,True,00000000-0000-0000-0000-000000002348,55
9033,user_9033,2021-01-11,8332.74,True,00000000-0000-0000-0000-000000002349,30
9034,user_9034,2021-01-11,4542.71,True,00000000-0000-0000-0000-00000000234a,96
9035,user_9035,2021-01-11,7195.58,False,00000000-0000-0000-0000-00000000234b,95
9036,user_9036,2021-01-11,1074.53,True,00000000-0000-0000-0000-00000000234c,11
9037,user_9037,2021-01-11,8461.19,False,00000000-0000-0000-0000-00000000234d,57
9038,user_9038,2021-01-11,7357.18,False,00000000-0000-0000-0000-00000000234e,66
9039,user_9039,2021-01-11,2117.17,True,00000000-0000-0000-0000-00000000234f,25
9040,user_9040,2021-01-11,1452.86,False,00000000-0000-0000-0000-000000002350,77
9041,user_9041,2021-01-11,3162.92,False,00000000-0000-0000-0000-000000002351,11
9042,user_9042,2021-01-11,9760.71,True,00000000-0000-0000-0000-000000002352,89
9043,user_9043,2021-01-11,2568.32,False,00000000-0000-0000-0000-000000002353,15
9044,user_9044,2021-01-11,4561.27,True,00000000-0000-0000-0000-000000002354,52
9045,user_9045,2021-01-11,300.2,False,00000000-0000-0000-0000-000000002355,71
9046,user_9046,2021-01-11,3972.28,False,00000000-0000-0000-0000-000000002356,48
9047,user_9047,2021-01-11,5713.2,True,00000000-0000-0000-0000-000000002357,48
9048,user_9048,2021-01-12,9531.25,True,00000000-0000-0000-0000-000000002358,91
9049,user_9049,2021-01-12,5167.36,True,00000000-0000-0000-0000-000000002359,6
9050,user_9050,2021-01-12,8191.07,False,00000000-0000-0000-0000-00000000235a,14
9051,user_9051,2021-01-12,5471.28,False,00000000-0000-0000-0000-00000000235b,35
9052,user_9052,2021-01-12,407.85,True,00000000-0000-0000-0000-00000000235c,71
9053,user_9053,2021-01-12,3150.08,True,00000000-0000-0000-0000-00000000235d,73
9054,user_9054,2021-01-12,5755.5,True,00000000-0000-0000-0000-00000000235e,14
9055,user_9055,2021-01-12,9505.94,False,00000000-0000-0000-0000-00000000235f,61
9056,user_9056,2021-01-12,8591.3,False,00000000-0000-0000-0000-000000002360,17
9057,user_9057,2021-01-12,2283.56,True,00000000-0000-0000-0000-000000002361,45
9058,user_9058,2021-01-12,2201.1,True,00000000-0000-0000-0000-000000002362,60
9059,user_9059,2021-01-12,2011.73,True,00000000-0000-0000-0000-000000002363,42
9060,user_9060,2021-01-12,9224.99,False,00000000-0000-0000-0000-000000002364,43
9061,user_9061,2021-01-12,8526.66,True,00000000-0000-0000-0000-000000002365,98
9062,user_9062,2021-01-12,7748.83,True,00000000-0000-0000-0000-000000002366,65
9063,user_9063,2021-01-12,3927.35,True,00000000-0000-0000-0000-000000002367,54
9064,user_9064,2021-01-12,5043.81,False,00000000-0000-0000-0000-000000002368,85
9065,user_9065,2021-01-12,4643.32,False,00000000-0000-0000-0000-000000002369,78
9066,user_9066,2021-01-12,2533.98,True,00000000-0000-0000-0000-00000000236a,38
9067,user_9067,2021-01-12,5050.28,False,00000000-0000-0000-0000-00000000236b,99
9068,user_9068,2021-01-12,304.97,True,00000000-0000-0000-0000-00000000236c,4
9069,user_9069,2021-01-12,1318.1,True,00000000-0000-0000-0000-00000000236d,56
9070,user_9070,2021-01-12,8865.9,True,00000000-0000-0000-0000-00000000236e,14
9071,user_9071,2021-01-12,7516.8,True,00000000-0000-0000-0000-00000000236f,90
9072,user_9072,2021-01-13,4228.68,False,00000000-0000-0000-0000-000000002370,15
9073,user_9073,2021-01-13,5171.5,True,00000000-0000-0000-0000-000000002371,56
9074,user_9074,2021-01-13,3699.99,True,00000000-0000-0000-0000-000000002372,99
9075,user_9075,2021-01-13,7407.8,False,00000000-0000-0000-0000-000000002373,81
9076,user_9076,2021-01-13,7841.87,True,00000000-0000-0000-0000-000000002374,98
9077,user_9077,2021-01-13,7632.85,False,00000000-0000-0000-0000-000000002375,24
9078,user_9078,2021-01-13,7226.12,True,00000000-0000-0000-0000-000000002376,21
9079,user_9079,2021-01-13,2045.04,True,00000000-0000-0000-0000-000000002377,30
9080,user_9080,2021-01-13,3379.7,True,00000000-0000-0000-0000-000000002378,33
9081,user_9081,2021-01-13,4698.45,True,00000000-0000-0000-0000-000000002379,86
9082,user_9082,2021-01-13,3307.93,False,00000000-0000-0000-0000-00000000237a,15
9083,user_9083,2021-01-13,7549.4,True,00000000-0000-0000-0000-00000000237b,69
9084,user_9084,2021-01-13,3293.54,False,00000000-0000-0000-0000-00000000237c,58
9085,user_9085,2021-01-13,1382.32,False,00000000-0000-0000-0000-00000000237d,14
9086,user_9086,2021-01-13,3990.4,False,00000000-0000-0000-0000-00000000237e,81
9087,user_9087,2021-01-13,9799.14,True,00000000-0000-0000-0000-00000000237f,12
9088,user_9088,2021-01-13,2258.81,False,00000000-0000-0000-0000-000000002380,23
9089,user_9089,2021-01-13,6121.59,False,00000000-0000-0000-0000-000000002381,12
9090,user_9090,2021-01-13,4329.73,False,00000000-0000-0000-0000-000000002382,64
9091,user_9091,2021-01-13,710.25,True,00000000-0000-0000-0000-000000002383,35
9092,user_9092,2021-01-13,4878.77,True,00000000-0000-0000-0000-000000002384,48
9093,user_9093,2021-01-13,7021.64,False,00000000-0000-0000-0000-000000002385,81
9094,user_9094,2021-01-13,5132.2,False,00000000-0000-0000-0000-000000002386,47
9095,user_9095,2021-01-13,8721.06,True,00000000-0000-0000-0000-000000002387,96
9096,user_9096,2021-01-14,2889.37,False,00000000-0000-0000-0000-000000002388,42
9097,user_9097,2021-01-14,862.49,False,00000000-0000-0000-0000-000000002389,5
9098,user_9098,2021-01-14,9365.66,False,00000000-0000-0000-0000-00000000238a,80
9099,user_9099,2021-01-14,3781.96,True,00000000-0000-0000-0000-00000000238b,67
9100,user_9100,2021-01-14,5764.06,False,00000000-0000-0000-0000-00000000238c,13
9101,user_9101,2021-01-14,7920.03,False,00000000-0000-0000-0000-00000000238d,29
9102,user_9102,2021-01-14,3243.14,True,00000000-0000-0000-0000-00000000238e,83
9103,user_9103,2021-01-14,7161.65,False,00000000-0000-0000-0000-00000000238f,7
9104,user_9104,2021-01-14,1354.19,True,00000000-0000-0000-0000-000000002390,53
9105,user_9105,2021-01-14,2912.94,True,00000000-0000-0000-0000-000000002391,65
9106,user_9106,2021-01-14,1447.11,True,00000000-0000-0000-0000-000000002392,3
9107,user_9107,2021-01-14,8112.31,False,00000000-0000-0000-0000-000000002393,73
9108,user_9108,2021-01-14,2226.49,False,00000000-0000-0000-0000-000000002394,83
9109,user_9109,2021-01-14,7174.04,False,00000000-0000-0000-0000-000000002395,59
9110,user_9110,2021-01-14,9432.98,False,00000000-0000-0000-0000-000000002396,52
9111,user_9111,2021-01-14,5277.72,False,00000000-0000-0000-0000-000000002397,98
9112,user_9112,2021-01-14,5400.29,False,00000000-0000-0000-0000-000000002398,73
9113,user_9113,2021-01-14,4610.34,False,00000000-0000-0000-0000-000000002399,91
9114,user_9114,2021-01-14,3258.9,False,00000000-0000-0000-0000-00000000239a,14
9115,user_9115,2021-01-14,4756.55,True,00000000-0000-0000-0000-00000000239b,99
9116,user_9116,2021-01-14,6028.08,False,00000000-0000-0000-0000-00000000239c,0
9117,user_9117,2021-01-14,9859.92,False,00000000-0000-0000-0000-00000000239d,21
9118,user_9118,2021-01-14,9377.65,True,00000000-0000-0000-0000-00000000239e,90
9119,user_9119,2021-01-14,8621.53,False,00000000-0000-0000-0000-00000000239f,92
9120,user_9120,2021-01-15,8891.31,True,00000000-0000-0000-0000-0000000023a0,14
9121,user_9121,2021-01-15,4678.49,False,00000000-0000-0000-0000-0000000023a1,73
9122,user_9122,2021-01-15,6574.44,False,00000000-0000-0000-0000-0000000023a2,83
9123,user_9123,2021-01-15,8950.67,True,00000000-0000-0000-0000-0000000023a3,21
9124,user_9124,2021-01-15,3929.51,True,00000000-0000-0000-0000-0000000023a4,49
9125,user_9125,2021-01-15,9617.62,False,00000000-0000-0000-0000-0000000023a5,47
9126,user_9126,2021-01-15,4157.86,True,00000000-0000-0000-0000-0000000023a6,72
9127,user_9127,2021-01-15,6010.83,False,00000000-0000-0000-0000-0000000023a7,50
9128,user_9128,2021-01-15,7098.05,False,00000000-0000-0000-0000-0000000023a8,95
9129,user_9129,2021-01-15,9505.92,False,00000000-0000-0000-0000-0000000023a9,16
9130,user_9130,2021-01-15,2446.16,False,00000000-0000-0000-0000-0000000023aa,82
9131,user_9131,2021-01-15,7461.31,False,00000000-0000-0000-0000-0000000023ab,90
9132,user_9132,2021-01-15,5208.16,False,00000000-0000-0000-0000-0000000023ac,50
9133,user_9133,2021-01-15,2685.57,True,00000000-0000-0000-0000-0000000023ad,36
9134,user_9134,2021-01-15,7766.07,True,00000000-0000-0000-0000-0000000023ae,97
9135,user_9135,2021-01-15,5522.22,True,00000000-0000-0000-0000-0000000023af,48
9136,user_9136,2021-01-15,6609.74,False,00000000-0000-0000-0000-0000000023b0,58
9137,user_9137,2021-01-15,3229.01,True,00000000-0000-0000-0000-0000000023b1,9
9138,user_9138,2021-01-15,4812.74,False,00000000-0000-0000-0000-0000000023b2,29
9139,user_9139,2021-01-15,6173.54,True,00000000-0000-0000-0000-0000000023b3,84
9140,user_9140,2021-01-15,4049.11,False,00000000-0000-0000-0000-0000000023b4,20
9141,user_9141,2021-01-15,1983.73,False,00000000-0000-0000-0000-0000000023b5,33
9142,user_9142,2021-01-15,9616.4,False,00000000-0000-0000-0000-0000000023b6,72
9143,user_9143,2021-01-15,5114.68,False,00000000-0000-0000-0000-0000000023b7,97
9144,user_9144,2021-01-16,7339.2,False,00000000-0000-0000-0000-0000000023b8,49
9145,user_9145,2021-01-16,4110.47,True,00000000-0000-0000-0000-0000000023b9,75
9146,user_9146,2021-01-16,3551.32,False,00000000-0000-0000-0000-0000000023ba,46
9147,user_9147,2021-01-16,4071.64,True,00000000-0000-0000-0000-0000000023bb,84
9148,user_9148,2021-01-16,4091.97,False,00000000-0000-0000-0000-0000000023bc,83
9149,user_9149,2021-01-16,5441.8,False,00000000-0000-0000-0000-0000000023bd,5
9150,user_9150,2021-01-16,5434.7,False,00000000-0000-0000-0000-0000000023be,49
9151,user_9151,2021-01-16,4971.54,True,00000000-0000-0000-0000-0000000023bf,99
9152,user_9152,2021-01-16,1347.86,False,00000000-0000-0000-0000-0000000023c0,62
9153,user_9153,2021-01-16,4960.75,True,00000000-0000-0000-0000-0000000023c1,11
9154,user_9154,2021-01-16,1691.04,False,00000000-0000-0000-0000-0000000023c2,40
9155,user_9155,2021-01-16,1261.36,True,00000000-0000-0000-0000-0000000023c3,30
9156,user_9156,2021-01-16,9326.46,True,00000000-0000-0000-0000-0000000023c4,1
9157,user_9157,2021-01-16,6049.5,True,00000000-0000-0000-0000-0000000023c5,15
9158,user_9158,2021-01-16,6594.9,False,00000000-0000-0000-0000-0000000023c6,0
9159,user_9159,2021-01-16,4017.94,False,00000000-0000-0000-0000-0000000023c7,3
9160,user_9160,2021-01-16,9089.81,True,00000000-0000-0000-0000-0000000023c8,46
9161,user_9161,2021-01-16,6379.3,False,00000000-0000-0000-0000-0000000023c9,64
9162,user_9162,2021-01-16,7691.7,False,00000000-0000-0000-0000-0000000023ca,51
9163,user_9163,2021-01-16,3685.62,False,00000000-0000-0000-0000-0000000023cb,46
9164,user_9164,2021-01-16,9600.12,True,00000000-0000-0000-0000-0000000023cc,98
9165,user_9165,2021-01-16,8204.61,True,00000000-0000-0000-0000-0000000023cd,76
9166,user_9166,2021-01-16,8539.48,False,00000000-0000-0000-0000-0000000023ce,49
9167,user_9167,2021-01-16,1721.94,True,00000000-0000-0000-0000-0000000023cf,44
9168,user_9168,2021-01-17,2709.63,False,00000000-0000-0000-0000-0000000023d0,41
9169,user_9169,2021-01-17,2856.27,False,00000000-0000-0000-0000-0000000023d1,94
9170,user_9170,2021-01-17,2709.09,True,00000000-0000-0000-0000-0000000023d2,83
9171,user_9171,2021-01-17,8554.08,True,00000000-0000-0000-0000-0000000023d3,55
9172,user_9172,2021-01-17,318.85,False,00000000-0000-0000-0000-0000000023d4,70
9173,user_9173,2021-01-17,761.0,False,00000000-0000-0000-0000-0000000023d5,56
9174,user_9174,2021-01-17,2739.15,False,00000000-0000-0000-0000-0000000023d6,32
9175,user_9175,2021-01-17,1998.73,True,00000000-0000-0000-0000-0000000023d7,27
9176,user_9176,2021-01-17,2318.6,True,00000000-0000-0000-0000-0000000023d8,43
9177,user_9177,2021-01-17,7979.43,False,00000000-0000-0000-0000-0000000023d9,55
9178,user_9178,2021-01-17,5631.27,False,00000000-0000-0000-0000-0000000023da,43
9179,user_9179,2021-01-17,57.71,True,00000000-0000-0000-0000-0000000023db,83
9180,user_9180,2021-01-17,4293.23,False,00000000-0000-0000-0000-0000000023dc,95
9181,user_9181,2021-01-17,4078.85,True,00000000-0000-0000-0000-0000000023dd,72
9182,user_9182,2021-01-17,1139.45,True,00000000-0000-0000-0000-0000000023de,33
9183,user_9183,2021-01-17,6761.42,False,00000000-0000-0000-0000-0000000023df,13
9184,user_9184,2021-01-17,7020.97,False,00000000-0000-0000-0000-0000000023e0,67
9185,user_9185,2021-01-17,7208.93,True,00000000-0000-0000-0000-0000000023e1,28
9186,user_9186,2021-01-17,7284.71,False,00000000-0000-0000-0000-0000000023e2,78
9187,user_9187,2021-01-17,0.53,True,00000000-0000-0000-0000-0000000023e3,16
9188,user_9188,2021-01-17,9539.21,True,00000000-0000-0000-0000-0000000023e4,82
9189,user_9189,2021-01-17,8142.09,True,00000000-0000-0000-0000-0000000023e5,8
9190,user_9190,2021-01-17,9039.82,False,00000000-0000-0000-0000-0000000023e6,26
9191,user_9191,2021-01-17,156.43,False,00000000-0000-0000-0000-0000000023e7,48
9192,user_9192,2021-01-18,9338.59,False,00000000-0000-0000-0000-0000000023e8,78
9193,user_9193,2021-01-18,8097.89,True,00000000-0000-0000-0000-0000000023e9,36
9194,user_9194,2021-01-18,8372.19,True,00000000-0000-0000-0000-0000000023ea,27
9195,user_9195,2021-01-18,932.87,True,00000000-0000-0000-0000-0000000023eb,49
9196,user_9196,2021-01-18,7387.78,True,00000000-0000-0000-0000-0000000023ec,54
9197,user_9197,2021-01-18,9599.17,False,00000000-0000-0000-0000-0000000023ed,3
9198,user_9198,2021-01-18,6785.47,False,00000000-0000-0000-0000-0000000023ee,84
9199,user_9199,2021-01-18,5705.61,False,00000000-0000-0000-0000-0000000023ef,97
9200,user_9200,2021-01-18,9456.3,True,00000000-0000-0000-0000-0000000023f0,18
9201,user_9201,2021-01-18,4429.37,True,00000000-0000-0000-0000-0000000023f1,36
9202,user_9202,2021-01-18,5992.94,False,00000000-0000-0000-0000-0000000023f2,3
9203,user_9203,2021-01-18,4763.38,True,00000000-0000-0000-0000-0000000023f3,36
9204,user_9204,2021-01-18,9328.46,False,00000000-0000-0000-0000-0000000023f4,50
9205,user_9205,2021-01-18,760.85,True,00000000-0000-0000-0000-0000000023f5,31
9206,user_9206,2021-01-18,5011.2,True,00000000-0000-0000-0000-0000000023f6,44
9207,user_9207,2021-01-18,6869.52,True,00000000-0000-0000-0000-0000000023f7,11
9208,user_9208,2021-01-18,7919.07,True,00000000-0000-0000-0000-0000000023f8,40
9209,user_9209,2021-01-18,5830.19,True,00000000-0000-0000-0000-0000000023f9,55
9210,user_9210,2021-01-18,9089.18,False,00000000-0000-0000-0000-0000000023fa,79
9211,user_9211,2021-01-18,9419.91,False,00000000-0000-0000-0000-0000000023fb,13
9212,user_9212,2021-01-18,643.19,False,00000000-0000-0000-0000-0000000023fc,53
9213,user_9213,2021-01-18,4023.71,True,00000000-0000-0000-0000-0000000023fd,62
9214,user_9214,2021-01-18,234.59,False,00000000-0000-0000-0000-0000000023fe,64
9215,user_9215,2021-01-18,3294.17,False,00000000-0000-0000-0000-0000000023ff,57
9216,user_9216,2021-01-19,5368.68,True,00000000-0000-0000-0000-000000002400,95
9217,user_9217,2021-01-19,9107.95,True,00000000-0000-0000-0000-000000002401,20
9218,user_9218,2021-01-19,8465.54,False,00000000-0000-0000-0000-000000002402,3
9219,user_9219,2021-01-19,1275.0,False,00000000-0000-0000-0000-000000002403,72
9220,user_9220,2021-01-19,930.3,False,00000000-0000-0000-0000-000000002404,45
9221,user_9221,2021-01-19,5892.67,False,00000000-0000-0000-0000-000000002405,85
9222,user_9222,2021-01-19,5321.18,False,00000000-0000-0000-0000-000000002406,11
9223,user_9223,2021-01-19,2663.78,True,00000000-0000-0000-0000-000000002407,29
9224,user_9224,2021-01-19,8994.53,False,00000000-0000-0000-0000-000000002408,93
9225,user_9225,2021-01-19,9273.66,False,00000000-0000-0000-0000-000000002409,95
9226,user_9226,2021-01-19,4026.11,False,00000000-0000-0000-0000-00000000240a,59
9227,user_9227,2021-01-19,8903.03,False,00000000-0000-0000-0000-00000000240b,99
9228,user_9228,2021-01-19,3839.49,False,00000000-0000-0000-0000-00000000240c,70
9229,user_9229,2021-01-19,7368.17,False,00000000-0000-0000-0000-00000000240d,80
9230,user_9230,2021-01-19,4759.42,True,00000000-0000-0000-0000-00000000240e,64
9231,user_9231,2021-01-19,1225.83,True,00000000-0000-0000-0000-00000000240f,13
9232,user_9232,2021-01-19,9279.34,True,00000000-0000-0000-0000-000000002410,43
9233,user_9233,2021-01-19,4540.97,False,00000000-0000-0000-0000-000000002411,25
9234,user_9234,2021-01-19,7344.87,False,00000000-0000-0000-0000-000000002412,90
9235,user_9235,2021-01-19,3671.74,True,00000000-0000-0000-0000-000000002413,15
9236,user_9236,2021-01-19,188.81,False,00000000-0000-0000-0000-000000002414,6
9237,user_9237,2021-01-19,1005.3,False,00000000-0000-0000-0000-000000002415,31
9238,user_9238,2021-01-19,4962.19,False,00000000-0000-0000-0000-000000002416,88
9239,user_9239,2021-01-19,6899.64,True,00000000-0000-0000-0000-000000002417,94
9240,user_9240,2021-01-20,3347.35,True,00000000-0000-0000-0000-000000002418,15
9241,user_9241,2021-01-20,6954.88,True,00000000-0000-0000-0000-000000002419,77
9242,user_9242,2021-01-20,6986.36,False,00000000-0000-0000-0000-00000000241a,88
9243,user_9243,2021-01-20,7039.36,True,00000000-0000-0000-0000-00000000241b,61
9244,user_9244,2021-01-20,4925.22,True,00000000-0000-0000-0000-00000000241c,29
9245,user_9245,2021-01-20,9148.86,True,00000000-0000-0000-0000-00000000241d,70
9246,user_9246,2021-01-20,4891.97,False,00000000-0000-0000-0000-00000000241e,11
9247,user_9247,2021-01-20,4502.65,True,00000000-0000-0000-0000-00000000241f,66
9248,user_9248,2021-01-20,1993.81,True,00000000-0000-0000-0000-000000002420,90
9249,user_9249,2021-01-20,3076.55,False,00000000-0000-0000-0000-000000002421,45
9250,user_9250,2021-01-20,423.34,True,00000000-0000-0000-0000-000000002422,82
9251,user_9251,2021-01-20,6335.35,False,00000000-0000-0000-0000-000000002423,42
9252,user_9252,2021-01-20,2485.36,False,00000000-0000-0000-0000-000000002424,54
9253,user_9253,2021-01-20,3041.55,True,00000000-0000-0000-0000-000000002425,44
9254,user_9254,2021-01-20,7708.15,True,00000000-0000-0000-0000-000000002426,59
9255,user_9255,2021-01-20,3272.21,True,00000000-0000-0000-0000-000000002427,70
9256,user_9256,2021-01-20,2421.96,False,00000000-0000-0000-0000-000000002428,79
9257,user_9257,2021-01-20,1690.58,True,00000000-0000-0000-0000-000000002429,31
9258,user_9258,2021-01-20,7748.58,True,00000000-0000-0000-0000-00000000242a,7
9259,user_9259,2021-01-20,1297.06,True,00000000-0000-0000-0000-00000000242b,76
9260,user_9260,2021-01-20,4537.54,False,00000000-0000-0000-0000-00000000242c,61
9261,user_9261,2021-01-20,5069.3,False,00000000-0000-0000-0000-00000000242d,74
9262,user_9262,2021-01-20,6873.9,False,00000000-0000-0000-0000-00000000242e,19
9263,user_9263,2021-01-20,6332.83,True,00000000-0000-0000-0000-00000000242f,17
9264,user_9264,2021-01-21,8107.21,True,00000000-0000-0000-0000-000000002430,5
9265,user_9265,2021-01-21,447.51,False,00000000-0000-0000-0000-000000002431,83
9266,user_9266,2021-01-21,2964.41,True,00000000-0000-0000-0000-000000002432,95
9267,user_9267,2021-01-21,2801.34,True,00000000-0000-0000-0000-000000002433,28
9268,user_9268,2021-01-21,1460.17,False,00000000-0000-0000-0000-000000002434,3
9269,user_9269,2021-01-21,2891.78,False,00000000-0000-0000-0000-000000002435,70
9270,user_9270,2021-01-21,3097.65,False,00000000-0000-0000-0000-000000002436,42
9271,user_9271,2021-01-21,5218.84,True,00000000-0000-0000-0000-000000002437,83
9272,user_9272,2021-01-21,6637.04,True,00000000-0000-0000-0000-000000002438,33
9273,user_9273,2021-01-21,3811.01,True,00000000-0000-0000-0000-000000002439,99
9274,user_9274,2021-01-21,7194.7,False,00000000-0000-0000-0000-00000000243a,70
9275,user_9275,2021-01-21,3361.65,False,00000000-0000-0000-0000-00000000243b,32
9276,user_9276,2021-01-21,2902.84,True,00000000-0000-0000-0000-00000000243c,14
9277,user_9277,2021-01-21,5411.88,False,00000000-0000-0000-0000-00000000243d,95
9278,user_9278,2021-01-21,237.16,False,00000000-0000-0000-0000-00000000243e,85
9279,user_9279,2021-01-21,797.89,True,00000000-0000-0000-0000-00000000243f,39
9280,user_9280,2021-01-21,4179.7,False,00000000-0000-0000-0000-000000002440,92
9281,user_9281,2021-01-21,9429.13,True,00000000-0000-0000-0000-000000002441,88
9282,user_9282,2021-01-21,7215.12,False,00000000-0000-0000-0000-000000002442,4
9283,user_9283,2021-01-21,881.27,True,00000000-0000-0000-0000-000000002443,77
9284,user_9284,2021-01-21,8463.18,False,00000000-0000-0000-0000-000000002444,49
9285,user_9285,2021-01-21,7323.01,True,00000000-0000-0000-0000-000000002445,98
9286,user_9286,2021-01-21,6109.47,False,00000000-0000-0000-0000-000000002446,65
9287,user_9287,2021-01-21,8202.93,False,00000000-0000-0000-0000-000000002447,88
9288,user_9288,2021-01-22,4041.1,False,00000000-0000-0000-0000-000000002448,53
9289,user_9289,2021-01-22,2215.01,False,00000000-0000-0000-0000-000000002449,79
9290,user_9290,2021-01-22,5120.23,False,00000000-0000-0000-0000-00000000244a,45
9291,user_9291,2021-01-22,5488.42,True,00000000-0000-0000-0000-00000000244b,79
9292,user_9292,2021-01-22,5383.26,True,00000000-0000-0000-0000-00000000244c,10
9293,user_9293,2021-01-22,5650.74,True,00000000-0000-0000-0000-00000000244d,48
9294,user_9294,2021-01-22,9487.05,False,00000000-0000-0000-0000-00000000244e,98
9295,user_9295,2021-01-22,9022.46,True,00000000-0000-0000-0000-00000000244f,22
9296,user_9296,2021-01-22,8757.17,False,00000000-0000-0000-0000-000000002450,54
9297,user_9297,2021-01-22,8014.17,False,00000000-0000-0000-0000-000000002451,4
9298,user_9298,2021-01-22,9434.28,True,00000000-0000-0000-0000-000000002452,63
9299,user_9299,2021-01-22,984.95,True,00000000-0000-0000-0000-000000002453,34
9300,user_9300,2021-01-22,2651.23,False,00000000-0000-0000-0000-000000002454,92
9301,user_9301,2021-01-22,4950.56,False,00000000-0000-0000-0000-000000002455,68
9302,user_9302,2021-01-22,8465.34,True,00000000-0000-0000-0000-000000002456,53
9303,user_9303,2021-01-22,5051.66,True,00000000-0000-0000-0000-000000002457,2
9304,user_9304,2021-01-22,7480.35,False,00000000-0000-0000-0000-000000002458,5
9305,user_9305,2021-01-22,1389.6,False,00000000-0000-0000-0000-000000002459,86
9306,user_9306,2021-01-22,2524.14,True,00000000-0000-0000-0000-00000000245a,55
9307,user_9307,2021-01-22,7317.76,False,00000000-0000-0000-0000-00000000245b,1
9308,user_9308,2021-01-22,1647.34,False,00000000-0000-0000-0000-00000000245c,81
9309,user_9309,2021-01-22,3513.56,True,00000000-0000-0000-0000-00000000245d,93
9310,user_9310,2021-01-22,2648.66,True,00000000-0000-0000-0000-00000000245e,37
9311,user_9311,2021-01-22,3498.62,False,00000000-0000-0000-0000-00000000245f,55
9312,user_9312,2021-01-23,7083.24,False,00000000-0000-0000-0000-000000002460,4
9313,user_9313,2021-01-23,3678.47,True,00000000-0000-0000-0000-000000002461,45
9314,user_9314,2021-01-23,5552.63,False,00000000-0000-0000-0000-000000002462,10
9315,user_9315,2021-01-23,999.32,True,00000000-0000-0000-0000-000000002463,64
9316,user_9316,2021-01-23,8050.18,False,00000000-0000-0000-0000-000000002464,9
9317,user_9317,2021-01-23,3698.89,True,00000000-0000-0000-0000-000000002465,40
9318,user_9318,2021-01-23,6485.34,False,00000000-0000-0000-0000-000000002466,43
9319,user_9319,2021-01-23,7253.9,False,00000000-0000-0000-0000-000000002467,89
9320,user_9320,2021-01-23,2096.61,False,00000000-0000-0000-0000-000000002468,32
9321,user_9321,2021-01-23,8846.75,True,00000000-0000-0000-0000-000000002469,90
9322,user_9322,2021-01-23,6162.24,True,00000000-0000-0000-0000-00000000246a,55
9323,user_9323,2021-01-23,4287.25,True,00000000-0000-0000-0000-00000000246b,11
9324,user_9324,2021-01-23,1823.35,False,00000000-0000-0000-0000-00000000246c,1
9325,user_9325,2021-01-23,9423.01,False,00000000-0000-0000-0000-00000000246d,0
9326,user_9326,2021-01-23,7550.68,True,00000000-0000-0000-0000-00000000246e,64
9327,user_9327,2021-01-23,2080.25,True,00000000-0000-0000-0000-00000000246f,32
9328,user_9328,2021-01-23,3377.11,False,00000000-0000-0000-0000-000000002470,85
9329,user_9329,2021-01-23,8096.74,False,00000000-0000-0000-0000-000000002471,75
9330,user_9330,2021-01-23,6956.78,False,00000000-0000-0000-0000-000000002472,35
9331,user_9331,2021-01-23,7657.84,False,00000000-0000-0000-0000-000000002473,20
9332,user_9332,2021-01-23,4412.01,True,00000000-0000-0000-0000-000000002474,83
9333,user_9333,2021-01-23,7164.76,True,00000000-0000-0000-0000-000000002475,35
9334,user_9334,2021-01-23,3864.94,False,00000000-0000-0000-0000-000000002476,25
9335,user_9335,2021-01-23,2112.63,False,00000000-0000-0000-0000-000000002477,46
9336,user_9336,2021-01-24,6326.77,False,00000000-0000-0000-0000-000000002478,94
9337,user_9337,2021-01-24,9760.14,True,00000000-0000-0000-0000-000000002479,0
9338,user_9338,2021-01-24,3106.01,True,00000000-0000-0000-0000-00000000247a,37
9339,user_9339,2021-01-24,4609.7,False,00000000-0000-0000-0000-00000000247b,13
9340,user_9340,2021-01-24,6740.01,False,00000000-0000-0000-0000-00000000247c,89
9341,user_9341,2021-01-24,5415.06,False,00000000-0000-0000-0000-00000000247d,45
9342,user_9342,2021-01-24,8434.28,False,00000000-0000-0000-0000-00000000247e,41
9343,user_9343,2021-01-24,7617.43,False,00000000-0000-0000-0000-00000000247f,6
9344,user_9344,2021-01-24,582.97,False,00000000-0000-0000-0000-000000002480,54
9345,user_9345,2021-01-24,9984.21,True,00000000-0000-0000-0000-000000002481,55
9346,user_9346,2021-01-24,7524.02,True,00000000-0000-0000-0000-000000002482,75
9347,user_9347,2021-01-24,8639.03,True,00000000-0000-0000-0000-000000002483,62
9348,user_9348,2021-01-24,6511.98,False,00000000-0000-0000-0000-000000002484,23
9349,user_9349,2021-01-24,8562.85,False,00000000-0000-0000-0000-000000002485,82
9350,user_9350,2021-01-24,1123.83,False,00000000-0000-0000-0000-000000002486,72
9351,user_9351,2021-01-24,3477.38,True,00000000-0000-0000-0000-000000002487,98
9352,user_9352,2021-01-24,8764.21,False,00000000-0000-0000-0000-000000002488,3
9353,user_9353,2021-01-24,2016.55,True,00000000-0000-0000-0000-000000002489,41
9354,user_9354,2021-01-24,782.42,False,00000000-0000-0000-0000-00000000248a,95
9355,user_9355,2021-01-24,7881.19,False,00000000-0000-0000-0000-00000000248b,69
9356,user_9356,2021-01-24,8354.86,False,00000000-0000-0000-0000-00000000248c,27
9357,user_9357,2021-01-24,1626.52,True,00000000-0000-0000-0000-00000000248d,91
9358,user_9358,2021-01-24,8543.46,True,00000000-0000-0000-0000-00000000248e,39
9359,user_9359,2021-01-24,6867.68,True,00000000-0000-0000-0000-00000000248f,50
9360,user_9360,2021-01-25,5200.83,False,00000000-0000-0000-0000-000000002490,28
9361,user_9361,2021-01-25,8302.5,True,00000000-0000-0000-0000-000000002491,41
9362,user_9362,2021-01-25,4192.49,False,00000000-0000-0000-0000-000000002492,68
9363,user_9363,2021-01-25,1939.94,False,00000000-0000-0000-0000-000000002493,4
9364,user_9364,2021-01-25,2848.53,True,00000000-0000-0000-0000-000000002494,40
9365,user_9365,2021-01-25,5051.64,True,00000000-0000-0000-0000-000000002495,60
9366,user_9366,2021-01-25,5313.31,False,00000000-0000-0000-0000-000000002496,54
9367,user_9367,2021-01-25,8055.81,False,00000000-0000-0000-0000-000000002497,27
9368,user_9368,2021-01-25,7913.53,False,00000000-0000-0000-0000-000000002498,40
9369,user_9369,2021-01-25,5813.67,False,00000000-0000-0000-0000-000000002499,8
9370,user_9370,2021-01-25,7807.85,True,00000000-0000-0000-0000-00000000249a,28
9371,user_9371,2021-01-25,1917.73,True,00000000-0000-0000-0000-00000000249b,77
9372,user_9372,2021-01-25,500.65,True,00000000-0000-0000-0000-00000000249c,37
9373,user_9373,2021-01-25,8736.34,False,00000000-0000-0000-0000-00000000249d,61
9374,user_9374,2021-01-25,755.54,False,00000000-0000-0000-0000-00000000249e,53
9375,user_9375,2021-01-25,2466.88,False,00000000-0000-0000-0000-00000000249f,51
9376,user_9376,2021-01-25,6953.19,True,00000000-0000-0000-0000-0000000024a0,33
9377,user_9377,2021-01-25,4094.48,False,00000000-0000-0000-0000-0000000024a1,36
9378,user_9378,2021-01-25,8763.14,False,00000000-0000-0000-0000-0000000024a2,48
9379,user_9379,2021-01-25,2979.8,True,00000000-0000-0000-0000-0000000024a3,41
9380,user_9380,2021-01-25,118.71,True,00000000-0000-0000-0000-0000000024a4,13
9381,user_9381,2021-01-25,3006.56,False,00000000-0000-0000-0000-0000000024a5,81
9382,user_9382,2021-01-25,5780.75,True,00000000-0000-0000-0000-0000000024a6,32
9383,user_9383,2021-01-25,3759.38,False,00000000-0000-0000-0000-0000000024a7,97
9384,user_9384,2021-01-26,5348.73,True,00000000-0000-0000-0000-0000000024a8,91
9385,user_9385,2021-01-26,8765.98,False,00000000-0000-0000-0000-0000000024a9,99
9386,user_9386,2021-01-26,9124.85,True,00000000-0000-0000-0000-0000000024aa,86
9387,user_9387,2021-01-26,2659.74,True,00000000-0000-0000-0000-0000000024ab,16
9388,user_9388,2021-01-26,4621.4,True,00000000-0000-0000-0000-0000000024ac,74
9389,user_9389,2021-01-26,5491.44,True,00000000-0000-0000-0000-0000000024ad,31
9390,user_9390,2021-01-26,9491.12,False,00000000-0000-0000-0000-0000000024ae,78
9391,user_9391,2021-01-26,9986.17,False,00000000-0000-0000-0000-0000000024af,67
9392,user_9392,2021-01-26,2354.07,True,00000000-0000-0000-0000-0000000024b0,38
9393,user_9393,2021-01-26,7269.8,False,00000000-0000-0000-0000-0000000024b1,93
9394,user_9394,2021-01-26,3780.31,True,00000000-0000-0000-0000-0000000024b2,9
9395,user_9395,2021-01-26,81.08,True,00000000-0000-0000-0000-0000000024b3,86
9396,user_9396,2021-01-26,92.53,False,00000000-0000-0000-0000-0000000024b4,23
9397,user_9397,2021-01-26,4605.66,False,00000000-0000-0000-0000-0000000024b5,99
9398,user_9398,2021-01-26,4883.35,False,00000000-0000-0000-0000-0000000024b6,57
9399,user_9399,2021-01-26,225.7,False,00000000-0000-0000-0000-0000000024b7,68
9400,user_9400,2021-01-26,6869.27,False,00000000-0000-0000-0000-0000000024b8,63
9401,user_9401,2021-01-26,2940.03,False,00000000-0000-0000-0000-0000000024b9,18
9402,user_9402,2021-01-26,5598.93,False,00000000-0000-0000-0000-0000000024ba,7
9403,user_9403,2021-01-26,3009.19,True,00000000-0000-0000-0000-0000000024bb,70
9404,user_9404,2021-01-26,1671.34,False,00000000-0000-0000-0000-0000000024bc,39
9405,user_9405,2021-01-26,4071.74,True,00000000-0000-0000-0000-0000000024bd,12
9406,user_9406,2021-01-26,2322.73,False,00000000-0000-0000-0000-0000000024be,26
9407,user_9407,2021-01-26,5348.01,False,00000000-0000-0000-0000-0000000024bf,81
9408,user_9408,2021-01-27,1988.29,True,00000000-0000-0000-0000-0000000024c0,87
9409,user_9409,2021-01-27,5084.06,True,00000000-0000-0000-0000-0000000024c1,1
9410,user_9410,2021-01-27,1573.79,True,00000000-0000-0000-0000-0000000024c2,15
9411,user_9411,2021-01-27,6709.75,True,00000000-0000-0000-0000-0000000024c3,13
9412,user_9412,2021-01-27,7539.38,False,00000000-0000-0000-0000-0000000024c4,16
9413,user_9413,2021-01-27,1103.94,False,00000000-0000-0000-0000-0000000024c5,59
9414,user_9414,2021-01-27,4678.02,True,00000000-0000-0000-0000-0000000024c6,69
9415,user_9415,2021-01-27,708.72,True,00000000-0000-0000-0000-0000000024c7,98
9416,user_9416,2021-01-27,5981.82,False,00000000-0000-0000-0000-0000000024c8,16
9417,user_9417,2021-01-27,2644.04,False,00000000-0000-0000-0000-0000000024c9,44
9418,user_9418,2021-01-27,5276.24,True,00000000-0000-0000-0000-0000000024ca,37
9419,user_9419,2021-01-27,5174.61,False,00000000-0000-0000-0000-0000000024cb,63
9420,user_9420,2021-01-27,9243.54,False,00000000-0000-0000-0000-0000000024cc,5
9421,user_9421,2021-01-27,5490.83,True,00000000-0000-0000-0000-0000000024cd,59
9422,user_9422,2021-01-27,5829.98,True,00000000-0000-0000-0000-0000000024ce,48
9423,user_9423,2021-01-27,4016.53,True,00000000-0000-0000-0000-0000000024cf,20
9424,user_9424,2021-01-27,9490.8,True,00000000-0000-0000-0000-0000000024d0,98
9425,user_9425,2021-01-27,7771.86,False,00000000-0000-0000-0000-0000000024d1,22
9426,user_9426,2021-01-27,2854.05,True,00000000-0000-0000-0000-0000000024d2,75
9427,user_9427,2021-01-27,8442.1,False,00000000-0000-0000-0000-0000000024d3,56
9428,user_9428,2021-01-27,4323.96,False,00000000-0000-0000-0000-0000000024d4,63
9429,user_9429,2021-01-27,8286.67,False,00000000-0000-0000-0000-0000000024d5,28
9430,user_9430,2021-01-27,8228.88,False,00000000-0000-0000-0000-0000000024d6,26
9431,user_9431,2021-01-27,1888.7,True,00000000-0000-0000-0000-0000000024d7,5
9432,user_9432,2021-01-28,7011.41,False,00000000-0000-0000-0000-0000000024d8,20
9433,user_9433,2021-01-28,2906.43,True,00000000-0000-0000-0000-0000000024d9,70
9434,user_9434,2021-01-28,2974.93,False,00000000-0000-0000-0000-0000000024da,40
9435,user_9435,2021-01-28,2963.48,True,00000000-0000-0000-0000-0000000024db,79
9436,user_9436,2021-01-28,7255.68,False,00000000-0000-0000-0000-0000000024dc,4
9437,user_9437,2021-01-28,2298.26,False,00000000-0000-0000-0000-0000000024dd,14
9438,user_9438,2021-01-28,9.06,True,00000000-0000-0000-0000-0000000024de,20
9439,user_9439,2021-01-28,7152.37,True,00000000-0000-0000-0000-0000000024df,57
9440,user_9440,2021-01-28,1711.85,True,00000000-0000-0000-0000-0000000024e0,3
9441,user_9441,2021-01-28,1044.82,True,00000000-0000-0000-0000-0000000024e1,68
9442,user_9442,2021-01-28,2375.16,False,00000000-0000-0000-0000-0000000024e2,6
9443,user_9443,2021-01-28,3799.01,False,00000000-0000-0000-0000-0000000024e3,34
9444,user_9444,2021-01-28,4759.06,False,00000000-0000-0000-0000-0000000024e4,35
9445,user_9445,2021-01-28,445.7,False,00000000-0000-0000-0000-0000000024e5,14
9446,user_9446,2021-01-28,9705.73,False,00000000-0000-0000-0000-0000000024e6,91
9447,user_9447,2021-01-28,7160.63,True,00000000-0000-0000-0000-0000000024e7,1
9448,user_9448,2021-01-28,3231.94,True,00000000-0000-0000-0000-0000000024e8,56
9449,user_9449,2021-01-28,3186.97,False,00000000-0000-0000-0000-0000000024e9,4
9450,user_9450,2021-01-28,4485.43,True,00000000-0000-0000-0000-0000000024ea,70
9451,user_9451,2021-01-28,6262.45,False,00000000-0000-0000-0000-0000000024eb,85
9452,user_9452,2021-01-28,1463.73,False,00000000-0000-0000-0000-0000000024ec,94
9453,user_9453,2021-01-28,1889.3,True,00000000-0000-0000-0000-0000000024ed,31
9454,user_9454,2021-01-28,8594.35,False,00000000-0000-0000-0000-0000000024ee,71
9455,user_9455,2021-01-28,2562.55,True,00000000-0000-0000-0000-0000000024ef,40
9456,user_9456,2021-01-29,3801.95,False,00000000-0000-0000-0000-0000000024f0,41
9457,user_9457,2021-01-29,8712.72,True,00000000-0000-0000-0000-0000000024f1,74
9458,user_9458,2021-01-29,6631.48,False,00000000-0000-0000-0000-0000000024f2,64
9459,user_9459,2021-01-29,3417.12,False,00000000-0000-0000-0000-0000000024f3,39
9460,user_9460,2021-01-29,6837.0,True,00000000-0000-0000-0000-0000000024f4,82
9461,user_9461,2021-01-29,196.83,False,00000000-0000-0000-0000-0000000024f5,37
9462,user_9462,2021-01-29,7356.43,False,00000000-0000-0000-0000-0000000024f6,41
9463,user_9463,2021-01-29,4870.16,True,00000000-0000-0000-0000-0000000024f7,36
9464,user_9464,2021-01-29,8131.82,True,00000000-0000-0000-0000-0000000024f8,55
9465,user_9465,2021-01-29,9546.38,True,00000000-0000-0000-0000-0000000024f9,70
9466,user_9466,2021-01-29,9257.89,False,00000000-0000-0000-0000-0000000024fa,54
9467,user_9467,2021-01-29,9092.65,True,00000000-0000-0000-0000-0000000024fb,88
9468,user_9468,2021-01-29,5121.7,True,00000000-0000-0000-0000-0000000024fc,53
9469,user_9469,2021-01-29,3601.42,True,00000000-0000-0000-0000-0000000024fd,21
9470,user_9470,2021-01-29,4650.35,False,00000000-0000-0000-0000-0000000024fe,26
9471,user_9471,2021-01-29,6898.96,True,00000000-0000-0000-0000-0000000024ff,46
9472,user_9472,2021-01-29,8839.98,False,00000000-0000-0000-0000-000000002500,37
9473,user_9473,2021-01-29,2069.86,False,00000000-0000-0000-0000-000000002501,38
9474,user_9474,2021-01-29,9181.93,True,00000000-0000-0000-0000-000000002502,14
9475,user_9475,2021-01-29,8151.8,False,00000000-0000-0000-0000-000000002503,65
9476,user_9476,2021-01-29,9788.56,False,00000000-0000-0000-0000-000000002504,60
9477,user_9477,2021-01-29,8802.52,False,00000000-0000-0000-0000-000000002505,59
9478,user_9478,2021-01-29,2799.37,False,00000000-0000-0000-0000-000000002506,7
9479,user_9479,2021-01-29,1059.56,False,00000000-0000-0000-0000-000000002507,43
9480,user_9480,2021-01-30,1122.41,True,00000000-0000-0000-0000-000000002508,42
9481,user_9481,2021-01-30,2912.23,True,00000000-0000-0000-0000-000000002509,5
9482,user_9482,2021-01-30,6141.84,True,00000000-0000-0000-0000-00000000250a,83
9483,user_9483,2021-01-30,8043.2,False,00000000-0000-0000-0000-00000000250b,26
9484,user_9484,2021-01-30,8992.5,True,00000000-0000-0000-0000-00000000250c,44
9485,user_9485,2021-01-30,6237.53,False,00000000-0000-0000-0000-00000000250d,22
9486,user_9486,2021-01-30,56.31,False,00000000-0000-0000-0000-00000000250e,80
9487,user_9487,2021-01-30,1863.17,False,00000000-0000-0000-0000-00000000250f,12
9488,user_9488,2021-01-30,997.26,False,00000000-0000-0000-0000-000000002510,67
9489,user_9489,2021-01-30,3633.24,True,00000000-0000-0000-0000-000000002511,83
9490,user_9490,2021-01-30,5013.51,False,00000000-0000-0000-0000-000000002512,63
9491,user_9491,2021-01-30,433.97,True,00000000-0000-0000-0000-000000002513,24
9492,user_9492,2021-01-30,3484.78,True,00000000-0000-0000-0000-000000002514,85
9493,user_9493,2021-01-30,1791.8,False,00000000-0000-0000-0000-000000002515,51
9494,user_9494,2021-01-30,6470.7,True,00000000-0000-0000-0000-000000002516,47
9495,user_9495,2021-01-30,4642.72,True,00000000-0000-0000-0000-000000002517,60
9496,user_9496,2021-01-30,4953.18,True,00000000-0000-0000-0000-000000002518,16
9497,user_9497,2021-01-30,4276.92,False,00000000-0000-0000-0000-000000002519,39
9498,user_9498,2021-01-30,9560.2,False,00000000-0000-0000-0000-00000000251a,74
9499,user_9499,2021-01-30,2147.35,False,00000000-0000-0000-0000-00000000251b,88
9500,user_9500,2021-01-30,5166.64,True,00000000-0000-0000-0000-00000000251c,68
9501,user_9501,2021-01-30,7360.17,True,00000000-0000-0000-0000-00000000251d,84
9502,user_9502,2021-01-30,5568.44,False,00000000-0000-0000-0000-00000000251e,25
9503,user_9503,2021-01-30,9290.21,False,00000000-0000-0000-0000-00000000251f,79
9504,user_9504,2021-01-31,3779.68,True,00000000-0000-0000-0000-000000002520,55
9505,user_9505,2021-01-31,4636.76,False,00000000-0000-0000-0000-000000002521,39
9506,user_9506,2021-01-31,885.22,False,00000000-0000-0000-0000-000000002522,84
9507,user_9507,2021-01-31,6089.99,True,00000000-0000-0000-0000-000000002523,95
9508,user_9508,2021-01-31,2882.12,True,00000000-0000-0000-0000-000000002524,67
9509,user_9509,2021-01-31,1603.09,False,00000000-0000-0000-0000-000000002525,7
9510,user_9510,2021-01-31,5445.31,False,00000000-0000-0000-0000-000000002526,72
9511,user_9511,2021-01-31,5323.1,False,00000000-0000-0000-0000-000000002527,44
9512,user_9512,2021-01-31,758.72,False,00000000-0000-0000-0000-000000002528,16
9513,user_9513,2021-01-31,6982.15,True,00000000-0000-0000-0000-000000002529,40
9514,user_9514,2021-01-31,6237.72,False,00000000-0000-0000-0000-00000000252a,76
9515,user_9515,2021-01-31,1890.17,False,00000000-0000-0000-0000-00000000252b,8
9516,user_9516,2021-01-31,4694.35,True,00000000-0000-0000-0000-00000000252c,69
9517,user_9517,2021-01-31,7203.23,True,00000000-0000-0000-0000-00000000252d,90
9518,user_9518,2021-01-31,5294.36,True,00000000-0000-0000-0000-00000000252e,23
9519,user_9519,2021-01-31,3954.89,True,00000000-0000-0000-0000-00000000252f,72
9520,user_9520,2021-01-31,3223.38,True,00000000-0000-0000-0000-000000002530,10
9521,user_9521,2021-01-31,6103.94,True,00000000-0000-0000-0000-000000002531,34
9522,user_9522,2021-01-31,9391.09,True,00000000-0000-0000-0000-000000002532,28
9523,user_9523,2021-01-31,6717.45,False,00000000-0000-0000-0000-000000002533,7
9524,user_9524,2021-01-31,747.46,False,00000000-0000-0000-0000-000000002534,16
9525,user_9525,2021-01-31,4606.85,True,00000000-0000-0000-0000-000000002535,70
9526,user_9526,2021-01-31,8908.24,False,00000000-0000-0000-0000-000000002536,11
9527,user_9527,2021-01-31,944.62,False,00000000-0000-0000-0000-000000002537,78
9528,user_9528,2021-02-01,9888.76,True,00000000-0000-0000-0000-000000002538,92
9529,user_9529,2021-02-01,9490.69,True,00000000-0000-0000-0000-000000002539,49
9530,user_9530,2021-02-01,782.74,True,00000000-0000-0000-0000-00000000253a,23
9531,user_9531,2021-02-01,9334.13,True,00000000-0000-0000-0000-00000000253b,36
9532,user_9532,2021-02-01,3631.33,True,00000000-0000-0000-0000-00000000253c,77
9533,user_9533,2021-02-01,8447.09,False,00000000-0000-0000-0000-00000000253d,10
9534,user_9534,2021-02-01,4183.83,False,00000000-0000-0000-0000-00000000253e,98
9535,user_9535,2021-02-01,4408.55,True,00000000-0000-0000-0000-00000000253f,80
9536,user_9536,2021-02-01,6342.43,True,00000000-0000-0000-0000-000000002540,58
9537,user_9537,2021-02-01,7744.77,False,00000000-0000-0000-0000-000000002541,54
9538,user_9538,2021-02-01,337.89,False,00000000-0000-0000-0000-000000002542,26
9539,user_9539,2021-02-01,5931.56,False,00000000-0000-0000-0000-000000002543,66
9540,user_9540,2021-02-01,1867.33,True,00000000-0000-0000-0000-000000002544,59
9541,user_9541,2021-02-01,3459.5,True,00000000-0000-0000-0000-000000002545,1
9542,user_9542,2021-02-01,3479.69,False,00000000-0000-0000-0000-000000002546,67
9543,user_9543,2021-02-01,4690.6,True,00000000-0000-0000-0000-000000002547,17
9544,user_9544,2021-02-01,3341.36,False,00000000-0000-0000-0000-000000002548,19
9545,user_9545,2021-02-01,1073.61,True,00000000-0000-0000-0000-000000002549,84
9546,user_9546,2021-02-01,1456.29,True,00000000-0000-0000-0000-00000000254a,62
9547,user_9547,2021-02-01,334.38,False,00000000-0000-0000-0000-00000000254b,77
9548,user_9548,2021-02-01,4702.49,False,00000000-0000-0000-0000-00000000254c,71
9549,user_9549,2021-02-01,9544.48,True,00000000-0000-0000-0000-00000000254d,1
9550,user_9550,2021-02-01,1156.75,False,00000000-0000-0000-0000-00000000254e,89
9551,user_9551,2021-02-01,9462.64,True,00000000-0000-0000-0000-00000000254f,82
9552,user_9552,2021-02-02,7333.62,False,00000000-0000-0000-0000-000000002550,41
9553,user_9553,2021-02-02,6374.99,False,00000000-0000-0000-0000-000000002551,27
9554,user_9554,2021-02-02,6452.78,True,00000000-0000-0000-0000-000000002552,28
9555,user_9555,2021-02-02,8267.28,True,00000000-0000-0000-0000-000000002553,68
9556,user_9556,2021-02-02,1069.2,True,00000000-0000-0000-0000-000000002554,27
9557,user_9557,2021-02-02,5047.54,False,00000000-0000-0000-0000-000000002555,59
9558,user_9558,2021-02-02,6970.91,False,00000000-0000-0000-0000-000000002556,89
9559,user_9559,2021-02-02,5868.2,True,00000000-0000-0000-0000-000000002557,4
9560,user_9560,2021-02-02,8327.79,False,00000000-0000-0000-0000-000000002558,14
9561,user_9561,2021-02-02,722.72,True,00000000-0000-0000-0000-000000002559,72
9562,user_9562,2021-02-02,6907.01,True,00000000-0000-0000-0000-00000000255a,31
9563,user_9563,2021-02-02,5340.28,True,00000000-0000-0000-0000-00000000255b,51
9564,user_9564,2021-02-02,3791.61,True,00000000-0000-0000-0000-00000000255c,89
9565,user_9565,2021-02-02,3402.75,True,00000000-0000-0000-0000-00000000255d,36
9566,user_9566,2021-02-02,6208.33,False,00000000-0000-0000-0000-00000000255e,14
9567,user_9567,2021-02-02,8909.95,False,00000000-0000-0000-0000-00000000255f,40
9568,user_9568,2021-02-02,4961.76,True,00000000-0000-0000-0000-000000002560,3
9569,user_9569,2021-02-02,8247.23,False,00000000-0000-0000-0000-000000002561,52
9570,user_9570,2021-02-02,4021.56,True,00000000-0000-0000-0000-000000002562,99
9571,user_9571,2021-02-02,1023.94,False,00000000-0000-0000-0000-000000002563,83
9572,user_9572,2021-02-02,615.06,False,00000000-0000-0000-0000-000000002564,26
9573,user_9573,2021-02-02,513.34,True,00000000-0000-0000-0000-000000002565,20
9574,user_9574,2021-02-02,3801.5,False,00000000-0000-0000-0000-000000002566,59
9575,user_9575,2021-02-02,3372.38,True,00000000-0000-0000-0000-000000002567,85
9576,user_9576,2021-02-03,7179.37,False,00000000-0000-0000-0000-000000002568,63
9577,user_9577,2021-02-03,7428.22,True,00000000-0000-0000-0000-000000002569,70
9578,user_9578,2021-02-03,508.54,True,00000000-0000-0000-0000-00000000256a,46
9579,user_9579,2021-02-03,2211.23,True,00000000-0000-0000-0000-00000000256b,53
9580,user_9580,2021-02-03,2742.62,True,00000000-0000-0000-0000-00000000256c,30
9581,user_9581,2021-02-03,5476.12,True,00000000-0000-0000-0000-00000000256d,16
9582,user_9582,2021-02-03,1445.15,True,00000000-0000-0000-0000-00000000256e,49
9583,user_9583,2021-02-03,1339.41,False,00000000-0000-0000-0000-00000000256f,6
9584,user_9584,2021-02-03,9437.89,True,00000000-0000-0000-0000-000000002570,82
9585,user_9585,2021-02-03,8042.03,False,00000000-0000-0000-0000-000000002571,27
9586,user_9586,2021-02-03,1806.55,True,00000000-0000-0000-0000-000000002572,9
9587,user_9587,2021-02-03,4065.68,False,00000000-0000-0000-0000-000000002573,26
9588,user_9588,2021-02-03,3556.22,True,00000000-0000-0000-0000-000000002574,12
9589,user_9589,2021-02-03,7910.04,True,00000000-0000-0000-0000-000000002575,65
9590,user_9590,2021-02-03,5102.13,False,00000000-0000-0000-0000-000000002576,85
9591,user_9591,2021-02-03,1278.5,True,00000000-0000-0000-0000-000000002577,83
9592,user_9592,2021-02-03,7389.92,True,00000000-0000-0000-0000-000000002578,59
9593,user_9593,2021-02-03,3968.88,True,00000000-0000-0000-0000-000000002579,42
9594,user_9594,2021-02-03,2629.24,True,00000000-0000-0000-0000-00000000257a,68
9595,user_9595,2021-02-03,3754.99,False,00000000-0000-0000-0000-00000000257b,62
9596,user_9596,2021-02-03,4977.57,True,00000000-0000-0000-0000-00000000257c,69
9597,user_9597,2021-02-03,3431.16,False,00000000-0000-0000-0000-00000000257d,98
9598,user_9598,2021-02-03,2419.06,True,00000000-0000-0000-0000-00000000257e,64
9599,user_9599,2021-02-03,3985.02,True,00000000-0000-0000-0000-00000000257f,98
9600,user_9600,2021-02-04,191.73,True,00000000-0000-0000-0000-000000002580,66
9601,user_9601,2021-02-04,7724.98,True,00000000-0000-0000-0000-000000002581,53
9602,user_9602,2021-02-04,1709.45,False,00000000-0000-0000-0000-000000002582,35
9603,user_9603,2021-02-04,439.05,True,00000000-0000-0000-0000-000000002583,70
9604,user_9604,2021-02-04,6536.99,True,00000000-0000-0000-0000-000000002584,92
9605,user_9605,2021-02-04,7739.36,True,00000000-0000-0000-0000-000000002585,14
9606,user_9606,2021-02-04,8138.29,False,00000000-0000-0000-0000-000000002586,74
9607,user_9607,2021-02-04,4935.09,False,00000000-0000-0000-0000-000000002587,17
9608,user_9608,2021-02-04,2053.68,False,00000000-0000-0000-0000-000000002588,3
9609,user_9609,2021-02-04,7372.28,False,00000000-0000-0000-0000-000000002589,87
9610,user_9610,2021-02-04,6997.13,True,00000000-0000-0000-0000-00000000258a,10
9611,user_9611,2021-02-04,2462.71,True,00000000-0000-0000-0000-00000000258b,5
9612,user_9612,2021-02-04,9034.08,False,00000000-0000-0000-0000-00000000258c,50
9613,user_9613,2021-02-04,1043.71,True,00000000-0000-0000-0000-00000000258d,57
9614,user_9614,2021-02-04,9826.88,True,00000000-0000-0000-0000-00000000258e,59
9615,user_9615,2021-02-04,8602.48,False,00000000-0000-0000-0000-00000000258f,17
9616,user_9616,2021-02-04,6878.99,True,00000000-0000-0000-0000-000000002590,78
9617,user_9617,2021-02-04,9387.5,False,00000000-0000-0000-0000-000000002591,66
9618,user_9618,2021-02-04,7223.11,False,00000000-0000-0000-0000-000000002592,16
9619,user_9619,2021-02-04,1904.57,False,00000000-0000-0000-0000-000000002593,96
9620,user_9620,2021-02-04,4421.56,False,00000000-0000-0000-0000-000000002594,33
9621,user_9621,2021-02-04,715.03,False,00000000-0000-0000-0000-000000002595,29
9622,user_9622,2021-02-04,3896.57,False,00000000-0000-0000-0000-000000002596,18
9623,user_9623,2021-02-04,7416.03,True,00000000-0000-0000-0000-000000002597,8
9624,user_9624,2021-02-05,3864.43,True,00000000-0000-0000-0000-000000002598,39
9625,user_9625,2021-02-05,3302.94,True,00000000-0000-0000-0000-000000002599,43
9626,user_9626,2021-02-05,5953.56,False,00000000-0000-0000-0000-00000000259a,94
9627,user_9627,2021-02-05,8722.05,False,00000000-0000-0000-0000-00000000259b,58
9628,user_9628,2021-02-05,475.83,False,00000000-0000-0000-0000-00000000259c,90
9629,user_9629,2021-02-05,3854.7,True,00000000-0000-0000-0000-00000000259d,24
9630,user_9630,2021-02-05,1582.41,True,00000000-0000-0000-0000-00000000259e,70
9631,user_9631,2021-02-05,6953.54,False,00000000-0000-0000-0000-00000000259f,52
9632,user_9632,2021-02-05,1057.25,False,00000000-0000-0000-0000-0000000025a0,47
9633,user_9633,2021-02-05,6648.08,False,00000000-0000-0000-0000-0000000025a1,70
9634,user_9634,2021-02-05,2861.81,False,00000000-0000-0000-0000-0000000025a2,83
9635,user_9635,2021-02-05,1989.17,False,00000000-0000-0000-0000-0000000025a3,52
9636,user_9636,2021-02-05,9363.53,True,00000000-0000-0000-0000-0000000025a4,48
9637,user_9637,2021-02-05,185.25,False,00000000-0000-0000-0000-0000000025a5,42
9638,user_9638,2021-02-05,4377.77,False,00000000-0000-0000-0000-0000000025a6,99
9639,user_9639,2021-02-05,216.27,False,00000000-0000-0000-0000-0000000025a7,18
9640,user_9640,2021-02-05,4835.93,False,00000000-0000-0000-0000-0000000025a8,65
9641,user_9641,2021-02-05,5010.47,True,00000000-0000-0000-0000-0000000025a9,33
9642,user_9642,2021-02-05,3216.62,False,00000000-0000-0000-0000-0000000025aa,80
9643,user_9643,2021-02-05,1321.62,False,00000000-0000-0000-0000-0000000025ab,87
9644,user_9644,2021-02-05,3763.88,False,00000000-0000-0000-0000-0000000025ac,72
9645,user_9645,2021-02-05,6722.63,True,00000000-0000-0000-0000-0000000025ad,53
9646,user_9646,2021-02-05,7823.96,False,00000000-0000-0000-0000-0000000025ae,0
9647,user_9647,2021-02-05,5307.51,True,00000000-0000-0000-0000-0000000025af,91
9648,user_9648,2021-02-06,5898.34,False,00000000-0000-0000-0000-0000000025b0,54
9649,user_9649,2021-02-06,2006.16,False,00000000-0000-0000-0000-0000000025b1,14
9650,user_9650,2021-02-06,2873.3,False,00000000-0000-0000-0000-0000000025b2,84
9651,user_9651,2021-02-06,1618.96,False,00000000-0000-0000-0000-0000000025b3,14
9652,user_9652,2021-02-06,2492.95,False,00000000-0000-0000-0000-0000000025b4,22
9653,user_9653,2021-02-06,2248.87,False,00000000-0000-0000-0000-0000000025b5,65
9654,user_9654,2021-02-06,5194.49,False,00000000-0000-0000-0000-0000000025b6,45
9655,user_9655,2021-02-06,5626.89,False,00000000-0000-0000-0000-0000000025b7,99
9656,user_9656,2021-02-06,9449.47,False,00000000-0000-0000-0000-0000000025b8,8
9657,user_9657,2021-02-06,1955.71,True,00000000-0000-0000-0000-0000000025b9,65
9658,user_9658,2021-02-06,6416.76,True,00000000-0000-0000-0000-0000000025ba,65
9659,user_9659,2021-02-06,8172.59,True,00000000-0000-0000-0000-0000000025bb,17
9660,user_9660,2021-02-06,5602.41,True,00000000-0000-0000-0000-0000000025bc,16
9661,user_9661,2021-02-06,2550.04,False,00000000-0000-0000-0000-0000000025bd,71
9662,user_9662,2021-02-06,2625.5,False,00000000-0000-0000-0000-0000000025be,97
9663,user_9663,2021-02-06,392.53,True,00000000-0000-0000-0000-0000000025bf,33
9664,user_9664,2021-02-06,3054.44,True,00000000-0000-0000-0000-0000000025c0,68
9665,user_9665,2021-02-06,7446.04,True,00000000-0000-0000-0000-0000000025c1,63
9666,user_9666,2021-02-06,475.18,True,00000000-0000-0000-0000-0000000025c2,43
9667,user_9667,2021-02-06,2192.95,False,00000000-0000-0000-0000-0000000025c3,28
9668,user_9668,2021-02-06,7062.32,True,00000000-0000-0000-0000-0000000025c4,61
9669,user_9669,2021-02-06,7826.52,False,00000000-0000-0000-0000-0000000025c5,91
9670,user_9670,2021-02-06,4553.18,False,00000000-0000-0000-0000-0000000025c6,15
9671,user_9671,2021-02-06,6980.74,False,00000000-0000-0000-0000-0000000025c7,77
9672,user_9672,2021-02-07,3879.52,True,00000000-0000-0000-0000-0000000025c8,51
9673,user_9673,2021-02-07,1599.13,True,00000000-0000-0000-0000-0000000025c9,1
9674,user_9674,2021-02-07,3981.49,False,00000000-0000-0000-0000-0000000025ca,60
9675,user_9675,2021-02-07,5799.68,True,00000000-0000-0000-0000-0000000025cb,3
9676,user_9676,2021-02-07,9480.53,True,00000000-0000-0000-0000-0000000025cc,51
9677,user_9677,2021-02-07,687.51,False,00000000-0000-0000-0000-0000000025cd,40
9678,user_9678,2021-02-07,5073.94,False,00000000-0000-0000-0000-0000000025ce,51
9679,user_9679,2021-02-07,3289.2,True,00000000-0000-0000-0000-0000000025cf,30
9680,user_9680,2021-02-07,5083.12,False,00000000-0000-0000-0000-0000000025d0,25
9681,user_9681,2021-02-07,239.75,True,00000000-0000-0000-0000-0000000025d1,26
9682,user_9682,2021-02-07,3130.25,True,00000000-0000-0000-0000-0000000025d2,50
9683,user_9683,2021-02-07,8198.68,False,00000000-0000-0000-0000-0000000025d3,97
9684,user_9684,2021-02-07,5539.42,False,00000000-0000-0000-0000-0000000025d4,94
9685,user_9685,2021-02-07,4505.82,True,00000000-0000-0000-0000-0000000025d5,47
9686,user_9686,2021-02-07,2855.25,False,00000000-0000-0000-0000-0000000025d6,10
9687,user_9687,2021-02-07,2980.43,True,00000000-0000-0000-0000-0000000025d7,7
9688,user_9688,2021-02-07,3831.01,False,00000000-0000-0000-0000-0000000025d8,11
9689,user_9689,2021-02-07,8355.71,True,00000000-0000-0000-0000-0000000025d9,98
9690,user_9690,2021-02-07,9672.13,False,00000000-0000-0000-0000-0000000025da,44
9691,user_9691,2021-02-07,4386.55,True,00000000-0000-0000-0000-0000000025db,33
9692,user_9692,2021-02-07,3933.53,True,00000000-0000-0000-0000-0000000025dc,76
9693,user_9693,2021-02-07,8465.51,False,00000000-0000-0000-0000-0000000025dd,90
9694,user_9694,2021-02-07,4269.05,True,00000000-0000-0000-0000-0000000025de,71
9695,user_9695,2021-02-07,5520.18,True,00000000-0000-0000-0000-0000000025df,46
9696,user_9696,2021-02-08,2309.42,True,00000000-0000-0000-0000-0000000025e0,20
9697,user_9697,2021-02-08,7435.03,True,00000000-0000-0000-0000-0000000025e1,40
9698,user_9698,2021-02-08,5319.88,True,00000000-0000-0000-0000-0000000025e2,74
9699,user_9699,2021-02-08,8090.35,False,00000000-0000-0000-0000-0000000025e3,21
9700,user_9700,2021-02-08,7807.33,True,00000000-0000-0000-0000-0000000025e4,20
9701,user_9701,2021-02-08,2150.05,True,00000000-0000-0000-0000-0000000025e5,27
9702,user_9702,2021-02-08,7156.36,True,00000000-0000-0000-0000-0000000025e6,66
9703,user_9703,2021-02-08,8000.54,False,00000000-0000-0000-0000-0000000025e7,70
9704,user_9704,2021-02-08,3461.07,False,00000000-0000-0000-0000-0000000025e8,13
9705,user_9705,2021-02-08,1726.09,True,00000000-0000-0000-0000-0000000025e9,78
9706,user_9706,2021-02-08,26.32,True,00000000-0000-0000-0000-0000000025ea,72
9707,user_9707,2021-02-08,4509.04,False,00000000-0000-0000-0000-0000000025eb,51
9708,user_9708,2021-02-08,3524.33,False,00000000-0000-0000-0000-0000000025ec,42
9709,user_9709,2021-02-08,5549.1,True,00000000-0000-0000-0000-0000000025ed,70
9710,user_9710,2021-02-08,1880.41,False,00000000-0000-0000-0000-0000000025ee,75
9711,user_9711,2021-02-08,8596.66,True,00000000-0000-0000-0000-0000000025ef,18
9712,user_9712,2021-02-08,2577.55,True,00000000-0000-0000-0000-0000000025f0,26
9713,user_9713,2021-02-08,2264.3,True,00000000-0000-0000-0000-0000000025f1,17
9714,user_9714,2021-02-08,4807.14,False,00000000-0000-0000-0000-0000000025f2,12
9715,user_9715,2021-02-08,4988.51,True,00000000-0000-0000-0000-0000000025f3,0
9716,user_9716,2021-02-08,2150.85,True,00000000-0000-0000-0000-0000000025f4,84
9717,user_9717,2021-02-08,2718.61,False,00000000-0000-0000-0000-0000000025f5,33
9718,user_9718,2021-02-08,1697.05,True,00000000-0000-0000-0000-0000000025f6,12
9719,user_9719,2021-02-08,7184.6,True,00000000-0000-0000-0000-0000000025f7,50
9720,user_9720,2021-02-09,7700.89,True,00000000-0000-0000-0000-0000000025f8,86
9721,user_9721,2021-02-09,4623.28,False,00000000-0000-0000-0000-0000000025f9,0
9722,user_9722,2021-02-09,7140.87,False,00000000-0000-0000-0000-0000000025fa,86
9723,user_9723,2021-02-09,7359.35,True,00000000-0000-0000-0000-0000000025fb,27
9724,user_9724,2021-02-09,1382.76,False,00000000-0000-0000-0000-0000000025fc,31
9725,user_9725,2021-02-09,9661.78,True,00000000-0000-0000-0000-0000000025fd,71
9726,user_9726,2021-02-09,8210.32,True,00000000-0000-0000-0000-0000000025fe,54
9727,user_9727,2021-02-09,2044.83,False,00000000-0000-0000-0000-0000000025ff,25
9728,user_9728,2021-02-09,1861.65,False,00000000-0000-0000-0000-000000002600,13
9729,user_9729,2021-02-09,1256.61,True,00000000-0000-0000-0000-000000002601,87
9730,user_9730,2021-02-09,1383.79,False,00000000-0000-0000-0000-000000002602,92
9731,user_9731,2021-02-09,7481.62,False,00000000-0000-0000-0000-000000002603,67
9732,user_9732,2021-02-09,4696.54,False,00000000-0000-0000-0000-000000002604,62
9733,user_9733,2021-02-09,7829.34,True,00000000-0000-0000-0000-000000002605,81
9734,user_9734,2021-02-09,7462.55,True,00000000-0000-0000-0000-000000002606,13
9735,user_9735,2021-02-09,6046.13,False,00000000-0000-0000-0000-000000002607,26
9736,user_9736,2021-02-09,6863.67,True,00000000-0000-0000-0000-000000002608,40
9737,user_9737,2021-02-09,183.56,True,00000000-0000-0000-0000-000000002609,2
9738,user_9738,2021-02-09,3117.78,False,00000000-0000-0000-0000-00000000260a,93
9739,user_9739,2021-02-09,6378.22,True,00000000-0000-0000-0000-00000000260b,58
9740,user_9740,2021-02-09,93.45,False,00000000-0000-0000-0000-00000000260c,99
9741,user_9741,2021-02-09,329.77,True,00000000-0000-0000-0000-00000000260d,22
9742,user_9742,2021-02-09,8518.88,True,00000000-0000-0000-0000-00000000260e,17
9743,user_9743,2021-02-09,6840.25,False,00000000-0000-0000-0000-00000000260f,73
9744,user_9744,2021-02-10,2653.7,True,00000000-0000-0000-0000-000000002610,75
9745,user_9745,2021-02-10,6879.63,False,00000000-0000-0000-0000-000000002611,40
9746,user_9746,2021-02-10,7924.57,True,00000000-0000-0000-0000-000000002612,7
9747,user_9747,2021-02-10,3067.94,True,00000000-0000-0000-0000-000000002613,31
9748,user_9748,2021-02-10,360.37,True,00000000-0000-0000-0000-000000002614,80
9749,user_9749,2021-02-10,9327.79,False,00000000-0000-0000-0000-000000002615,40
9750,user_9750,2021-02-10,3451.8,True,00000000-0000-0000-0000-000000002616,44
9751,user_9751,2021-02-10,1064.82,True,00000000-0000-0000-0000-000000002617,77
9752,user_9752,2021-02-10,4918.57,False,00000000-0000-0000-0000-000000002618,8
9753,user_9753,2021-02-10,7684.68,False,00000000-0000-0000-0000-000000002619,89
9754,user_9754,2021-02-10,2216.47,True,00000000-0000-0000-0000-00000000261a,47
9755,user_9755,2021-02-10,2694.9,False,00000000-0000-0000-0000-00000000261b,23
9756,user_9756,2021-02-10,2427.15,False,00000000-0000-0000-0000-00000000261c,86
9757,user_9757,2021-02-10,9916.73,False,00000000-0000-0000-0000-00000000261d,94
9758,user_9758,2021-02-10,1974.04,False,00000000-0000-0000-0000-00000000261e,43
9759,user_9759,2021-02-10,5755.2,True,00000000-0000-0000-0000-00000000261f,57
9760,user_9760,2021-02-10,9252.65,False,00000000-0000-0000-0000-000000002620,65
9761,user_9761,2021-02-10,1468.97,True,00000000-0000-0000-0000-000000002621,17
9762,user_9762,2021-02-10,9708.54,True,00000000-0000-0000-0000-000000002622,79
9763,user_9763,2021-02-10,9474.77,True,00000000-0000-0000-0000-000000002623,28
9764,user_9764,2021-02-10,8845.72,False,00000000-0000-0000-0000-000000002624,74
9765,user_9765,2021-02-10,2145.57,False,00000000-0000-0000-0000-000000002625,1
9766,user_9766,2021-02-10,6340.55,True,00000000-0000-0000-0000-000000002626,77
9767,user_9767,2021-02-10,7608.91,True,00000000-0000-0000-0000-000000002627,67
9768,user_9768,2021-02-11,9860.28,False,00000000-0000-0000-0000-000000002628,97
9769,user_9769,2021-02-11,1804.24,False,00000000-0000-0000-0000-000000002629,38
9770,user_9770,2021-02-11,7660.26,True,00000000-0000-0000-0000-00000000262a,72
9771,user_9771,2021-02-11,3388.01,False,00000000-0000-0000-0000-00000000262b,40
9772,user_9772,2021-02-11,1756.26,False,00000000-0000-0000-0000-00000000262c,70
9773,user_9773,2021-02-11,4213.77,True,00000000-0000-0000-0000-00000000262d,80
9774,user_9774,2021-02-11,7938.36,False,00000000-0000-0000-0000-00000000262e,86
9775,user_9775,2021-02-11,4648.5,False,00000000-0000-0000-0000-00000000262f,74
9776,user_9776,2021-02-11,5375.23,True,00000000-0000-0000-0000-000000002630,21
9777,user_9777,2021-02-11,9951.59,False,00000000-0000-0000-0000-000000002631,81
9778,user_9778,2021-02-11,3991.09,True,00000000-0000-0000-0000-000000002632,48
9779,user_9779,2021-02-11,6154.01,False,00000000-0000-0000-0000-000000002633,27
9780,user_9780,2021-02-11,3652.44,True,00000000-0000-0000-0000-000000002634,15
9781,user_9781,2021-02-11,3927.86,False,00000000-0000-0000-0000-000000002635,67
9782,user_9782,2021-02-11,6956.41,True,00000000-0000-0000-0000-000000002636,61
9783,user_9783,2021-02-11,9378.87,False,00000000-0000-0000-0000-000000002637,35
9784,user_9784,2021-02-11,5423.59,False,00000000-0000-0000-0000-000000002638,21
9785,user_9785,2021-02-11,7684.0,False,00000000-0000-0000-0000-000000002639,10
9786,user_9786,2021-02-11,892.07,True,00000000-0000-0000-0000-00000000263a,84
9787,user_9787,2021-02-11,2111.58,False,00000000-0000-0000-0000-00000000263b,79
9788,user_9788,2021-02-11,5021.32,True,00000000-0000-0000-0000-00000000263c,41
9789,user_9789,2021-02-11,200.12,False,00000000-0000-0000-0000-00000000263d,54
9790,user_9790,2021-02-11,2528.55,False,00000000-0000-0000-0000-00000000263e,72
9791,user_9791,2021-02-11,5174.01,False,00000000-0000-0000-0000-00000000263f,34
9792,user_9792,2021-02-12,149.61,False,00000000-0000-0000-0000-000000002640,56
9793,user_9793,2021-02-12,2645.46,False,00000000-0000-0000-0000-000000002641,33
9794,user_9794,2021-02-12,5140.31,False,00000000-0000-0000-0000-000000002642,72
9795,user_9795,2021-02-12,5731.49,True,00000000-0000-0000-0000-000000002643,76
9796,user_9796,2021-02-12,9257.52,True,00000000-0000-0000-0000-000000002644,69
9797,user_9797,2021-02-12,6453.46,False,00000000-0000-0000-0000-000000002645,3
9798,user_9798,2021-02-12,4147.36,False,00000000-0000-0000-0000-000000002646,45
9799,user_9799,2021-02-12,9303.51,False,00000000-0000-0000-0000-000000002647,91
9800,user_9800,2021-02-12,7848.83,False,00000000-0000-0000-0000-000000002648,10
9801,user_9801,2021-02-12,2000.09,False,00000000-0000-0000-0000-000000002649,97
9802,user_9802,2021-02-12,1308.42,True,00000000-0000-0000-0000-00000000264a,60
9803,user_9803,2021-02-12,6758.12,False,00000000-0000-0000-0000-00000000264b,34
9804,user_9804,2021-02-12,5598.83,False,00000000-0000-0000-0000-00000000264c,68
9805,user_9805,2021-02-12,7896.74,True,00000000-0000-0000-0000-00000000264d,56
9806,user_9806,2021-02-12,7388.05,True,00000000-0000-0000-0000-00000000264e,10
9807,user_9807,2021-02-12,6252.12,True,00000000-0000-0000-0000-00000000264f,11
9808,user_9808,2021-02-12,9863.82,False,00000000-0000-0000-0000-000000002650,42
9809,user_9809,2021-02-12,5335.9,False,00000000-0000-0000-0000-000000002651,18
9810,user_9810,2021-02-12,1131.06,False,00000000-0000-0000-0000-000000002652,76
9811,user_9811,2021-02-12,8282.74,False,00000000-0000-0000-0000-000000002653,67
9812,user_9812,2021-02-12,2518.53,False,00000000-0000-0000-0000-000000002654,77
9813,user_9813,2021-02-12,7773.02,True,00000000-0000-0000-0000-000000002655,58
9814,user_9814,2021-02-12,9571.07,False,00000000-0000-0000-0000-000000002656,1
9815,user_9815,2021-02-12,6967.96,False,00000000-0000-0000-0000-000000002657,7
9816,user_9816,2021-02-13,5960.3,False,00000000-0000-0000-0000-000000002658,21
9817,user_9817,2021-02-13,4603.86,True,00000000-0000-0000-0000-000000002659,76
9818,user_9818,2021-02-13,3644.1,False,00000000-0000-0000-0000-00000000265a,20
9819,user_9819,2021-02-13,3530.05,False,00000000-0000-0000-0000-00000000265b,84
9820,user_9820,2021-02-13,6363.73,False,00000000-0000-0000-0000-00000000265c,91
9821,user_9821,2021-02-13,7512.73,False,00000000-0000-0000-0000-00000000265d,96
9822,user_9822,2021-02-13,6785.17,True,00000000-0000-0000-0000-00000000265e,28
9823,user_9823,2021-02-13,1984.1,True,00000000-0000-0000-0000-00000000265f,85
9824,user_9824,2021-02-13,4939.87,True,00000000-0000-0000-0000-000000002660,89
9825,user_9825,2021-02-13,7916.4,False,00000000-0000-0000-0000-000000002661,74
9826,user_9826,2021-02-13,4757.04,True,00000000-0000-0000-0000-000000002662,74
9827,user_9827,2021-02-13,5366.23,True,00000000-0000-0000-0000-000000002663,97
9828,user_9828,2021-02-13,7711.36,False,00000000-0000-0000-0000-000000002664,82
9829,user_9829,2021-02-13,6612.65,False,00000000-0000-0000-0000-000000002665,36
9830,user_9830,2021-02-13,4093.45,True,00000000-0000-0000-0000-000000002666,77
9831,user_9831,2021-02-13,8954.13,True,00000000-0000-0000-0000-000000002667,28
9832,user_9832,2021-02-13,1625.67,True,00000000-0000-0000-0000-000000002668,82
9833,user_9833,2021-02-13,9955.16,True,00000000-0000-0000-0000-000000002669,36
9834,user_9834,2021-02-13,1188.53,False,00000000-0000-0000-0000-00000000266a,20
9835,user_9835,2021-02-13,149.5,False,00000000-0000-0000-0000-00000000266b,87
9836,user_9836,2021-02-13,8900.19,True,00000000-0000-0000-0000-00000000266c,89
9837,user_9837,2021-02-13,2449.54,True,00000000-0000-0000-0000-00000000266d,11
9838,user_9838,2021-02-13,7297.0,True,00000000-0000-0000-0000-00000000266e,47
9839,user_9839,2021-02-13,8110.15,False,00000000-0000-0000-0000-00000000266f,82
9840,user_9840,2021-02-14,8589.86,False,00000000-0000-0000-0000-000000002670,46
9841,user_9841,2021-02-14,9915.94,False,00000000-0000-0000-0000-000000002671,93
9842,user_9842,2021-02-14,2940.4,True,00000000-0000-0000-0000-000000002672,14
9843,user_9843,2021-02-14,7102.43,False,00000000-0000-0000-0000-000000002673,66
9844,user_9844,2021-02-14,1154.0,True,00000000-0000-0000-0000-000000002674,12
9845,user_9845,2021-02-14,4068.09,True,00000000-0000-0000-0000-000000002675,58
9846,user_9846,2021-02-14,8479.72,False,00000000-0000-0000-0000-000000002676,72
9847,user_9847,2021-02-14,3676.58,True,00000000-0000-0000-0000-000000002677,12
9848,user_9848,2021-02-14,5910.95,False,00000000-0000-0000-0000-000000002678,79
9849,user_9849,2021-02-14,5037.73,False,00000000-0000-0000-0000-000000002679,77
9850,user_9850,2021-02-14,6459.52,True,00000000-0000-0000-0000-00000000267a,71
9851,user_9851,2021-02-14,9728.94,True,00000000-0000-0000-0000-00000000267b,18
9852,user_9852,2021-02-14,557.36,False,00000000-0000-0000-0000-00000000267c,56
9853,user_9853,2021-02-14,5739.62,False,00000000-0000-0000-0000-00000000267d,31
9854,user_9854,2021-02-14,8630.29,False,00000000-0000-0000-0000-00000000267e,98
9855,user_9855,2021-02-14,4813.83,False,00000000-0000-0000-0000-00000000267f,86
9856,user_9856,2021-02-14,785.27,False,00000000-0000-0000-0000-000000002680,20
9857,user_9857,2021-02-14,5605.39,False,00000000-0000-0000-0000-000000002681,81
9858,user_9858,2021-02-14,3320.74,False,00000000-0000-0000-0000-000000002682,13
9859,user_9859,2021-02-14,1549.42,True,00000000-0000-0000-0000-000000002683,79
9860,user_9860,2021-02-14,8490.35,False,00000000-0000-0000-0000-000000002684,23
9861,user_9861,2021-02-14,5216.0,True,00000000-0000-0000-0000-000000002685,48
9862,user_9862,2021-02-14,9332.76,True,00000000-0000-0000-0000-000000002686,31
9863,user_9863,2021-02-14,8060.17,False,00000000-0000-0000-0000-000000002687,74
9864,user_9864,2021-02-15,6929.72,False,00000000-0000-0000-0000-000000002688,10
9865,user_9865,2021-02-15,50.26,False,00000000-0000-0000-0000-000000002689,59
9866,user_9866,2021-02-15,4278.23,False,00000000-0000-0000-0000-00000000268a,67
9867,user_9867,2021-02-15,1974.86,False,00000000-0000-0000-0000-00000000268b,60
9868,user_9868,2021-02-15,9107.98,True,00000000-0000-0000-0000-00000000268c,89
9869,user_9869,2021-02-15,1745.84,True,00000000-0000-0000-0000-00000000268d,4
9870,user_9870,2021-02-15,2860.6,False,00000000-0000-0000-0000-00000000268e,35
9871,user_9871,2021-02-15,5168.37,False,00000000-0000-0000-0000-00000000268f,96
9872,user_9872,2021-02-15,2633.64,False,00000000-0000-0000-0000-000000002690,63
9873,user_9873,2021-02-15,2098.65,False,00000000-0000-0000-0000-000000002691,77
9874,user_9874,2021-02-15,5990.99,True,00000000-0000-0000-0000-000000002692,31
9875,user_9875,2021-02-15,889.3,True,00000000-0000-0000-0000-000000002693,70
9876,user_9876,2021-02-15,581.68,True,00000000-0000-0000-0000-000000002694,73
9877,user_9877,2021-02-15,3722.45,False,00000000-0000-0000-0000-000000002695,65
9878,user_9878,2021-02-15,7206.64,False,00000000-0000-0000-0000-000000002696,9
9879,user_9879,2021-02-15,5548.07,False,00000000-0000-0000-0000-000000002697,98
9880,user_9880,2021-02-15,4228.76,True,00000000-0000-0000-0000-000000002698,20
9881,user_9881,2021-02-15,5657.52,True,00000000-0000-0000-0000-000000002699,39
9882,user_9882,2021-02-15,3654.51,True,00000000-0000-0000-0000-00000000269a,41
9883,user_9883,2021-02-15,9361.46,False,00000000-0000-0000-0000-00000000269b,71
9884,user_9884,2021-02-15,549.05,True,00000000-0000-0000-0000-00000000269c,45
9885,user_9885,2021-02-15,6733.91,False,00000000-0000-0000-0000-00000000269d,81
9886,user_9886,2021-02-15,8912.83,True,00000000-0000-0000-0000-00000000269e,72
9887,user_9887,2021-02-15,8038.85,False,00000000-0000-0000-0000-00000000269f,40
9888,user_9888,2021-02-16,1840.41,False,00000000-0000-0000-0000-0000000026a0,93
9889,user_9889,2021-02-16,2959.26,False,00000000-0000-0000-0000-0000000026a1,3
9890,user_9890,2021-02-16,7170.48,False,00000000-0000-0000-0000-0000000026a2,98
9891,user_9891,2021-02-16,842.71,True,00000000-0000-0000-0000-0000000026a3,13
9892,user_9892,2021-02-16,8118.62,True,00000000-0000-0000-0000-0000000026a4,13
9893,user_9893,2021-02-16,7189.07,True,00000000-0000-0000-0000-0000000026a5,52
9894,user_9894,2021-02-16,7296.07,False,00000000-0000-0000-0000-0000000026a6,83
9895,user_9895,2021-02-16,1002.41,True,00000000-0000-0000-0000-0000000026a7,28
9896,user_9896,2021-02-16,7177.61,False,00000000-0000-0000-0000-0000000026a8,22
9897,user_9897,2021-02-16,6798.18,True,00000000-0000-0000-0000-0000000026a9,84
9898,user_9898,2021-02-16,8309.22,True,00000000-0000-0000-0000-0000000026aa,30
9899,user_9899,2021-02-16,415.96,False,00000000-0000-0000-0000-0000000026ab,95
9900,user_9900,2021-02-16,231.11,False,00000000-0000-0000-0000-0000000026ac,70
9901,user_9901,2021-02-16,3730.07,False,00000000-0000-0000-0000-0000000026ad,76
9902,user_9902,2021-02-16,1487.88,True,00000000-0000-0000-0000-0000000026ae,60
9903,user_9903,2021-02-16,5583.84,False,00000000-0000-0000-0000-0000000026af,22
9904,user_9904,2021-02-16,9173.49,True,00000000-0000-0000-0000-0000000026b0,7
9905,user_9905,2021-02-16,3914.8,True,00000000-0000-0000-0000-0000000026b1,75
9906,user_9906,2021-02-16,8449.5,True,00000000-0000-0000-0000-0000000026b2,99
9907,user_9907,2021-02-16,2.41,False,00000000-0000-0000-0000-0000000026b3,15
9908,user_9908,2021-02-16,1685.15,True,00000000-0000-0000-0000-0000000026b4,25
9909,user_9909,2021-02-16,304.24,False,00000000-0000-0000-0000-0000000026b5,28
9910,user_9910,2021-02-16,3281.47,False,00000000-0000-0000-0000-0000000026b6,92
9911,user_9911,2021-02-16,9081.9,True,00000000-0000-0000-0000-0000000026b7,5
9912,user_9912,2021-02-17,969.52,True,00000000-0000-0000-0000-0000000026b8,36
9913,user_9913,2021-02-17,6064.1,True,00000000-0000-0000-0000-0000000026b9,32
9914,user_9914,2021-02-17,4514.96,True,00000000-0000-0000-0000-0000000026ba,94
9915,user_9915,2021-02-17,9384.68,False,00000000-0000-0000-0000-0000000026bb,45
9916,user_9916,2021-02-17,1225.19,False,00000000-0000-0000-0000-0000000026bc,60
9917,user_9917,2021-02-17,2120.28,False,00000000-0000-0000-0000-0000000026bd,40
9918,user_9918,2021-02-17,295.42,False,00000000-0000-0000-0000-0000000026be,17
9919,user_9919,2021-02-17,4339.35,False,00000000-0000-0000-0000-0000000026bf,94
9920,user_9920,2021-02-17,2778.33,False,00000000-0000-0000-0000-0000000026c0,15
9921,user_9921,2021-02-17,8699.06,False,00000000-0000-0000-0000-0000000026c1,50
9922,user_9922,2021-02-17,6049.41,False,00000000-0000-0000-0000-0000000026c2,36
9923,user_9923,2021-02-17,6140.91,False,00000000-0000-0000-0000-0000000026c3,13
9924,user_9924,2021-02-17,5319.11,True,00000000-0000-0000-0000-0000000026c4,67
9925,user_9925,2021-02-17,918.5,True,00000000-0000-0000-0000-0000000026c5,29
9926,user_9926,2021-02-17,4450.19,False,00000000-0000-0000-0000-0000000026c6,59
9927,user_9927,2021-02-17,9995.05,False,00000000-0000-0000-0000-0000000026c7,52
9928,user_9928,2021-02-17,8352.29,True,00000000-0000-0000-0000-0000000026c8,96
9929,user_9929,2021-02-17,8934.59,True,00000000-0000-0000-0000-0000000026c9,35
9930,user_9930,2021-02-17,8232.26,True,00000000-0000-0000-0000-0000000026ca,29
9931,user_9931,2021-02-17,1030.42,False,00000000-0000-0000-0000-0000000026cb,63
9932,user_9932,2021-02-17,2274.48,True,00000000-0000-0000-0000-0000000026cc,13
9933,user_9933,2021-02-17,31.22,True,00000000-0000-0000-0000-0000000026cd,22
9934,user_9934,2021-02-17,3035.1,True,00000000-0000-0000-0000-0000000026ce,47
9935,user_9935,2021-02-17,1086.07,True,00000000-0000-0000-0000-0000000026cf,27
9936,user_9936,2021-02-18,4727.93,True,00000000-0000-0000-0000-0000000026d0,6
9937,user_9937,2021-02-18,6771.27,False,00000000-0000-0000-0000-0000000026d1,41
9938,user_9938,2021-02-18,8745.05,True,00000000-0000-0000-0000-0000000026d2,9
9939,user_9939,2021-02-18,7492.17,False,00000000-0000-0000-0000-0000000026d3,67
9940,user_9940,2021-02-18,9385.86,True,00000000-0000-0000-0000-0000000026d4,43
9941,user_9941,2021-02-18,538.98,True,00000000-0000-0000-0000-0000000026d5,12
9942,user_9942,2021-02-18,121.8,True,00000000-0000-0000-0000-0000000026d6,84
9943,user_9943,2021-02-18,6613.38,True,00000000-0000-0000-0000-0000000026d7,32
9944,user_9944,2021-02-18,2893.52,True,00000000-0000-0000-0000-0000000026d8,91
9945,user_9945,2021-02-18,2535.01,False,00000000-0000-0000-0000-0000000026d9,86
9946,user_9946,2021-02-18,3308.87,False,00000000-0000-0000-0000-0000000026da,31
9947,user_9947,2021-02-18,2697.96,False,00000000-0000-0000-0000-0000000026db,47
9948,user_9948,2021-02-18,5114.36,False,00000000-0000-0000-0000-0000000026dc,4
9949,user_9949,2021-02-18,4401.48,False,00000000-0000-0000-0000-0000000026dd,60
9950,user_9950,2021-02-18,5124.29,False,00000000-0000-0000-0000-0000000026de,89
9951,user_9951,2021-02-18,6727.14,False,00000000-0000-0000-0000-0000000026df,89
9952,user_9952,2021-02-18,3871.31,True,00000000-0000-0000-0000-0000000026e0,2
9953,user_9953,2021-02-18,2513.08,False,00000000-0000-0000-0000-0000000026e1,23
9954,user_9954,2021-02-18,1662.01,True,00000000-0000-0000-0000-0000000026e2,97
9955,user_9955,2021-02-18,3494.74,True,00000000-0000-0000-0000-0000000026e3,33
9956,user_9956,2021-02-18,7418.06,False,00000000-0000-0000-0000-0000000026e4,83
9957,user_9957,2021-02-18,7567.05,True,00000000-0000-0000-0000-0000000026e5,93
9958,user_9958,2021-02-18,6669.05,True,00000000-0000-0000-0000-0000000026e6,41
9959,user_9959,2021-02-18,2340.28,False,00000000-0000-0000-0000-0000000026e7,19
9960,user_9960,2021-02-19,5880.86,True,00000000-0000-0000-0000-0000000026e8,40
9961,user_9961,2021-02-19,5706.9,False,00000000-0000-0000-0000-0000000026e9,81
9962,user_9962,2021-02-19,4842.66,True,00000000-0000-0000-0000-0000000026ea,19
9963,user_9963,2021-02-19,5499.79,False,00000000-0000-0000-0000-0000000026eb,5
9964,user_9964,2021-02-19,4917.91,True,00000000-0000-0000-0000-0000000026ec,56
9965,user_9965,2021-02-19,5654.56,False,00000000-0000-0000-0000-0000000026ed,41
9966,user_9966,2021-02-19,7155.06,True,00000000-0000-0000-0000-0000000026ee,24
9967,user_9967,2021-02-19,1096.28,False,00000000-0000-0000-0000-0000000026ef,40
9968,user_9968,2021-02-19,7496.26,True,00000000-0000-0000-0000-0000000026f0,40
9969,user_9969,2021-02-19,1358.86,True,00000000-0000-0000-0000-0000000026f1,2
9970,user_9970,2021-02-19,666.28,False,00000000-0000-0000-0000-0000000026f2,42
9971,user_9971,2021-02-19,9760.8,True,00000000-0000-0000-0000-0000000026f3,45
9972,user_9972,2021-02-19,9569.92,False,00000000-0000-0000-0000-0000000026f4,56
9973,user_9973,2021-02-19,604.37,True,00000000-0000-0000-0000-0000000026f5,82
9974,user_9974,2021-02-19,4432.53,True,00000000-0000-0000-0000-0000000026f6,73
9975,user_9975,2021-02-19,1862.45,False,00000000-0000-0000-0000-0000000026f7,50
9976,user_9976,2021-02-19,4853.45,True,00000000-0000-0000-0000-0000000026f8,4
9977,user_9977,2021-02-19,8301.77,False,00000000-0000-0000-0000-0000000026f9,85
9978,user_9978,2021-02-19,9506.12,True,00000000-0000-0000-0000-0000000026fa,72
9979,user_9979,2021-02-19,6342.53,True,00000000-0000-0000-0000-0000000026fb,96
9980,user_9980,2021-02-19,3539.06,True,00000000-0000-0000-0000-0000000026fc,14
9981,user_9981,2021-02-19,6033.26,True,00000000-0000-0000-0000-0000000026fd,87
9982,user_9982,2021-02-19,3120.01,False,00000000-0000-0000-0000-0000000026fe,93
9983,user_9983,2021-02-19,9098.24,False,00000000-0000-0000-0000-0000000026ff,99
9984,user_9984,2021-02-20,8704.0,True,00000000-0000-0000-0000-000000002700,38
9985,user_9985,2021-02-20,5582.32,True,00000000-0000-0000-0000-000000002701,69
9986,user_9986,2021-02-20,3247.99,False,00000000-0000-0000-0000-000000002702,78
9987,user_9987,2021-02-20,2933.9,True,00000000-0000-0000-0000-000000002703,37
9988,user_9988,2021-02-20,334.18,False,00000000-0000-0000-0000-000000002704,38
9989,user_9989,2021-02-20,8158.21,True,00000000-0000-0000-0000-000000002705,51
9990,user_9990,2021-02-20,4503.83,True,00000000-0000-0000-0000-000000002706,85
9991,user_9991,2021-02-20,3251.33,False,00000000-0000-0000-0000-000000002707,2
9992,user_9992,2021-02-20,4711.1,True,00000000-0000-0000-0000-000000002708,28
9993,user_9993,2021-02-20,8187.38,False,00000000-0000-0000-0000-000000002709,92
9994,user_9994,2021-02-20,1246.14,False,00000000-0000-0000-0000-00000000270a,30
9995,user_9995,2021-02-20,8576.56,False,00000000-0000-0000-0000-00000000270b,65
9996,user_9996,2021-02-20,8975.09,False,00000000-0000-0000-0000-00000000270c,98
9997,user_9997,2021-02-20,9467.08,False,00000000-0000-0000-0000-00000000270d,44
9998,user_9998,2021-02-20,3974.88,False,00000000-0000-0000-0000-00000000270e,72
9999,user_9999,2021-02-20,2171.4,True,00000000-0000-0000-0000-00000000270f,21
